task_id	chrom	pos	start	end	child	father	mother	output_prefix
1	chr1	1885918	1885468	1886368	HG01891	HG01890	HG01889	task1_HG01891_HG01890_HG01889_chr1_1885918
2	chr1	1885918	1885468	1886368	HG03200	HG03199	HG03198	task2_HG03200_HG03199_HG03198_chr1_1885918
3	chr1	1885918	1885468	1886368	HG03368	HG03367	HG03366	task3_HG03368_HG03367_HG03366_chr1_1885918
4	chr1	1885918	1885468	1886368	NA18914	NA18913	NA18912	task4_NA18914_NA18913_NA18912_chr1_1885918
5	chr1	1885918	1885468	1886368	NA19132	NA19130	NA19131	task5_NA19132_NA19130_NA19131_chr1_1885918
6	chr1	1885918	1885468	1886368	NA19173	NA19171	NA19172	task6_NA19173_NA19171_NA19172_chr1_1885918
7	chr1	2335838	2335388	2336288	HG01897	HG02013	HG01896	task7_HG01897_HG02013_HG01896_chr1_2335838
8	chr1	2335838	2335388	2336288	HG01959	HG01986	HG01958	task8_HG01959_HG01986_HG01958_chr1_2335838
9	chr1	2335838	2335388	2336288	HG01987	HG01990	HG02012	task9_HG01987_HG01990_HG02012_chr1_2335838
10	chr1	2335838	2335388	2336288	HG03260	HG03258	HG03259	task10_HG03260_HG03258_HG03259_chr1_2335838
11	chr1	2335838	2335388	2336288	NA18503	NA18504	NA18505	task11_NA18503_NA18504_NA18505_chr1_2335838
12	chr1	2335838	2335388	2336288	NA19094	NA19092	NA19093	task12_NA19094_NA19092_NA19093_chr1_2335838
13	chr1	2335843	2335393	2336293	HG02590	HG02588	HG02589	task13_HG02590_HG02588_HG02589_chr1_2335843
14	chr1	2335843	2335393	2336293	HG02815	HG02813	HG02814	task14_HG02815_HG02813_HG02814_chr1_2335843
15	chr1	2335843	2335393	2336293	HG03065	HG03063	HG03064	task15_HG03065_HG03063_HG03064_chr1_2335843
16	chr1	2335843	2335393	2336293	HG03260	HG03258	HG03259	task16_HG03260_HG03258_HG03259_chr1_2335843
17	chr1	2335843	2335393	2336293	NA18911	NA18910	NA18909	task17_NA18911_NA18910_NA18909_chr1_2335843
18	chr1	2335843	2335393	2336293	NA19902	NA19900	NA19901	task18_NA19902_NA19900_NA19901_chr1_2335843
19	chr1	6789207	6788757	6789657	HG03248	HG03246	HG03247	task19_HG03248_HG03246_HG03247_chr1_6789207
20	chr1	6789207	6788757	6789657	NA19202	NA19200	NA19201	task20_NA19202_NA19200_NA19201_chr1_6789207
21	chr1	8026944	8026494	8027394	HG00703	HG00701	HG00702	task21_HG00703_HG00701_HG00702_chr1_8026944
22	chr1	8026944	8026494	8027394	HG02975	HG02973	HG02974	task22_HG02975_HG02973_HG02974_chr1_8026944
23	chr1	8026944	8026494	8027394	HG04184	HG04182	HG04183	task23_HG04184_HG04182_HG04183_chr1_8026944
24	chr1	8026944	8026494	8027394	NA19733	NA19732	NA19731	task24_NA19733_NA19732_NA19731_chr1_8026944
25	chr1	8220228	8219778	8220678	HG02451	HG02449	HG02450	task25_HG02451_HG02449_HG02450_chr1_8220228
26	chr1	8220228	8219778	8220678	HG02622	HG02620	HG02621	task26_HG02622_HG02620_HG02621_chr1_8220228
27	chr1	8220228	8219778	8220678	HG02841	HG02839	HG02840	task27_HG02841_HG02839_HG02840_chr1_8220228
28	chr1	8220228	8219778	8220678	HG03272	HG03271	HG03270	task28_HG03272_HG03271_HG03270_chr1_8220228
29	chr1	8220228	8219778	8220678	HG03540	HG03538	HG03539	task29_HG03540_HG03538_HG03539_chr1_8220228
30	chr1	8220228	8219778	8220678	NA18857	NA18856	NA18855	task30_NA18857_NA18856_NA18855_chr1_8220228
31	chr1	8220228	8219778	8220678	NA19109	NA19107	NA19108	task31_NA19109_NA19107_NA19108_chr1_8220228
32	chr1	8617396	8616946	8617846	HG02257	HG02255	HG02256	task32_HG02257_HG02255_HG02256_chr1_8617396
33	chr1	8617396	8616946	8617846	HG03137	HG03136	HG03135	task33_HG03137_HG03136_HG03135_chr1_8617396
34	chr1	8617396	8616946	8617846	NA18484	NA18486	NA18488	task34_NA18484_NA18486_NA18488_chr1_8617396
35	chr1	10059245	10058795	10059695	HG03272	HG03271	HG03270	task35_HG03272_HG03271_HG03270_chr1_10059245
36	chr1	10059245	10058795	10059695	HG03299	HG03298	HG03297	task36_HG03299_HG03298_HG03297_chr1_10059245
37	chr1	10783376	10782926	10783826	HG01172	HG01170	HG01171	task37_HG01172_HG01170_HG01171_chr1_10783376
38	chr1	10783376	10782926	10783826	HG02704	HG02702	HG02703	task38_HG02704_HG02702_HG02703_chr1_10783376
39	chr1	11152441	11151991	11152891	HG01960	HG01988	HG01989	task39_HG01960_HG01988_HG01989_chr1_11152441
40	chr1	11152441	11151991	11152891	HG03308	HG03307	HG03306	task40_HG03308_HG03307_HG03306_chr1_11152441
41	chr1	13560756	13560306	13561206	HG01106	HG01104	HG01105	task41_HG01106_HG01104_HG01105_chr1_13560756
42	chr1	13560756	13560306	13561206	NA18906	NA18877	NA18876	task42_NA18906_NA18877_NA18876_chr1_13560756
43	chr1	18005009	18004559	18005459	NA18872	NA18871	NA18870	task43_NA18872_NA18871_NA18870_chr1_18005009
44	chr1	19836415	19835965	19836865	HG03371	HG03370	HG03369	task44_HG03371_HG03370_HG03369_chr1_19836415
45	chr1	19836415	19835965	19836865	NA19120	NA19119	NA19116	task45_NA19120_NA19119_NA19116_chr1_19836415
46	chr1	20427695	20427245	20428145	HG02984	HG02982	HG02983	task46_HG02984_HG02982_HG02983_chr1_20427695
47	chr1	21741232	21740782	21741682	NA18518	NA18519	NA18520	task47_NA18518_NA18519_NA18520_chr1_21741232
48	chr1	23104934	23104484	23105384	HG02605	HG02603	HG02604	task48_HG02605_HG02603_HG02604_chr1_23104934
49	chr1	26488542	26488092	26488992	HG00438	HG00436	HG00437	task49_HG00438_HG00436_HG00437_chr1_26488542
50	chr1	26488542	26488092	26488992	HG02316	HG02317	HG02318	task50_HG02316_HG02317_HG02318_chr1_26488542
51	chr1	26488542	26488092	26488992	HG02726	HG02724	HG02725	task51_HG02726_HG02724_HG02725_chr1_26488542
52	chr1	26814646	26814196	26815096	HG01349	HG01347	HG01348	task52_HG01349_HG01347_HG01348_chr1_26814646
53	chr1	34323909	34323459	34324359	HG02584	HG02582	HG02583	task53_HG02584_HG02582_HG02583_chr1_34323909
54	chr1	34323909	34323459	34324359	NA18930	NA18917	NA18916	task54_NA18930_NA18917_NA18916_chr1_34323909
55	chr1	36715888	36715438	36716338	HG01496	HG01494	HG01495	task55_HG01496_HG01494_HG01495_chr1_36715888
56	chr1	39798063	39797613	39798513	HG01189	HG01187	HG01188	task56_HG01189_HG01187_HG01188_chr1_39798063
57	chr1	39798063	39797613	39798513	NA19097	NA19096	NA19095	task57_NA19097_NA19096_NA19095_chr1_39798063
58	chr1	39798063	39797613	39798513	NA19191	NA19189	NA19190	task58_NA19191_NA19189_NA19190_chr1_39798063
59	chr1	40606931	40606481	40607381	HG03164	HG03163	HG03162	task59_HG03164_HG03163_HG03162_chr1_40606931
60	chr1	42811154	42810704	42811604	HG03453	HG03451	HG03452	task60_HG03453_HG03451_HG03452_chr1_42811154
61	chr1	42811154	42810704	42811604	NA19174	NA19117	NA19118	task61_NA19174_NA19117_NA19118_chr1_42811154
62	chr1	42817611	42817161	42818061	HG03197	HG03196	HG03195	task62_HG03197_HG03196_HG03195_chr1_42817611
63	chr1	43328653	43328203	43329103	HG02321	HG02281	HG02282	task63_HG02321_HG02281_HG02282_chr1_43328653
64	chr1	43328653	43328203	43329103	HG02463	HG02461	HG02462	task64_HG02463_HG02461_HG02462_chr1_43328653
65	chr1	43328653	43328203	43329103	NA19983	NA19982	NA19713	task65_NA19983_NA19982_NA19713_chr1_43328653
66	chr1	43656653	43656203	43657103	HG03299	HG03298	HG03297	task66_HG03299_HG03298_HG03297_chr1_43656653
67	chr1	44753612	44753162	44754062	HG01687	HG01686	HG01685	task67_HG01687_HG01686_HG01685_chr1_44753612
68	chr1	50165702	50165252	50166152	HG03617	HG03615	HG03616	task68_HG03617_HG03615_HG03616_chr1_50165702
69	chr1	52389500	52389050	52389950	HG02132	HG02134	HG02133	task69_HG02132_HG02134_HG02133_chr1_52389500
70	chr1	53935553	53935103	53936003	HG02924	HG02923	HG02922	task70_HG02924_HG02923_HG02922_chr1_53935553
71	chr1	53935553	53935103	53936003	HG03522	HG03521	HG03520	task71_HG03522_HG03521_HG03520_chr1_53935553
72	chr1	55002897	55002447	55003347	HG01106	HG01104	HG01105	task72_HG01106_HG01104_HG01105_chr1_55002897
73	chr1	55002897	55002447	55003347	HG02237	HG02236	HG02235	task73_HG02237_HG02236_HG02235_chr1_55002897
74	chr1	58038425	58037975	58038875	NA19191	NA19189	NA19190	task74_NA19191_NA19189_NA19190_chr1_58038425
75	chr1	58482521	58482071	58482971	HG01667	HG01669	HG01668	task75_HG01667_HG01669_HG01668_chr1_58482521
76	chr1	62192168	62191718	62192618	NA10839	NA12005	NA12006	task76_NA10839_NA12005_NA12006_chr1_62192168
77	chr1	62192168	62191718	62192618	NA10855	NA11831	NA11832	task77_NA10855_NA11831_NA11832_chr1_62192168
78	chr1	63721550	63721100	63722000	NA19240	NA19239	NA19238	task78_NA19240_NA19239_NA19238_chr1_63721550
79	chr1	64512429	64511979	64512879	HG02978	HG02977	HG02976	task79_HG02978_HG02977_HG02976_chr1_64512429
80	chr1	64587983	64587533	64588433	HG01100	HG01247	HG01248	task80_HG01100_HG01247_HG01248_chr1_64587983
81	chr1	66045752	66045302	66046202	HG02321	HG02281	HG02282	task81_HG02321_HG02281_HG02282_chr1_66045752
82	chr1	66127190	66126740	66127640	HG03098	HG03096	HG03097	task82_HG03098_HG03096_HG03097_chr1_66127190
83	chr1	66958452	66958002	66958902	HG03584	HG03582	HG03583	task83_HG03584_HG03582_HG03583_chr1_66958452
84	chr1	67085879	67085429	67086329	HG00526	HG00524	HG00525	task84_HG00526_HG00524_HG00525_chr1_67085879
85	chr1	70461339	70460889	70461789	NA19775	NA19774	NA19773	task85_NA19775_NA19774_NA19773_chr1_70461339
86	chr1	72552895	72552445	72553345	NA10846	NA12144	NA12145	task86_NA10846_NA12144_NA12145_chr1_72552895
87	chr1	74442876	74442426	74443326	HG03101	HG03100	HG03099	task87_HG03101_HG03100_HG03099_chr1_74442876
88	chr1	75337161	75336711	75337611	HG01249	HG01110	HG01111	task88_HG01249_HG01110_HG01111_chr1_75337161
89	chr1	75563125	75562675	75563575	HG02495	HG02493	HG02494	task89_HG02495_HG02493_HG02494_chr1_75563125
90	chr1	76668674	76668224	76669124	HG02806	HG02804	HG02805	task90_HG02806_HG02804_HG02805_chr1_76668674
91	chr1	76668674	76668224	76669124	HG03516	HG03515	HG03514	task91_HG03516_HG03515_HG03514_chr1_76668674
92	chr1	78564388	78563938	78564838	HG01178	HG01176	HG01177	task92_HG01178_HG01176_HG01177_chr1_78564388
93	chr1	78564388	78563938	78564838	HG02258	HG02314	HG02315	task93_HG02258_HG02314_HG02315_chr1_78564388
94	chr1	78564388	78563938	78564838	HG03239	HG03237	HG03238	task94_HG03239_HG03237_HG03238_chr1_78564388
95	chr1	78564388	78563938	78564838	HG03651	HG03649	HG03650	task95_HG03651_HG03649_HG03650_chr1_78564388
96	chr1	78564388	78563938	78564838	NA18521	NA18522	NA18523	task96_NA18521_NA18522_NA18523_chr1_78564388
97	chr1	79001254	79000804	79001704	HG02630	HG02628	HG02629	task97_HG02630_HG02628_HG02629_chr1_79001254
98	chr1	79001254	79000804	79001704	NA19191	NA19189	NA19190	task98_NA19191_NA19189_NA19190_chr1_79001254
99	chr1	79067729	79067279	79068179	NA18854	NA18853	NA18852	task99_NA18854_NA18853_NA18852_chr1_79067729
100	chr1	80804324	80803874	80804774	HG03122	HG03120	HG03121	task100_HG03122_HG03120_HG03121_chr1_80804324
101	chr1	80804324	80803874	80804774	HG03200	HG03199	HG03198	task101_HG03200_HG03199_HG03198_chr1_80804324
102	chr1	84058413	84057963	84058863	HG02871	HG02869	HG02870	task102_HG02871_HG02869_HG02870_chr1_84058413
103	chr1	84638269	84637819	84638719	NA10856	NA11829	NA11830	task103_NA10856_NA11829_NA11830_chr1_84638269
104	chr1	85659541	85659091	85659991	HG03584	HG03582	HG03583	task104_HG03584_HG03582_HG03583_chr1_85659541
105	chr1	86468328	86467878	86468778	HG02257	HG02255	HG02256	task105_HG02257_HG02255_HG02256_chr1_86468328
106	chr1	92896374	92895924	92896824	HG02605	HG02603	HG02604	task106_HG02605_HG02603_HG02604_chr1_92896374
107	chr1	94639542	94639092	94639992	HG02761	HG02759	HG02760	task107_HG02761_HG02759_HG02760_chr1_94639542
108	chr1	97316513	97316063	97316963	HG01687	HG01686	HG01685	task108_HG01687_HG01686_HG01685_chr1_97316513
109	chr1	97316513	97316063	97316963	NA19784	NA19783	NA19782	task109_NA19784_NA19783_NA19782_chr1_97316513
110	chr1	99819194	99818744	99819644	HG02978	HG02977	HG02976	task110_HG02978_HG02977_HG02976_chr1_99819194
111	chr1	99819194	99818744	99819644	HG03170	HG03169	HG03168	task111_HG03170_HG03169_HG03168_chr1_99819194
112	chr1	99819194	99818744	99819644	NA19129	NA19128	NA19127	task112_NA19129_NA19128_NA19127_chr1_99819194
113	chr1	99933852	99933402	99934302	NA07348	NA07357	NA07345	task113_NA07348_NA07357_NA07345_chr1_99933852
114	chr1	99933852	99933402	99934302	NA10837	NA12272	NA12273	task114_NA10837_NA12272_NA12273_chr1_99933852
115	chr1	99997713	99997263	99998163	HG03272	HG03271	HG03270	task115_HG03272_HG03271_HG03270_chr1_99997713
116	chr1	100553820	100553370	100554270	HG01943	HG01941	HG01942	task116_HG01943_HG01941_HG01942_chr1_100553820
117	chr1	104103372	104102922	104103822	HG02587	HG02585	HG02586	task117_HG02587_HG02585_HG02586_chr1_104103372
118	chr1	104103372	104102922	104103822	HG02975	HG02973	HG02974	task118_HG02975_HG02973_HG02974_chr1_104103372
119	chr1	104103372	104102922	104103822	HG03296	HG03295	HG03294	task119_HG03296_HG03295_HG03294_chr1_104103372
120	chr1	104103372	104102922	104103822	NA19132	NA19130	NA19131	task120_NA19132_NA19130_NA19131_chr1_104103372
121	chr1	104103423	104102973	104103873	HG02761	HG02759	HG02760	task121_HG02761_HG02759_HG02760_chr1_104103423
122	chr1	104103423	104102973	104103873	NA19132	NA19130	NA19131	task122_NA19132_NA19130_NA19131_chr1_104103423
123	chr1	105309279	105308829	105309729	HG02975	HG02973	HG02974	task123_HG02975_HG02973_HG02974_chr1_105309279
124	chr1	105725107	105724657	105725557	HG04142	HG04140	HG04141	task124_HG04142_HG04140_HG04141_chr1_105725107
125	chr1	106056634	106056184	106057084	NA12801	NA12812	NA12813	task125_NA12801_NA12812_NA12813_chr1_106056634
126	chr1	106246809	106246359	106247259	HG02677	HG02675	HG02676	task126_HG02677_HG02675_HG02676_chr1_106246809
127	chr1	110005960	110005510	110006410	HG01358	HG01356	HG01357	task127_HG01358_HG01356_HG01357_chr1_110005960
128	chr1	111465205	111464755	111465655	NA18875	NA18874	NA18873	task128_NA18875_NA18874_NA18873_chr1_111465205
129	chr1	111797854	111797404	111798304	HG02729	HG02727	HG02728	task129_HG02729_HG02727_HG02728_chr1_111797854
130	chr1	112351678	112351228	112352128	NA19208	NA19207	NA19206	task130_NA19208_NA19207_NA19206_chr1_112351678
131	chr1	112973378	112972928	112973828	HG02704	HG02702	HG02703	task131_HG02704_HG02702_HG02703_chr1_112973378
132	chr1	112973378	112972928	112973828	NA18857	NA18856	NA18855	task132_NA18857_NA18856_NA18855_chr1_112973378
133	chr1	112973378	112972928	112973828	NA19781	NA19780	NA19779	task133_NA19781_NA19780_NA19779_chr1_112973378
134	chr1	113273726	113273276	113274176	HG01897	HG02013	HG01896	task134_HG01897_HG02013_HG01896_chr1_113273726
135	chr1	113273726	113273276	113274176	NA19145	NA19144	NA19143	task135_NA19145_NA19144_NA19143_chr1_113273726
136	chr1	116152691	116152241	116153141	HG01175	HG01173	HG01174	task136_HG01175_HG01173_HG01174_chr1_116152691
137	chr1	116152691	116152241	116153141	HG02809	HG02807	HG02808	task137_HG02809_HG02807_HG02808_chr1_116152691
138	chr1	116548673	116548223	116549123	HG03927	HG03926	HG03925	task138_HG03927_HG03926_HG03925_chr1_116548673
139	chr1	146829902	146829452	146830352	HG01998	HG02008	HG01997	task139_HG01998_HG02008_HG01997_chr1_146829902
140	chr1	146829902	146829452	146830352	HG02806	HG02804	HG02805	task140_HG02806_HG02804_HG02805_chr1_146829902
141	chr1	146829902	146829452	146830352	HG03516	HG03515	HG03514	task141_HG03516_HG03515_HG03514_chr1_146829902
142	chr1	146829902	146829452	146830352	NA18869	NA18868	NA18867	task142_NA18869_NA18868_NA18867_chr1_146829902
143	chr1	146829902	146829452	146830352	NA18930	NA18917	NA18916	task143_NA18930_NA18917_NA18916_chr1_146829902
144	chr1	146829902	146829452	146830352	NA19224	NA19226	NA19225	task144_NA19224_NA19226_NA19225_chr1_146829902
145	chr1	146829902	146829452	146830352	NA19249	NA19248	NA19247	task145_NA19249_NA19248_NA19247_chr1_146829902
146	chr1	150189096	150188646	150189546	HG03170	HG03169	HG03168	task146_HG03170_HG03169_HG03168_chr1_150189096
147	chr1	150189096	150188646	150189546	HG03248	HG03246	HG03247	task147_HG03248_HG03246_HG03247_chr1_150189096
148	chr1	150189096	150188646	150189546	HG03170	HG03169	HG03168	task148_HG03170_HG03169_HG03168_chr1_150189096
149	chr1	150189096	150188646	150189546	HG03248	HG03246	HG03247	task149_HG03248_HG03246_HG03247_chr1_150189096
150	chr1	154047240	154046790	154047690	HG02853	HG02851	HG02852	task150_HG02853_HG02851_HG02852_chr1_154047240
151	chr1	156220560	156220110	156221010	NA19240	NA19239	NA19238	task151_NA19240_NA19239_NA19238_chr1_156220560
152	chr1	157420276	157419826	157420726	HG02451	HG02449	HG02450	task152_HG02451_HG02449_HG02450_chr1_157420276
153	chr1	157725207	157724757	157725657	HG03197	HG03196	HG03195	task153_HG03197_HG03196_HG03195_chr1_157725207
154	chr1	159143056	159142606	159143506	HG03704	HG03702	HG03703	task154_HG03704_HG03702_HG03703_chr1_159143056
155	chr1	159237520	159237070	159237970	HG00741	HG00739	HG00740	task155_HG00741_HG00739_HG00740_chr1_159237520
156	chr1	160275603	160275153	160276053	NA19224	NA19226	NA19225	task156_NA19224_NA19226_NA19225_chr1_160275603
157	chr1	163045830	163045380	163046280	HG02463	HG02461	HG02462	task157_HG02463_HG02461_HG02462_chr1_163045830
158	chr1	163247465	163247015	163247915	HG02584	HG02582	HG02583	task158_HG02584_HG02582_HG02583_chr1_163247465
159	chr1	163713215	163712765	163713665	HG02575	HG02573	HG02574	task159_HG02575_HG02573_HG02574_chr1_163713215
160	chr1	163803563	163803113	163804013	HG02975	HG02973	HG02974	task160_HG02975_HG02973_HG02974_chr1_163803563
161	chr1	164148354	164147904	164148804	HG01987	HG01990	HG02012	task161_HG01987_HG01990_HG02012_chr1_164148354
162	chr1	164148354	164147904	164148804	HG02677	HG02675	HG02676	task162_HG02677_HG02675_HG02676_chr1_164148354
163	chr1	166636475	166636025	166636925	NA18863	NA18862	NA18861	task163_NA18863_NA18862_NA18861_chr1_166636475
164	chr1	168725268	168724818	168725718	HG01993	HG01991	HG01992	task164_HG01993_HG01991_HG01992_chr1_168725268
165	chr1	170514436	170513986	170514886	NA10836	NA12274	NA12275	task165_NA10836_NA12274_NA12275_chr1_170514436
166	chr1	170626220	170625770	170626670	HG02880	HG02878	HG02879	task166_HG02880_HG02878_HG02879_chr1_170626220
167	chr1	174051846	174051396	174052296	HG01071	HG01069	HG01070	task167_HG01071_HG01069_HG01070_chr1_174051846
168	chr1	176200705	176200255	176201155	HG02889	HG02887	HG02888	task168_HG02889_HG02887_HG02888_chr1_176200705
169	chr1	176661932	176661482	176662382	NA19224	NA19226	NA19225	task169_NA19224_NA19226_NA19225_chr1_176661932
170	chr1	180672809	180672359	180673259	HG02027	HG02029	HG02028	task170_HG02027_HG02029_HG02028_chr1_180672809
171	chr1	180672809	180672359	180673259	HG02080	HG02082	HG02081	task171_HG02080_HG02082_HG02081_chr1_180672809
172	chr1	181938863	181938413	181939313	NA10863	NA12264	NA12234	task172_NA10863_NA12264_NA12234_chr1_181938863
173	chr1	185620058	185619608	185620508	HG01138	HG01136	HG01137	task173_HG01138_HG01136_HG01137_chr1_185620058
174	chr1	185709976	185709526	185710426	NA19221	NA19223	NA19222	task174_NA19221_NA19223_NA19222_chr1_185709976
175	chr1	187843286	187842836	187843736	HG01261	HG01259	HG01260	task175_HG01261_HG01259_HG01260_chr1_187843286
176	chr1	188347540	188347090	188347990	HG02575	HG02573	HG02574	task176_HG02575_HG02573_HG02574_chr1_188347540
177	chr1	188860784	188860334	188861234	NA19177	NA19175	NA19176	task177_NA19177_NA19175_NA19176_chr1_188860784
178	chr1	190555061	190554611	190555511	HG02698	HG02696	HG02697	task178_HG02698_HG02696_HG02697_chr1_190555061
179	chr1	190643295	190642845	190643745	NA19191	NA19189	NA19190	task179_NA19191_NA19189_NA19190_chr1_190643295
180	chr1	191009831	191009381	191010281	HG03626	HG03624	HG03625	task180_HG03626_HG03624_HG03625_chr1_191009831
181	chr1	193580525	193580075	193580975	HG01367	HG01365	HG01366	task181_HG01367_HG01365_HG01366_chr1_193580525
182	chr1	194678120	194677670	194678570	HG02984	HG02982	HG02983	task182_HG02984_HG02982_HG02983_chr1_194678120
183	chr1	195177517	195177067	195177967	HG00567	HG00565	HG00566	task183_HG00567_HG00565_HG00566_chr1_195177517
184	chr1	195825863	195825413	195826313	HG02892	HG02890	HG02891	task184_HG02892_HG02890_HG02891_chr1_195825863
185	chr1	198946254	198945804	198946704	NA19211	NA19210	NA19209	task185_NA19211_NA19210_NA19209_chr1_198946254
186	chr1	200817253	200816803	200817703	HG02729	HG02727	HG02728	task186_HG02729_HG02727_HG02728_chr1_200817253
187	chr1	200817253	200816803	200817703	HG02785	HG02783	HG02784	task187_HG02785_HG02783_HG02784_chr1_200817253
188	chr1	200817253	200816803	200817703	HG03305	HG03304	HG03303	task188_HG03305_HG03304_HG03303_chr1_200817253
189	chr1	200817253	200816803	200817703	NA18860	NA18859	NA18858	task189_NA18860_NA18859_NA18858_chr1_200817253
190	chr1	200817253	200816803	200817703	NA19094	NA19092	NA19093	task190_NA19094_NA19092_NA19093_chr1_200817253
191	chr1	202895913	202895463	202896363	HG02856	HG02854	HG02855	task191_HG02856_HG02854_HG02855_chr1_202895913
192	chr1	204355627	204355177	204356077	NA10856	NA11829	NA11830	task192_NA10856_NA11829_NA11830_chr1_204355627
193	chr1	206069713	206069263	206070163	HG01517	HG01515	HG01516	task193_HG01517_HG01515_HG01516_chr1_206069713
194	chr1	206524704	206524254	206525154	HG02229	HG02231	HG02230	task194_HG02229_HG02231_HG02230_chr1_206524704
195	chr1	207040549	207040099	207040999	HG01496	HG01494	HG01495	task195_HG01496_HG01494_HG01495_chr1_207040549
196	chr1	212071822	212071372	212072272	HG04157	HG04155	HG04156	task196_HG04157_HG04155_HG04156_chr1_212071822
197	chr1	212970546	212970096	212970996	HG03170	HG03169	HG03168	task197_HG03170_HG03169_HG03168_chr1_212970546
198	chr1	217298834	217298384	217299284	HG03191	HG03190	HG03189	task198_HG03191_HG03190_HG03189_chr1_217298834
199	chr1	218196259	218195809	218196709	HG02764	HG02762	HG02763	task199_HG02764_HG02762_HG02763_chr1_218196259
200	chr1	220706413	220705963	220706863	NA18860	NA18859	NA18858	task200_NA18860_NA18859_NA18858_chr1_220706413
201	chr1	222110547	222110097	222110997	HG01888	HG01882	HG01883	task201_HG01888_HG01882_HG01883_chr1_222110547
202	chr1	226034289	226033839	226034739	HG02650	HG02648	HG02649	task202_HG02650_HG02648_HG02649_chr1_226034289
203	chr1	229095402	229094952	229095852	HG01949	HG01947	HG01948	task203_HG01949_HG01947_HG01948_chr1_229095402
204	chr1	230127555	230127105	230128005	NA19186	NA19184	NA19185	task204_NA19186_NA19184_NA19185_chr1_230127555
205	chr1	239729748	239729298	239730198	HG03029	HG03027	HG03028	task205_HG03029_HG03027_HG03028_chr1_239729748
206	chr1	241298255	241297805	241298705	NA20129	NA19920	NA19921	task206_NA20129_NA19920_NA19921_chr1_241298255
207	chr1	244338718	244338268	244339168	HG01916	HG01914	HG01915	task207_HG01916_HG01914_HG01915_chr1_244338718
208	chr1	244970649	244970199	244971099	HG02980	HG02981	HG02979	task208_HG02980_HG02981_HG02979_chr1_244970649
209	chr1	244970649	244970199	244971099	HG03119	HG03118	HG03117	task209_HG03119_HG03118_HG03117_chr1_244970649
210	chr1	244970649	244970199	244971099	NA18863	NA18862	NA18861	task210_NA18863_NA18862_NA18861_chr1_244970649
211	chr1	244970649	244970199	244971099	NA18869	NA18868	NA18867	task211_NA18869_NA18868_NA18867_chr1_244970649
212	chr1	244970649	244970199	244971099	NA19148	NA19146	NA19147	task212_NA19148_NA19146_NA19147_chr1_244970649
213	chr1	244970649	244970199	244971099	NA19221	NA19223	NA19222	task213_NA19221_NA19223_NA19222_chr1_244970649
214	chr1	245924998	245924548	245925448	HG02812	HG02810	HG02811	task214_HG02812_HG02810_HG02811_chr1_245924998
215	chr1	245924998	245924548	245925448	NA19154	NA19153	NA19152	task215_NA19154_NA19153_NA19152_chr1_245924998
216	chr1	246627930	246627480	246628380	HG02815	HG02813	HG02814	task216_HG02815_HG02813_HG02814_chr1_246627930
217	chr1	246627930	246627480	246628380	NA10839	NA12005	NA12006	task217_NA10839_NA12005_NA12006_chr1_246627930
218	chr1	246627930	246627480	246628380	NA19202	NA19200	NA19201	task218_NA19202_NA19200_NA19201_chr1_246627930
219	chr1	247462563	247462113	247463013	NA19145	NA19144	NA19143	task219_NA19145_NA19144_NA19143_chr1_247462563
220	chr1	248195365	248194915	248195815	NA19097	NA19096	NA19095	task220_NA19097_NA19096_NA19095_chr1_248195365
221	chr1	248874960	248874510	248875410	HG01960	HG01988	HG01989	task221_HG01960_HG01988_HG01989_chr1_248874960
222	chr10	2430348	2429898	2430798	NA18484	NA18486	NA18488	task222_NA18484_NA18486_NA18488_chr10_2430348
223	chr10	3341980	3341530	3342430	HG01987	HG01990	HG02012	task223_HG01987_HG01990_HG02012_chr10_3341980
224	chr10	3476906	3476456	3477356	HG01074	HG01072	HG01073	task224_HG01074_HG01072_HG01073_chr10_3476906
225	chr10	3476906	3476456	3477356	NA10860	NA11992	NA11993	task225_NA10860_NA11992_NA11993_chr10_3476906
226	chr10	5267483	5267033	5267933	HG03101	HG03100	HG03099	task226_HG03101_HG03100_HG03099_chr10_5267483
227	chr10	6834943	6834493	6835393	HG01897	HG02013	HG01896	task227_HG01897_HG02013_HG01896_chr10_6834943
228	chr10	6836671	6836221	6837121	HG02514	HG02512	HG02513	task228_HG02514_HG02512_HG02513_chr10_6836671
229	chr10	8022745	8022295	8023195	HG01355	HG01353	HG01354	task229_HG01355_HG01353_HG01354_chr10_8022745
230	chr10	8022745	8022295	8023195	HG02806	HG02804	HG02805	task230_HG02806_HG02804_HG02805_chr10_8022745
231	chr10	8022745	8022295	8023195	HG02972	HG02971	HG02970	task231_HG02972_HG02971_HG02970_chr10_8022745
232	chr10	8535113	8534663	8535563	NA18930	NA18917	NA18916	task232_NA18930_NA18917_NA18916_chr10_8535113
233	chr10	8794464	8794014	8794914	HG01135	HG01133	HG01134	task233_HG01135_HG01133_HG01134_chr10_8794464
234	chr10	13165912	13165462	13166362	HG03035	HG03033	HG03034	task234_HG03035_HG03033_HG03034_chr10_13165912
235	chr10	13165912	13165462	13166362	NA19161	NA19160	NA19159	task235_NA19161_NA19160_NA19159_chr10_13165912
236	chr10	13165912	13165462	13166362	NA19240	NA19239	NA19238	task236_NA19240_NA19239_NA19238_chr10_13165912
237	chr10	15170041	15169591	15170491	HG02880	HG02878	HG02879	task237_HG02880_HG02878_HG02879_chr10_15170041
238	chr10	15905213	15904763	15905663	HG03576	HG03574	HG03575	task238_HG03576_HG03574_HG03575_chr10_15905213
239	chr10	15953537	15953087	15953987	NA06997	NA06986	NA07045	task239_NA06997_NA06986_NA07045_chr10_15953537
240	chr10	17449095	17448645	17449545	HG02451	HG02449	HG02450	task240_HG02451_HG02449_HG02450_chr10_17449095
241	chr10	24411296	24410846	24411746	HG03125	HG03124	HG03123	task241_HG03125_HG03124_HG03123_chr10_24411296
242	chr10	28364997	28364547	28365447	HG02463	HG02461	HG02462	task242_HG02463_HG02461_HG02462_chr10_28364997
243	chr10	30240858	30240408	30241308	HG03350	HG03352	HG03351	task243_HG03350_HG03352_HG03351_chr10_30240858
244	chr10	30961933	30961483	30962383	HG01508	HG01506	HG01507	task244_HG01508_HG01506_HG01507_chr10_30961933
245	chr10	31452032	31451582	31452482	HG02622	HG02620	HG02621	task245_HG02622_HG02620_HG02621_chr10_31452032
246	chr10	33871002	33870552	33871452	NA19115	NA19113	NA19114	task246_NA19115_NA19113_NA19114_chr10_33871002
247	chr10	38524215	38523765	38524665	HG01949	HG01947	HG01948	task247_HG01949_HG01947_HG01948_chr10_38524215
248	chr10	38524215	38523765	38524665	HG04160	HG04158	HG04159	task248_HG04160_HG04158_HG04159_chr10_38524215
249	chr10	44113302	44112852	44113752	NA19103	NA19101	NA19102	task249_NA19103_NA19101_NA19102_chr10_44113302
250	chr10	45541681	45541231	45542131	HG03453	HG03451	HG03452	task250_HG03453_HG03451_HG03452_chr10_45541681
251	chr10	45909506	45909056	45909956	HG03584	HG03582	HG03583	task251_HG03584_HG03582_HG03583_chr10_45909506
252	chr10	45909506	45909056	45909956	NA20279	NA20278	NA20282	task252_NA20279_NA20278_NA20282_chr10_45909506
253	chr10	49510893	49510443	49511343	HG03131	HG03130	HG03129	task253_HG03131_HG03130_HG03129_chr10_49510893
254	chr10	49890971	49890521	49891421	HG00477	HG00475	HG00476	task254_HG00477_HG00475_HG00476_chr10_49890971
255	chr10	49890971	49890521	49891421	NA18860	NA18859	NA18858	task255_NA18860_NA18859_NA18858_chr10_49890971
256	chr10	52402676	52402226	52403126	HG03131	HG03130	HG03129	task256_HG03131_HG03130_HG03129_chr10_52402676
257	chr10	54458311	54457861	54458761	HG02055	HG02053	HG02054	task257_HG02055_HG02053_HG02054_chr10_54458311
258	chr10	54741170	54740720	54741620	NA10865	NA11891	NA11892	task258_NA10865_NA11891_NA11892_chr10_54741170
259	chr10	54804945	54804495	54805395	HG03251	HG03249	HG03250	task259_HG03251_HG03249_HG03250_chr10_54804945
260	chr10	55643424	55642974	55643874	HG00480	HG00478	HG00479	task260_HG00480_HG00478_HG00479_chr10_55643424
261	chr10	56361746	56361296	56362196	HG03050	HG03048	HG03049	task261_HG03050_HG03048_HG03049_chr10_56361746
262	chr10	59318207	59317757	59318657	HG02622	HG02620	HG02621	task262_HG02622_HG02620_HG02621_chr10_59318207
263	chr10	59318207	59317757	59318657	HG03116	HG03115	HG03114	task263_HG03116_HG03115_HG03114_chr10_59318207
264	chr10	60474863	60474413	60475313	HG00420	HG00418	HG00419	task264_HG00420_HG00418_HG00419_chr10_60474863
265	chr10	64743518	64743068	64743968	HG02300	HG02299	HG02298	task265_HG02300_HG02299_HG02298_chr10_64743518
266	chr10	66208567	66208117	66209017	HG02280	HG02307	HG02308	task266_HG02280_HG02307_HG02308_chr10_66208567
267	chr10	66589979	66589529	66590429	NA19733	NA19732	NA19731	task267_NA19733_NA19732_NA19731_chr10_66589979
268	chr10	66621478	66621028	66621928	HG01114	HG01112	HG01113	task268_HG01114_HG01112_HG01113_chr10_66621478
269	chr10	66621478	66621028	66621928	HG01379	HG01377	HG01378	task269_HG01379_HG01377_HG01378_chr10_66621478
270	chr10	66621478	66621028	66621928	NA19730	NA19729	NA19728	task270_NA19730_NA19729_NA19728_chr10_66621478
271	chr10	66842253	66841803	66842703	HG00538	HG00536	HG00537	task271_HG00538_HG00536_HG00537_chr10_66842253
272	chr10	66983493	66983043	66983943	NA18503	NA18504	NA18505	task272_NA18503_NA18504_NA18505_chr10_66983493
273	chr10	74583341	74582891	74583791	HG01887	HG02014	HG01886	task273_HG01887_HG02014_HG01886_chr10_74583341
274	chr10	76636388	76635938	76636838	HG02563	HG02561	HG02562	task274_HG02563_HG02561_HG02562_chr10_76636388
275	chr10	79687130	79686680	79687580	HG03486	HG03484	HG03485	task275_HG03486_HG03484_HG03485_chr10_79687130
276	chr10	80406775	80406325	80407225	HG02800	HG02798	HG02799	task276_HG02800_HG02798_HG02799_chr10_80406775
277	chr10	81736202	81735752	81736652	HG02723	HG02721	HG02722	task277_HG02723_HG02721_HG02722_chr10_81736202
278	chr10	84843193	84842743	84843643	HG01433	HG01431	HG01432	task278_HG01433_HG01431_HG01432_chr10_84843193
279	chr10	88599024	88598574	88599474	HG01053	HG01051	HG01052	task279_HG01053_HG01051_HG01052_chr10_88599024
280	chr10	88599024	88598574	88599474	HG02237	HG02236	HG02235	task280_HG02237_HG02236_HG02235_chr10_88599024
281	chr10	88599024	88598574	88599474	HG02800	HG02798	HG02799	task281_HG02800_HG02798_HG02799_chr10_88599024
282	chr10	88599024	88598574	88599474	NA19828	NA19818	NA19819	task282_NA19828_NA19818_NA19819_chr10_88599024
283	chr10	89546088	89545638	89546538	HG03029	HG03027	HG03028	task283_HG03029_HG03027_HG03028_chr10_89546088
284	chr10	89546088	89545638	89546538	HG03050	HG03048	HG03049	task284_HG03050_HG03048_HG03049_chr10_89546088
285	chr10	95627237	95626787	95627687	HG02966	HG02965	HG02964	task285_HG02966_HG02965_HG02964_chr10_95627237
286	chr10	95627237	95626787	95627687	NA18869	NA18868	NA18867	task286_NA18869_NA18868_NA18867_chr10_95627237
287	chr10	95627237	95626787	95627687	NA18911	NA18910	NA18909	task287_NA18911_NA18910_NA18909_chr10_95627237
288	chr10	97064979	97064529	97065429	HG02630	HG02628	HG02629	task288_HG02630_HG02628_HG02629_chr10_97064979
289	chr10	101804220	101803770	101804670	HG01940	HG01938	HG01939	task289_HG01940_HG01938_HG01939_chr10_101804220
290	chr10	102207850	102207400	102208300	HG01189	HG01187	HG01188	task290_HG01189_HG01187_HG01188_chr10_102207850
291	chr10	102707427	102706977	102707877	HG02636	HG02634	HG02635	task291_HG02636_HG02634_HG02635_chr10_102707427
292	chr10	108896363	108895913	108896813	NA19787	NA19786	NA19785	task292_NA19787_NA19786_NA19785_chr10_108896363
293	chr10	109098254	109097804	109098704	HG02526	HG02524	HG02525	task293_HG02526_HG02524_HG02525_chr10_109098254
294	chr10	110480389	110479939	110480839	HG02800	HG02798	HG02799	task294_HG02800_HG02798_HG02799_chr10_110480389
295	chr10	111694748	111694298	111695198	HG00709	HG00707	HG00708	task295_HG00709_HG00707_HG00708_chr10_111694748
296	chr10	113466074	113465624	113466524	NA18875	NA18874	NA18873	task296_NA18875_NA18874_NA18873_chr10_113466074
297	chr10	115071389	115070939	115071839	HG02018	HG02020	HG02019	task297_HG02018_HG02020_HG02019_chr10_115071389
298	chr10	115313703	115313253	115314153	HG03272	HG03271	HG03270	task298_HG03272_HG03271_HG03270_chr10_115313703
299	chr10	116286194	116285744	116286644	HG01579	HG01577	HG01578	task299_HG01579_HG01577_HG01578_chr10_116286194
300	chr10	117354583	117354133	117355033	NA19115	NA19113	NA19114	task300_NA19115_NA19113_NA19114_chr10_117354583
301	chr10	117485560	117485110	117486010	NA19161	NA19160	NA19159	task301_NA19161_NA19160_NA19159_chr10_117485560
302	chr10	119313058	119312608	119313508	HG02677	HG02675	HG02676	task302_HG02677_HG02675_HG02676_chr10_119313058
303	chr10	120200655	120200205	120201105	HG03480	HG03478	HG03479	task303_HG03480_HG03478_HG03479_chr10_120200655
304	chr10	120200655	120200205	120201105	NA19139	NA19138	NA19137	task304_NA19139_NA19138_NA19137_chr10_120200655
305	chr10	120831092	120830642	120831542	HG01895	HG01912	HG01894	task305_HG01895_HG01912_HG01894_chr10_120831092
306	chr10	123254421	123253971	123254871	HG00733	HG00731	HG00732	task306_HG00733_HG00731_HG00732_chr10_123254421
307	chr10	123254421	123253971	123254871	HG01056	HG01054	HG01055	task307_HG01056_HG01054_HG01055_chr10_123254421
308	chr10	123254421	123253971	123254871	HG01496	HG01494	HG01495	task308_HG01496_HG01494_HG01495_chr10_123254421
309	chr10	123254421	123253971	123254871	HG01499	HG01497	HG01498	task309_HG01499_HG01497_HG01498_chr10_123254421
310	chr10	123254421	123253971	123254871	HG01627	HG01625	HG01626	task310_HG01627_HG01625_HG01626_chr10_123254421
311	chr10	123254421	123253971	123254871	NA19683	NA19682	NA19681	task311_NA19683_NA19682_NA19681_chr10_123254421
312	chr10	127797402	127796952	127797852	HG01081	HG01079	HG01080	task312_HG01081_HG01079_HG01080_chr10_127797402
313	chr10	127797402	127796952	127797852	HG02653	HG02651	HG02652	task313_HG02653_HG02651_HG02652_chr10_127797402
314	chr10	127797402	127796952	127797852	NA12739	NA12748	NA12749	task314_NA12739_NA12748_NA12749_chr10_127797402
315	chr10	127797402	127796952	127797852	NA19757	NA19756	NA19755	task315_NA19757_NA19756_NA19755_chr10_127797402
316	chr10	127915754	127915304	127916204	HG01109	HG01107	HG01108	task316_HG01109_HG01107_HG01108_chr10_127915754
317	chr10	128648780	128648330	128649230	HG02838	HG02836	HG02837	task317_HG02838_HG02836_HG02837_chr10_128648780
318	chr10	128648780	128648330	128649230	HG02841	HG02839	HG02840	task318_HG02841_HG02839_HG02840_chr10_128648780
319	chr10	128648780	128648330	128649230	HG02853	HG02851	HG02852	task319_HG02853_HG02851_HG02852_chr10_128648780
320	chr10	128648780	128648330	128649230	HG02889	HG02887	HG02888	task320_HG02889_HG02887_HG02888_chr10_128648780
321	chr10	128648780	128648330	128649230	HG03098	HG03096	HG03097	task321_HG03098_HG03096_HG03097_chr10_128648780
322	chr10	129670151	129669701	129670601	NA20129	NA19920	NA19921	task322_NA20129_NA19920_NA19921_chr10_129670151
323	chr11	912866	912416	913316	HG02975	HG02973	HG02974	task323_HG02975_HG02973_HG02974_chr11_912866
324	chr11	912866	912416	913316	NA19174	NA19117	NA19118	task324_NA19174_NA19117_NA19118_chr11_912866
325	chr11	2544319	2543869	2544769	HG02723	HG02721	HG02722	task325_HG02723_HG02721_HG02722_chr11_2544319
326	chr11	2544319	2543869	2544769	NA18930	NA18917	NA18916	task326_NA18930_NA18917_NA18916_chr11_2544319
327	chr11	3549308	3548858	3549758	HG01881	HG01879	HG01880	task327_HG01881_HG01879_HG01880_chr11_3549308
328	chr11	3549308	3548858	3549758	HG03576	HG03574	HG03575	task328_HG03576_HG03574_HG03575_chr11_3549308
329	chr11	4096996	4096546	4097446	HG01050	HG01048	HG01049	task329_HG01050_HG01048_HG01049_chr11_4096996
330	chr11	4096996	4096546	4097446	HG01891	HG01890	HG01889	task330_HG01891_HG01890_HG01889_chr11_4096996
331	chr11	4096996	4096546	4097446	HG02466	HG02464	HG02465	task331_HG02466_HG02464_HG02465_chr11_4096996
332	chr11	4096996	4096546	4097446	HG02563	HG02561	HG02562	task332_HG02563_HG02561_HG02562_chr11_4096996
333	chr11	4096996	4096546	4097446	HG02590	HG02588	HG02589	task333_HG02590_HG02588_HG02589_chr11_4096996
334	chr11	4096996	4096546	4097446	HG02809	HG02807	HG02808	task334_HG02809_HG02807_HG02808_chr11_4096996
335	chr11	4096996	4096546	4097446	NA19120	NA19119	NA19116	task335_NA19120_NA19119_NA19116_chr11_4096996
336	chr11	4096996	4096546	4097446	NA19902	NA19900	NA19901	task336_NA19902_NA19900_NA19901_chr11_4096996
337	chr11	4096996	4096546	4097446	NA19918	NA19916	NA19917	task337_NA19918_NA19916_NA19917_chr11_4096996
338	chr11	5455523	5455073	5455973	HG02764	HG02762	HG02763	task338_HG02764_HG02762_HG02763_chr11_5455523
339	chr11	6912490	6912040	6912940	NA19145	NA19144	NA19143	task339_NA19145_NA19144_NA19143_chr11_6912490
340	chr11	6992849	6992399	6993299	HG02809	HG02807	HG02808	task340_HG02809_HG02807_HG02808_chr11_6992849
341	chr11	7481904	7481454	7482354	HG01126	HG01124	HG01125	task341_HG01126_HG01124_HG01125_chr11_7481904
342	chr11	7481904	7481454	7482354	NA19686	NA19685	NA19684	task342_NA19686_NA19685_NA19684_chr11_7481904
343	chr11	7681641	7681191	7682091	HG02975	HG02973	HG02974	task343_HG02975_HG02973_HG02974_chr11_7681641
344	chr11	7681641	7681191	7682091	HG03161	HG03160	HG03159	task344_HG03161_HG03160_HG03159_chr11_7681641
345	chr11	9663271	9662821	9663721	NA12878	NA12891	NA12892	task345_NA12878_NA12891_NA12892_chr11_9663271
346	chr11	11247147	11246697	11247597	HG04036	HG03943	HG03944	task346_HG04036_HG03943_HG03944_chr11_11247147
347	chr11	11247147	11246697	11247597	NA19724	NA19723	NA19722	task347_NA19724_NA19723_NA19722_chr11_11247147
348	chr11	11650383	11649933	11650833	NA18930	NA18917	NA18916	task348_NA18930_NA18917_NA18916_chr11_11650383
349	chr11	12216332	12215882	12216782	NA19237	NA19236	NA19235	task349_NA19237_NA19236_NA19235_chr11_12216332
350	chr11	12606524	12606074	12606974	NA19097	NA19096	NA19095	task350_NA19097_NA19096_NA19095_chr11_12606524
351	chr11	12606524	12606074	12606974	NA19208	NA19207	NA19206	task351_NA19208_NA19207_NA19206_chr11_12606524
352	chr11	13753635	13753185	13754085	HG03113	HG03112	HG03111	task352_HG03113_HG03112_HG03111_chr11_13753635
353	chr11	13922591	13922141	13923041	NA18518	NA18519	NA18520	task353_NA18518_NA18519_NA18520_chr11_13922591
354	chr11	20698779	20698329	20699229	NA19924	NA19922	NA19923	task354_NA19924_NA19922_NA19923_chr11_20698779
355	chr11	22760299	22759849	22760749	NA10847	NA12146	NA12239	task355_NA10847_NA12146_NA12239_chr11_22760299
356	chr11	23893634	23893184	23894084	HG02451	HG02449	HG02450	task356_HG02451_HG02449_HG02450_chr11_23893634
357	chr11	24388500	24388050	24388950	HG01888	HG01882	HG01883	task357_HG01888_HG01882_HG01883_chr11_24388500
358	chr11	24543208	24542758	24543658	HG03299	HG03298	HG03297	task358_HG03299_HG03298_HG03297_chr11_24543208
359	chr11	25052767	25052317	25053217	NA19109	NA19107	NA19108	task359_NA19109_NA19107_NA19108_chr11_25052767
360	chr11	26670894	26670444	26671344	NA19191	NA19189	NA19190	task360_NA19191_NA19189_NA19190_chr11_26670894
361	chr11	27434778	27434328	27435228	HG00594	HG00592	HG00593	task361_HG00594_HG00592_HG00593_chr11_27434778
362	chr11	30977217	30976767	30977667	HG03035	HG03033	HG03034	task362_HG03035_HG03033_HG03034_chr11_30977217
363	chr11	33614921	33614471	33615371	HG04228	HG04229	HG04227	task363_HG04228_HG04229_HG04227_chr11_33614921
364	chr11	36161722	36161272	36162172	HG03596	HG03594	HG03595	task364_HG03596_HG03594_HG03595_chr11_36161722
365	chr11	38129532	38129082	38129982	HG03272	HG03271	HG03270	task365_HG03272_HG03271_HG03270_chr11_38129532
366	chr11	39828321	39827871	39828771	NA19237	NA19236	NA19235	task366_NA19237_NA19236_NA19235_chr11_39828321
367	chr11	41471118	41470668	41471568	NA18935	NA18934	NA18933	task367_NA18935_NA18934_NA18933_chr11_41471118
368	chr11	42651912	42651462	42652362	HG00706	HG00704	HG00705	task368_HG00706_HG00704_HG00705_chr11_42651912
369	chr11	42651912	42651462	42652362	HG02132	HG02134	HG02133	task369_HG02132_HG02134_HG02133_chr11_42651912
370	chr11	45146845	45146395	45147295	HG01135	HG01133	HG01134	task370_HG01135_HG01133_HG01134_chr11_45146845
371	chr11	45146845	45146395	45147295	HG02723	HG02721	HG02722	task371_HG02723_HG02721_HG02722_chr11_45146845
372	chr11	47558728	47558278	47559178	HG03116	HG03115	HG03114	task372_HG03116_HG03115_HG03114_chr11_47558728
373	chr11	47640819	47640369	47641269	HG01252	HG01250	HG01251	task373_HG01252_HG01250_HG01251_chr11_47640819
374	chr11	56274124	56273674	56274574	NA19115	NA19113	NA19114	task374_NA19115_NA19113_NA19114_chr11_56274124
375	chr11	58148808	58148358	58149258	HG00664	HG00662	HG00663	task375_HG00664_HG00662_HG00663_chr11_58148808
376	chr11	63113246	63112796	63113696	HG01667	HG01669	HG01668	task376_HG01667_HG01669_HG01668_chr11_63113246
377	chr11	63113246	63112796	63113696	HG01763	HG01761	HG01762	task377_HG01763_HG01761_HG01762_chr11_63113246
378	chr11	63113246	63112796	63113696	HG04184	HG04182	HG04183	task378_HG04184_HG04182_HG04183_chr11_63113246
379	chr11	63113246	63112796	63113696	NA19828	NA19818	NA19819	task379_NA19828_NA19818_NA19819_chr11_63113246
380	chr11	63392388	63391938	63392838	HG01888	HG01882	HG01883	task380_HG01888_HG01882_HG01883_chr11_63392388
381	chr11	63422194	63421744	63422644	HG02514	HG02512	HG02513	task381_HG02514_HG02512_HG02513_chr11_63422194
382	chr11	66511954	66511504	66512404	HG03350	HG03352	HG03351	task382_HG03350_HG03352_HG03351_chr11_66511954
383	chr11	66511954	66511504	66512404	NA19702	NA19700	NA19701	task383_NA19702_NA19700_NA19701_chr11_66511954
384	chr11	70277053	70276603	70277503	HG02773	HG02771	HG02772	task384_HG02773_HG02771_HG02772_chr11_70277053
385	chr11	70277055	70276605	70277505	HG01959	HG01986	HG01958	task385_HG01959_HG01986_HG01958_chr11_70277055
386	chr11	70277055	70276605	70277505	HG03519	HG03518	HG03517	task386_HG03519_HG03518_HG03517_chr11_70277055
387	chr11	71849533	71849083	71849983	NA18485	NA18487	NA18489	task387_NA18485_NA18487_NA18489_chr11_71849533
388	chr11	73897370	73896920	73897820	HG03371	HG03370	HG03369	task388_HG03371_HG03370_HG03369_chr11_73897370
389	chr11	75296137	75295687	75296587	NA07014	NA07051	NA07031	task389_NA07014_NA07051_NA07031_chr11_75296137
390	chr11	76333674	76333224	76334124	HG03161	HG03160	HG03159	task390_HG03161_HG03160_HG03159_chr11_76333674
391	chr11	80425101	80424651	80425551	NA19924	NA19922	NA19923	task391_NA19924_NA19922_NA19923_chr11_80425101
392	chr11	81292029	81291579	81292479	HG02590	HG02588	HG02589	task392_HG02590_HG02588_HG02589_chr11_81292029
393	chr11	81292029	81291579	81292479	HG02764	HG02762	HG02763	task393_HG02764_HG02762_HG02763_chr11_81292029
394	chr11	83677695	83677245	83678145	HG03438	HG03469	HG03470	task394_HG03438_HG03469_HG03470_chr11_83677695
395	chr11	86928707	86928257	86929157	HG01138	HG01136	HG01137	task395_HG01138_HG01136_HG01137_chr11_86928707
396	chr11	86928707	86928257	86929157	HG03017	HG03015	HG03016	task396_HG03017_HG03015_HG03016_chr11_86928707
397	chr11	88589169	88588719	88589619	NA18875	NA18874	NA18873	task397_NA18875_NA18874_NA18873_chr11_88589169
398	chr11	88589169	88588719	88589619	NA19154	NA19153	NA19152	task398_NA19154_NA19153_NA19152_chr11_88589169
399	chr11	91114292	91113842	91114742	NA18935	NA18934	NA18933	task399_NA18935_NA18934_NA18933_chr11_91114292
400	chr11	91147019	91146569	91147469	HG03374	HG03373	HG03372	task400_HG03374_HG03373_HG03372_chr11_91147019
401	chr11	91147019	91146569	91147469	NA20279	NA20278	NA20282	task401_NA20279_NA20278_NA20282_chr11_91147019
402	chr11	94784137	94783687	94784587	HG01888	HG01882	HG01883	task402_HG01888_HG01882_HG01883_chr11_94784137
403	chr11	94944680	94944230	94945130	HG03236	HG03234	HG03235	task403_HG03236_HG03234_HG03235_chr11_94944680
404	chr11	95102499	95102049	95102949	HG02575	HG02573	HG02574	task404_HG02575_HG02573_HG02574_chr11_95102499
405	chr11	97018518	97018068	97018968	HG02698	HG02696	HG02697	task405_HG02698_HG02696_HG02697_chr11_97018518
406	chr11	98156547	98156097	98156997	HG03579	HG03577	HG03578	task406_HG03579_HG03577_HG03578_chr11_98156547
407	chr11	98386925	98386475	98387375	HG04148	HG04146	HG04147	task407_HG04148_HG04146_HG04147_chr11_98386925
408	chr11	99990737	99990287	99991187	HG01934	HG01932	HG01933	task408_HG01934_HG01932_HG01933_chr11_99990737
409	chr11	100050267	100049817	100050717	HG02316	HG02317	HG02318	task409_HG02316_HG02317_HG02318_chr11_100050267
410	chr11	103023853	103023403	103024303	HG02800	HG02798	HG02799	task410_HG02800_HG02798_HG02799_chr11_103023853
411	chr11	103023853	103023403	103024303	NA19174	NA19117	NA19118	task411_NA19174_NA19117_NA19118_chr11_103023853
412	chr11	103023853	103023403	103024303	NA19199	NA19198	NA19197	task412_NA19199_NA19198_NA19197_chr11_103023853
413	chr11	103050354	103049904	103050804	HG03732	HG03727	HG03721	task413_HG03732_HG03727_HG03721_chr11_103050354
414	chr11	104240508	104240058	104240958	HG01622	HG01624	HG01623	task414_HG01622_HG01624_HG01623_chr11_104240508
415	chr11	104240508	104240058	104240958	HG02770	HG02768	HG02769	task415_HG02770_HG02768_HG02769_chr11_104240508
416	chr11	104450106	104449656	104450556	HG02463	HG02461	HG02462	task416_HG02463_HG02461_HG02462_chr11_104450106
417	chr11	104450106	104449656	104450556	HG02466	HG02464	HG02465	task417_HG02466_HG02464_HG02465_chr11_104450106
418	chr11	104450106	104449656	104450556	HG02572	HG02570	HG02571	task418_HG02572_HG02570_HG02571_chr11_104450106
419	chr11	104450106	104449656	104450556	HG02587	HG02585	HG02586	task419_HG02587_HG02585_HG02586_chr11_104450106
420	chr11	104450106	104449656	104450556	HG02668	HG02666	HG02667	task420_HG02668_HG02666_HG02667_chr11_104450106
421	chr11	104450106	104449656	104450556	HG03161	HG03160	HG03159	task421_HG03161_HG03160_HG03159_chr11_104450106
422	chr11	104450106	104449656	104450556	NA18930	NA18917	NA18916	task422_NA18930_NA18917_NA18916_chr11_104450106
423	chr11	104450106	104449656	104450556	NA19924	NA19922	NA19923	task423_NA19924_NA19922_NA19923_chr11_104450106
424	chr11	104628565	104628115	104629015	HG01062	HG01060	HG01061	task424_HG01062_HG01060_HG01061_chr11_104628565
425	chr11	105730213	105729763	105730663	HG04175	HG04173	HG04174	task425_HG04175_HG04173_HG04174_chr11_105730213
426	chr11	115943512	115943062	115943962	HG03035	HG03033	HG03034	task426_HG03035_HG03033_HG03034_chr11_115943512
427	chr11	115943512	115943062	115943962	HG03248	HG03246	HG03247	task427_HG03248_HG03246_HG03247_chr11_115943512
428	chr11	115943512	115943062	115943962	NA18925	NA18923	NA18924	task428_NA18925_NA18923_NA18924_chr11_115943512
429	chr11	116509951	116509501	116510401	HG02761	HG02759	HG02760	task429_HG02761_HG02759_HG02760_chr11_116509951
430	chr11	116994908	116994458	116995358	HG02240	HG02238	HG02239	task430_HG02240_HG02238_HG02239_chr11_116994908
431	chr11	117324502	117324052	117324952	HG02838	HG02836	HG02837	task431_HG02838_HG02836_HG02837_chr11_117324502
432	chr11	118003587	118003137	118004037	HG03137	HG03136	HG03135	task432_HG03137_HG03136_HG03135_chr11_118003587
433	chr11	119009452	119009002	119009902	HG01439	HG01437	HG01438	task433_HG01439_HG01437_HG01438_chr11_119009452
434	chr11	119009452	119009002	119009902	HG01538	HG01536	HG01537	task434_HG01538_HG01536_HG01537_chr11_119009452
435	chr11	120328758	120328308	120329208	HG00429	HG00427	HG00428	task435_HG00429_HG00427_HG00428_chr11_120328758
436	chr11	120328758	120328308	120329208	HG00561	HG00559	HG00560	task436_HG00561_HG00559_HG00560_chr11_120328758
437	chr11	120328758	120328308	120329208	HG01178	HG01176	HG01177	task437_HG01178_HG01176_HG01177_chr11_120328758
438	chr11	120328758	120328308	120329208	HG01502	HG01500	HG01501	task438_HG01502_HG01500_HG01501_chr11_120328758
439	chr11	120328758	120328308	120329208	HG02027	HG02029	HG02028	task439_HG02027_HG02029_HG02028_chr11_120328758
440	chr11	120328758	120328308	120329208	HG02083	HG02085	HG02084	task440_HG02083_HG02085_HG02084_chr11_120328758
441	chr11	120328758	120328308	120329208	HG02120	HG02122	HG02121	task441_HG02120_HG02122_HG02121_chr11_120328758
442	chr11	120328758	120328308	120329208	HG02662	HG02660	HG02661	task442_HG02662_HG02660_HG02661_chr11_120328758
443	chr11	120328758	120328308	120329208	HG02729	HG02727	HG02728	task443_HG02729_HG02727_HG02728_chr11_120328758
444	chr11	120328758	120328308	120329208	HG02889	HG02887	HG02888	task444_HG02889_HG02887_HG02888_chr11_120328758
445	chr11	120328758	120328308	120329208	NA19790	NA19789	NA19788	task445_NA19790_NA19789_NA19788_chr11_120328758
446	chr11	122441107	122440657	122441557	HG01984	HG01982	HG01983	task446_HG01984_HG01982_HG01983_chr11_122441107
447	chr11	125139080	125138630	125139530	HG02723	HG02721	HG02722	task447_HG02723_HG02721_HG02722_chr11_125139080
448	chr11	125139080	125138630	125139530	HG02761	HG02759	HG02760	task448_HG02761_HG02759_HG02760_chr11_125139080
449	chr11	125139080	125138630	125139530	HG03308	HG03307	HG03306	task449_HG03308_HG03307_HG03306_chr11_125139080
450	chr11	128271218	128270768	128271668	NA18497	NA18498	NA18499	task450_NA18497_NA18498_NA18499_chr11_128271218
451	chr11	128274149	128273699	128274599	HG00735	HG01047	HG00734	task451_HG00735_HG01047_HG00734_chr11_128274149
452	chr11	128673453	128673003	128673903	NA18935	NA18934	NA18933	task452_NA18935_NA18934_NA18933_chr11_128673453
453	chr11	128673453	128673003	128673903	NA19115	NA19113	NA19114	task453_NA19115_NA19113_NA19114_chr11_128673453
454	chr11	128673453	128673003	128673903	NA19154	NA19153	NA19152	task454_NA19154_NA19153_NA19152_chr11_128673453
455	chr11	130626875	130626425	130627325	HG03763	HG03761	HG03762	task455_HG03763_HG03761_HG03762_chr11_130626875
456	chr11	130687561	130687111	130688011	HG01184	HG01182	HG01183	task456_HG01184_HG01182_HG01183_chr11_130687561
457	chr12	437548	437098	437998	HG02225	HG02224	HG02223	task457_HG02225_HG02224_HG02223_chr12_437548
458	chr12	932847	932397	933297	HG02841	HG02839	HG02840	task458_HG02841_HG02839_HG02840_chr12_932847
459	chr12	991279	990829	991729	NA07048	NA07034	NA07055	task459_NA07048_NA07034_NA07055_chr12_991279
460	chr12	1404990	1404540	1405440	NA19094	NA19092	NA19093	task460_NA19094_NA19092_NA19093_chr12_1404990
461	chr12	4899405	4898955	4899855	NA18521	NA18522	NA18523	task461_NA18521_NA18522_NA18523_chr12_4899405
462	chr12	4967968	4967518	4968418	NA19174	NA19117	NA19118	task462_NA19174_NA19117_NA19118_chr12_4967968
463	chr12	6092650	6092200	6093100	NA19148	NA19146	NA19147	task463_NA19148_NA19146_NA19147_chr12_6092650
464	chr12	7346130	7345680	7346580	HG03122	HG03120	HG03121	task464_HG03122_HG03120_HG03121_chr12_7346130
465	chr12	7399428	7398978	7399878	HG00532	HG00530	HG00531	task465_HG00532_HG00530_HG00531_chr12_7399428
466	chr12	7399428	7398978	7399878	HG03260	HG03258	HG03259	task466_HG03260_HG03258_HG03259_chr12_7399428
467	chr12	7478703	7478253	7479153	NA19686	NA19685	NA19684	task467_NA19686_NA19685_NA19684_chr12_7478703
468	chr12	7651239	7650789	7651689	HG02596	HG02594	HG02595	task468_HG02596_HG02594_HG02595_chr12_7651239
469	chr12	8547467	8547017	8547917	HG01573	HG01571	HG01572	task469_HG01573_HG01571_HG01572_chr12_8547467
470	chr12	8547467	8547017	8547917	HG01706	HG01708	HG01707	task470_HG01706_HG01708_HG01707_chr12_8547467
471	chr12	8547467	8547017	8547917	HG01780	HG01781	HG01779	task471_HG01780_HG01781_HG01779_chr12_8547467
472	chr12	8547467	8547017	8547917	HG01959	HG01986	HG01958	task472_HG01959_HG01986_HG01958_chr12_8547467
473	chr12	8547467	8547017	8547917	HG02451	HG02449	HG02450	task473_HG02451_HG02449_HG02450_chr12_8547467
474	chr12	8547467	8547017	8547917	HG02723	HG02721	HG02722	task474_HG02723_HG02721_HG02722_chr12_8547467
475	chr12	9403186	9402736	9403636	HG01074	HG01072	HG01073	task475_HG01074_HG01072_HG01073_chr12_9403186
476	chr12	9403186	9402736	9403636	HG01959	HG01986	HG01958	task476_HG01959_HG01986_HG01958_chr12_9403186
477	chr12	9403186	9402736	9403636	HG02680	HG02678	HG02679	task477_HG02680_HG02678_HG02679_chr12_9403186
478	chr12	9403186	9402736	9403636	HG02821	HG02819	HG02820	task478_HG02821_HG02819_HG02820_chr12_9403186
479	chr12	9403186	9402736	9403636	HG02841	HG02839	HG02840	task479_HG02841_HG02839_HG02840_chr12_9403186
480	chr12	9403186	9402736	9403636	HG03098	HG03096	HG03097	task480_HG03098_HG03096_HG03097_chr12_9403186
481	chr12	9403186	9402736	9403636	HG03456	HG03454	HG03455	task481_HG03456_HG03454_HG03455_chr12_9403186
482	chr12	9403362	9402912	9403812	NA19671	NA19670	NA19669	task482_NA19671_NA19670_NA19669_chr12_9403362
483	chr12	9404636	9404186	9405086	HG00477	HG00475	HG00476	task483_HG00477_HG00475_HG00476_chr12_9404636
484	chr12	9404636	9404186	9405086	HG00630	HG00628	HG00629	task484_HG00630_HG00628_HG00629_chr12_9404636
485	chr12	9404636	9404186	9405086	HG01126	HG01124	HG01125	task485_HG01126_HG01124_HG01125_chr12_9404636
486	chr12	9404636	9404186	9405086	HG01206	HG01204	HG01205	task486_HG01206_HG01204_HG01205_chr12_9404636
487	chr12	9404636	9404186	9405086	HG02630	HG02628	HG02629	task487_HG02630_HG02628_HG02629_chr12_9404636
488	chr12	9404636	9404186	9405086	HG03732	HG03727	HG03721	task488_HG03732_HG03727_HG03721_chr12_9404636
489	chr12	9404636	9404186	9405086	HG03804	HG03803	HG03802	task489_HG03804_HG03803_HG03802_chr12_9404636
490	chr12	9404636	9404186	9405086	NA12865	NA12874	NA12875	task490_NA12865_NA12874_NA12875_chr12_9404636
491	chr12	10145481	10145031	10145931	HG01178	HG01176	HG01177	task491_HG01178_HG01176_HG01177_chr12_10145481
492	chr12	11579504	11579054	11579954	HG02644	HG02642	HG02643	task492_HG02644_HG02642_HG02643_chr12_11579504
493	chr12	11579504	11579054	11579954	HG02717	HG02715	HG02716	task493_HG02717_HG02715_HG02716_chr12_11579504
494	chr12	11579504	11579054	11579954	HG03302	HG03301	HG03300	task494_HG03302_HG03301_HG03300_chr12_11579504
495	chr12	11579504	11579054	11579954	HG03486	HG03484	HG03485	task495_HG03486_HG03484_HG03485_chr12_11579504
496	chr12	11579504	11579054	11579954	HG03519	HG03518	HG03517	task496_HG03519_HG03518_HG03517_chr12_11579504
497	chr12	14219049	14218599	14219499	NA18906	NA18877	NA18876	task497_NA18906_NA18877_NA18876_chr12_14219049
498	chr12	15119357	15118907	15119807	HG03831	HG03830	HG03829	task498_HG03831_HG03830_HG03829_chr12_15119357
499	chr12	16510979	16510529	16511429	HG00480	HG00478	HG00479	task499_HG00480_HG00478_HG00479_chr12_16510979
500	chr12	17157102	17156652	17157552	HG03927	HG03926	HG03925	task500_HG03927_HG03926_HG03925_chr12_17157102
501	chr12	18730951	18730501	18731401	HG02145	HG02143	HG02144	task501_HG02145_HG02143_HG02144_chr12_18730951
502	chr12	18739851	18739401	18740301	HG02145	HG02143	HG02144	task502_HG02145_HG02143_HG02144_chr12_18739851
503	chr12	19434491	19434041	19434941	HG03480	HG03478	HG03479	task503_HG03480_HG03478_HG03479_chr12_19434491
504	chr12	19434513	19434063	19434963	HG02463	HG02461	HG02462	task504_HG02463_HG02461_HG02462_chr12_19434513
505	chr12	19434513	19434063	19434963	HG02584	HG02582	HG02583	task505_HG02584_HG02582_HG02583_chr12_19434513
506	chr12	19581801	19581351	19582251	NA12865	NA12874	NA12875	task506_NA12865_NA12874_NA12875_chr12_19581801
507	chr12	21154098	21153648	21154548	HG01987	HG01990	HG02012	task507_HG01987_HG01990_HG02012_chr12_21154098
508	chr12	22045463	22045013	22045913	HG02080	HG02082	HG02081	task508_HG02080_HG02082_HG02081_chr12_22045463
509	chr12	22063681	22063231	22064131	HG02622	HG02620	HG02621	task509_HG02622_HG02620_HG02621_chr12_22063681
510	chr12	22063681	22063231	22064131	NA19924	NA19922	NA19923	task510_NA19924_NA19922_NA19923_chr12_22063681
511	chr12	22755761	22755311	22756211	HG02668	HG02666	HG02667	task511_HG02668_HG02666_HG02667_chr12_22755761
512	chr12	25302548	25302098	25302998	NA12832	NA12842	NA12843	task512_NA12832_NA12842_NA12843_chr12_25302548
513	chr12	25721333	25720883	25721783	HG01056	HG01054	HG01055	task513_HG01056_HG01054_HG01055_chr12_25721333
514	chr12	26485048	26484598	26485498	HG00642	HG00640	HG00641	task514_HG00642_HG00640_HG00641_chr12_26485048
515	chr12	26485048	26484598	26485498	HG01273	HG01271	HG01272	task515_HG01273_HG01271_HG01272_chr12_26485048
516	chr12	26485048	26484598	26485498	HG01888	HG01882	HG01883	task516_HG01888_HG01882_HG01883_chr12_26485048
517	chr12	26485048	26484598	26485498	HG01960	HG01988	HG01989	task517_HG01960_HG01988_HG01989_chr12_26485048
518	chr12	26485048	26484598	26485498	HG02615	HG02613	HG02614	task518_HG02615_HG02613_HG02614_chr12_26485048
519	chr12	26485048	26484598	26485498	HG03170	HG03169	HG03168	task519_HG03170_HG03169_HG03168_chr12_26485048
520	chr12	26485048	26484598	26485498	HG03272	HG03271	HG03270	task520_HG03272_HG03271_HG03270_chr12_26485048
521	chr12	26485048	26484598	26485498	HG03350	HG03352	HG03351	task521_HG03350_HG03352_HG03351_chr12_26485048
522	chr12	26485048	26484598	26485498	HG03453	HG03451	HG03452	task522_HG03453_HG03451_HG03452_chr12_26485048
523	chr12	26485048	26484598	26485498	HG03456	HG03454	HG03455	task523_HG03456_HG03454_HG03455_chr12_26485048
524	chr12	26485048	26484598	26485498	NA18485	NA18487	NA18489	task524_NA18485_NA18487_NA18489_chr12_26485048
525	chr12	26485048	26484598	26485498	NA18872	NA18871	NA18870	task525_NA18872_NA18871_NA18870_chr12_26485048
526	chr12	26485048	26484598	26485498	NA18875	NA18874	NA18873	task526_NA18875_NA18874_NA18873_chr12_26485048
527	chr12	28442037	28441587	28442487	HG02975	HG02973	HG02974	task527_HG02975_HG02973_HG02974_chr12_28442037
528	chr12	28695259	28694809	28695709	HG03516	HG03515	HG03514	task528_HG03516_HG03515_HG03514_chr12_28695259
529	chr12	28695259	28694809	28695709	NA18518	NA18519	NA18520	task529_NA18518_NA18519_NA18520_chr12_28695259
530	chr12	29892969	29892519	29893419	HG02575	HG02573	HG02574	task530_HG02575_HG02573_HG02574_chr12_29892969
531	chr12	31972460	31972010	31972910	HG02838	HG02836	HG02837	task531_HG02838_HG02836_HG02837_chr12_31972460
532	chr12	32864052	32863602	32864502	HG02856	HG02854	HG02855	task532_HG02856_HG02854_HG02855_chr12_32864052
533	chr12	32901740	32901290	32902190	HG02818	HG02816	HG02817	task533_HG02818_HG02816_HG02817_chr12_32901740
534	chr12	39117511	39117061	39117961	HG03834	HG03833	HG03832	task534_HG03834_HG03833_HG03832_chr12_39117511
535	chr12	39651397	39650947	39651847	HG00733	HG00731	HG00732	task535_HG00733_HG00731_HG00732_chr12_39651397
536	chr12	43673774	43673324	43674224	HG01169	HG01167	HG01168	task536_HG01169_HG01167_HG01168_chr12_43673774
537	chr12	44751710	44751260	44752160	HG01987	HG01990	HG02012	task537_HG01987_HG01990_HG02012_chr12_44751710
538	chr12	45558709	45558259	45559159	HG02644	HG02642	HG02643	task538_HG02644_HG02642_HG02643_chr12_45558709
539	chr12	45558709	45558259	45559159	HG03041	HG03039	HG03040	task539_HG03041_HG03039_HG03040_chr12_45558709
540	chr12	45558709	45558259	45559159	HG03137	HG03136	HG03135	task540_HG03137_HG03136_HG03135_chr12_45558709
541	chr12	45558709	45558259	45559159	NA18860	NA18859	NA18858	task541_NA18860_NA18859_NA18858_chr12_45558709
542	chr12	46883554	46883104	46884004	NA19129	NA19128	NA19127	task542_NA19129_NA19128_NA19127_chr12_46883554
543	chr12	49837736	49837286	49838186	HG02622	HG02620	HG02621	task543_HG02622_HG02620_HG02621_chr12_49837736
544	chr12	49837736	49837286	49838186	NA19186	NA19184	NA19185	task544_NA19186_NA19184_NA19185_chr12_49837736
545	chr12	50161792	50161342	50162242	HG00702	HG00656	HG00657	task545_HG00702_HG00656_HG00657_chr12_50161792
546	chr12	51247073	51246623	51247523	NA19240	NA19239	NA19238	task546_NA19240_NA19239_NA19238_chr12_51247073
547	chr12	52463566	52463116	52464016	NA19208	NA19207	NA19206	task547_NA19208_NA19207_NA19206_chr12_52463566
548	chr12	55671330	55670880	55671780	HG01891	HG01890	HG01889	task548_HG01891_HG01890_HG01889_chr12_55671330
549	chr12	55671330	55670880	55671780	HG02978	HG02977	HG02976	task549_HG02978_HG02977_HG02976_chr12_55671330
550	chr12	55671330	55670880	55671780	HG03308	HG03307	HG03306	task550_HG03308_HG03307_HG03306_chr12_55671330
551	chr12	55671330	55670880	55671780	NA18515	NA18516	NA18517	task551_NA18515_NA18516_NA18517_chr12_55671330
552	chr12	56546356	56545906	56546806	HG03026	HG03024	HG03025	task552_HG03026_HG03024_HG03025_chr12_56546356
553	chr12	60818999	60818549	60819449	HG02316	HG02317	HG02318	task553_HG02316_HG02317_HG02318_chr12_60818999
554	chr12	60818999	60818549	60819449	HG02587	HG02585	HG02586	task554_HG02587_HG02585_HG02586_chr12_60818999
555	chr12	63797312	63796862	63797762	HG03576	HG03574	HG03575	task555_HG03576_HG03574_HG03575_chr12_63797312
556	chr12	65024241	65023791	65024691	HG01887	HG02014	HG01886	task556_HG01887_HG02014_HG01886_chr12_65024241
557	chr12	66985284	66984834	66985734	HG03131	HG03130	HG03129	task557_HG03131_HG03130_HG03129_chr12_66985284
558	chr12	67284726	67284276	67285176	HG01184	HG01182	HG01183	task558_HG01184_HG01182_HG01183_chr12_67284726
559	chr12	67284726	67284276	67285176	HG01622	HG01624	HG01623	task559_HG01622_HG01624_HG01623_chr12_67284726
560	chr12	67284726	67284276	67285176	HG01748	HG01747	HG01746	task560_HG01748_HG01747_HG01746_chr12_67284726
561	chr12	67284726	67284276	67285176	HG02897	HG02895	HG02896	task561_HG02897_HG02895_HG02896_chr12_67284726
562	chr12	67284726	67284276	67285176	NA10859	NA11881	NA11882	task562_NA10859_NA11881_NA11882_chr12_67284726
563	chr12	67852136	67851686	67852586	HG01891	HG01890	HG01889	task563_HG01891_HG01890_HG01889_chr12_67852136
564	chr12	67858302	67857852	67858752	HG02806	HG02804	HG02805	task564_HG02806_HG02804_HG02805_chr12_67858302
565	chr12	67858302	67857852	67858752	NA18863	NA18862	NA18861	task565_NA18863_NA18862_NA18861_chr12_67858302
566	chr12	69286076	69285626	69286526	HG02889	HG02887	HG02888	task566_HG02889_HG02887_HG02888_chr12_69286076
567	chr12	69461815	69461365	69462265	HG03197	HG03196	HG03195	task567_HG03197_HG03196_HG03195_chr12_69461815
568	chr12	70896221	70895771	70896671	HG02862	HG02860	HG02861	task568_HG02862_HG02860_HG02861_chr12_70896221
569	chr12	73442199	73441749	73442649	HG02761	HG02759	HG02760	task569_HG02761_HG02759_HG02760_chr12_73442199
570	chr12	73459028	73458578	73459478	HG01071	HG01069	HG01070	task570_HG01071_HG01069_HG01070_chr12_73459028
571	chr12	75288360	75287910	75288810	HG03041	HG03039	HG03040	task571_HG03041_HG03039_HG03040_chr12_75288360
572	chr12	75495820	75495370	75496270	HG02776	HG02774	HG02775	task572_HG02776_HG02774_HG02775_chr12_75495820
573	chr12	77146719	77146269	77147169	HG02584	HG02582	HG02583	task573_HG02584_HG02582_HG02583_chr12_77146719
574	chr12	77146719	77146269	77147169	HG02680	HG02678	HG02679	task574_HG02680_HG02678_HG02679_chr12_77146719
575	chr12	78152201	78151751	78152651	HG01884	HG01885	HG01956	task575_HG01884_HG01885_HG01956_chr12_78152201
576	chr12	78152201	78151751	78152651	HG03453	HG03451	HG03452	task576_HG03453_HG03451_HG03452_chr12_78152201
577	chr12	78152201	78151751	78152651	NA19132	NA19130	NA19131	task577_NA19132_NA19130_NA19131_chr12_78152201
578	chr12	78152201	78151751	78152651	NA19237	NA19236	NA19235	task578_NA19237_NA19236_NA19235_chr12_78152201
579	chr12	78517509	78517059	78517959	HG02225	HG02224	HG02223	task579_HG02225_HG02224_HG02223_chr12_78517509
580	chr12	79395715	79395265	79396165	HG02948	HG02947	HG02946	task580_HG02948_HG02947_HG02946_chr12_79395715
581	chr12	79395715	79395265	79396165	HG02984	HG02982	HG02983	task581_HG02984_HG02982_HG02983_chr12_79395715
582	chr12	79637557	79637107	79638007	HG01074	HG01072	HG01073	task582_HG01074_HG01072_HG01073_chr12_79637557
583	chr12	79637557	79637107	79638007	NA19836	NA19834	NA19835	task583_NA19836_NA19834_NA19835_chr12_79637557
584	chr12	82294377	82293927	82294827	HG02636	HG02634	HG02635	task584_HG02636_HG02634_HG02635_chr12_82294377
585	chr12	83045750	83045300	83046200	HG03251	HG03249	HG03250	task585_HG03251_HG03249_HG03250_chr12_83045750
586	chr12	83045756	83045306	83046206	HG01273	HG01271	HG01272	task586_HG01273_HG01271_HG01272_chr12_83045756
587	chr12	83045756	83045306	83046206	HG02980	HG02981	HG02979	task587_HG02980_HG02981_HG02979_chr12_83045756
588	chr12	83045756	83045306	83046206	HG03197	HG03196	HG03195	task588_HG03197_HG03196_HG03195_chr12_83045756
589	chr12	83045756	83045306	83046206	NA19221	NA19223	NA19222	task589_NA19221_NA19223_NA19222_chr12_83045756
590	chr12	83071338	83070888	83071788	NA20128	NA20126	NA20127	task590_NA20128_NA20126_NA20127_chr12_83071338
591	chr12	86952033	86951583	86952483	HG02148	HG02146	HG02147	task591_HG02148_HG02146_HG02147_chr12_86952033
592	chr12	87124920	87124470	87125370	HG03137	HG03136	HG03135	task592_HG03137_HG03136_HG03135_chr12_87124920
593	chr12	88185719	88185269	88186169	HG01385	HG01383	HG01384	task593_HG01385_HG01383_HG01384_chr12_88185719
594	chr12	88185719	88185269	88186169	HG01532	HG01530	HG01531	task594_HG01532_HG01530_HG01531_chr12_88185719
595	chr12	88209672	88209222	88210122	HG01888	HG01882	HG01883	task595_HG01888_HG01882_HG01883_chr12_88209672
596	chr12	88209672	88209222	88210122	NA18930	NA18917	NA18916	task596_NA18930_NA18917_NA18916_chr12_88209672
597	chr12	90187221	90186771	90187671	HG02587	HG02585	HG02586	task597_HG02587_HG02585_HG02586_chr12_90187221
598	chr12	92287558	92287108	92288008	HG02636	HG02634	HG02635	task598_HG02636_HG02634_HG02635_chr12_92287558
599	chr12	92287558	92287108	92288008	NA19983	NA19982	NA19713	task599_NA19983_NA19982_NA19713_chr12_92287558
600	chr12	92402963	92402513	92403413	HG02011	HG02009	HG02010	task600_HG02011_HG02009_HG02010_chr12_92402963
601	chr12	95195695	95195245	95196145	HG01081	HG01079	HG01080	task601_HG01081_HG01079_HG01080_chr12_95195695
602	chr12	95195695	95195245	95196145	HG01674	HG01675	HG01673	task602_HG01674_HG01675_HG01673_chr12_95195695
603	chr12	95195695	95195245	95196145	HG01943	HG01941	HG01942	task603_HG01943_HG01941_HG01942_chr12_95195695
604	chr12	95195695	95195245	95196145	HG02686	HG02684	HG02685	task604_HG02686_HG02684_HG02685_chr12_95195695
605	chr12	95257840	95257390	95258290	NA19132	NA19130	NA19131	task605_NA19132_NA19130_NA19131_chr12_95257840
606	chr12	96953550	96953100	96954000	HG03113	HG03112	HG03111	task606_HG03113_HG03112_HG03111_chr12_96953550
607	chr12	97356481	97356031	97356931	HG00579	HG00577	HG00578	task607_HG00579_HG00577_HG00578_chr12_97356481
608	chr12	100132119	100131669	100132569	NA19733	NA19732	NA19731	task608_NA19733_NA19732_NA19731_chr12_100132119
609	chr12	102441956	102441506	102442406	HG02293	HG02291	HG02292	task609_HG02293_HG02291_HG02292_chr12_102441956
610	chr12	102695517	102695067	102695967	HG03041	HG03039	HG03040	task610_HG03041_HG03039_HG03040_chr12_102695517
611	chr12	105756139	105755689	105756589	HG02630	HG02628	HG02629	task611_HG02630_HG02628_HG02629_chr12_105756139
612	chr12	105756139	105755689	105756589	NA20128	NA20126	NA20127	task612_NA20128_NA20126_NA20127_chr12_105756139
613	chr12	106086078	106085628	106086528	NA19115	NA19113	NA19114	task613_NA19115_NA19113_NA19114_chr12_106086078
614	chr12	107549464	107549014	107549914	HG01141	HG01139	HG01140	task614_HG01141_HG01139_HG01140_chr12_107549464
615	chr12	107549464	107549014	107549914	HG01763	HG01761	HG01762	task615_HG01763_HG01761_HG01762_chr12_107549464
616	chr12	107915415	107914965	107915865	HG02785	HG02783	HG02784	task616_HG02785_HG02783_HG02784_chr12_107915415
617	chr12	108046640	108046190	108047090	HG01050	HG01048	HG01049	task617_HG01050_HG01048_HG01049_chr12_108046640
618	chr12	108444072	108443622	108444522	HG03732	HG03727	HG03721	task618_HG03732_HG03727_HG03721_chr12_108444072
619	chr12	116341545	116341095	116341995	NA18497	NA18498	NA18499	task619_NA18497_NA18498_NA18499_chr12_116341545
620	chr12	116541836	116541386	116542286	HG03344	HG03343	HG03342	task620_HG03344_HG03343_HG03342_chr12_116541836
621	chr12	117456903	117456453	117457353	HG03299	HG03298	HG03297	task621_HG03299_HG03298_HG03297_chr12_117456903
622	chr12	117947591	117947141	117948041	HG02924	HG02923	HG02922	task622_HG02924_HG02923_HG02922_chr12_117947591
623	chr12	117947591	117947141	117948041	NA18863	NA18862	NA18861	task623_NA18863_NA18862_NA18861_chr12_117947591
624	chr12	121124625	121124175	121125075	HG03296	HG03295	HG03294	task624_HG03296_HG03295_HG03294_chr12_121124625
625	chr12	124816251	124815801	124816701	HG01249	HG01110	HG01111	task625_HG01249_HG01110_HG01111_chr12_124816251
626	chr12	128122431	128121981	128122881	NA19139	NA19138	NA19137	task626_NA19139_NA19138_NA19137_chr12_128122431
627	chr12	128139597	128139147	128140047	HG01601	HG01603	HG01602	task627_HG01601_HG01603_HG01602_chr12_128139597
628	chr12	130309864	130309414	130310314	HG00658	HG00656	HG00657	task628_HG00658_HG00656_HG00657_chr12_130309864
629	chr12	130309864	130309414	130310314	HG00702	HG00656	HG00657	task629_HG00702_HG00656_HG00657_chr12_130309864
630	chr12	130384853	130384403	130385303	HG02800	HG02798	HG02799	task630_HG02800_HG02798_HG02799_chr12_130384853
631	chr12	130980099	130979649	130980549	NA10836	NA12274	NA12275	task631_NA10836_NA12274_NA12275_chr12_130980099
632	chr12	131393771	131393321	131394221	HG03453	HG03451	HG03452	task632_HG03453_HG03451_HG03452_chr12_131393771
633	chr12	131477630	131477180	131478080	HG00706	HG00704	HG00705	task633_HG00706_HG00704_HG00705_chr12_131477630
634	chr12	131477630	131477180	131478080	HG02018	HG02020	HG02019	task634_HG02018_HG02020_HG02019_chr12_131477630
635	chr12	131477630	131477180	131478080	HG02647	HG02645	HG02646	task635_HG02647_HG02645_HG02646_chr12_131477630
636	chr12	131477630	131477180	131478080	HG03050	HG03048	HG03049	task636_HG03050_HG03048_HG03049_chr12_131477630
637	chr12	131477630	131477180	131478080	HG03516	HG03515	HG03514	task637_HG03516_HG03515_HG03514_chr12_131477630
638	chr12	131477630	131477180	131478080	NA10851	NA12056	NA12057	task638_NA10851_NA12056_NA12057_chr12_131477630
639	chr12	131477630	131477180	131478080	NA18863	NA18862	NA18861	task639_NA18863_NA18862_NA18861_chr12_131477630
640	chr12	131477630	131477180	131478080	NA18925	NA18923	NA18924	task640_NA18925_NA18923_NA18924_chr12_131477630
641	chr13	18214684	18214234	18215134	HG02948	HG02947	HG02946	task641_HG02948_HG02947_HG02946_chr13_18214684
642	chr13	19607371	19606921	19607821	HG03098	HG03096	HG03097	task642_HG03098_HG03096_HG03097_chr13_19607371
643	chr13	20056695	20056245	20057145	HG03161	HG03160	HG03159	task643_HG03161_HG03160_HG03159_chr13_20056695
644	chr13	21725894	21725444	21726344	NA10830	NA12154	NA12236	task644_NA10830_NA12154_NA12236_chr13_21725894
645	chr13	22354836	22354386	22355286	HG02770	HG02768	HG02769	task645_HG02770_HG02768_HG02769_chr13_22354836
646	chr13	24460529	24460079	24460979	NA12877	NA12889	NA12890	task646_NA12877_NA12889_NA12890_chr13_24460529
647	chr13	25031981	25031531	25032431	HG02735	HG02733	HG02734	task647_HG02735_HG02733_HG02734_chr13_25031981
648	chr13	28106979	28106529	28107429	HG02225	HG02224	HG02223	task648_HG02225_HG02224_HG02223_chr13_28106979
649	chr13	28106979	28106529	28107429	HG03596	HG03594	HG03595	task649_HG03596_HG03594_HG03595_chr13_28106979
650	chr13	31335867	31335417	31336317	NA10859	NA11881	NA11882	task650_NA10859_NA11881_NA11882_chr13_31335867
651	chr13	35366651	35366201	35367101	HG03197	HG03196	HG03195	task651_HG03197_HG03196_HG03195_chr13_35366651
652	chr13	35366651	35366201	35367101	HG03310	HG03311	HG03309	task652_HG03310_HG03311_HG03309_chr13_35366651
653	chr13	36059439	36058989	36059889	NA19983	NA19982	NA19713	task653_NA19983_NA19982_NA19713_chr13_36059439
654	chr13	38717596	38717146	38718046	HG03516	HG03515	HG03514	task654_HG03516_HG03515_HG03514_chr13_38717596
655	chr13	39712422	39711972	39712872	HG03116	HG03115	HG03114	task655_HG03116_HG03115_HG03114_chr13_39712422
656	chr13	39712422	39711972	39712872	NA19186	NA19184	NA19185	task656_NA19186_NA19184_NA19185_chr13_39712422
657	chr13	39984803	39984353	39985253	NA18930	NA18917	NA18916	task657_NA18930_NA18917_NA18916_chr13_39984803
658	chr13	41924934	41924484	41925384	NA19202	NA19200	NA19201	task658_NA19202_NA19200_NA19201_chr13_41924934
659	chr13	42827792	42827342	42828242	HG01493	HG01491	HG01492	task659_HG01493_HG01491_HG01492_chr13_42827792
660	chr13	42906858	42906408	42907308	NA19757	NA19756	NA19755	task660_NA19757_NA19756_NA19755_chr13_42906858
661	chr13	43051505	43051055	43051955	HG03617	HG03615	HG03616	task661_HG03617_HG03615_HG03616_chr13_43051505
662	chr13	44995428	44994978	44995878	HG00453	HG00451	HG00452	task662_HG00453_HG00451_HG00452_chr13_44995428
663	chr13	44995428	44994978	44995878	HG00658	HG00656	HG00657	task663_HG00658_HG00656_HG00657_chr13_44995428
664	chr13	44995428	44994978	44995878	HG00702	HG00656	HG00657	task664_HG00702_HG00656_HG00657_chr13_44995428
665	chr13	45004984	45004534	45005434	HG04187	HG04185	HG04186	task665_HG04187_HG04185_HG04186_chr13_45004984
666	chr13	45517570	45517120	45518020	NA19115	NA19113	NA19114	task666_NA19115_NA19113_NA19114_chr13_45517570
667	chr13	46398285	46397835	46398735	HG02800	HG02798	HG02799	task667_HG02800_HG02798_HG02799_chr13_46398285
668	chr13	46398285	46397835	46398735	NA19202	NA19200	NA19201	task668_NA19202_NA19200_NA19201_chr13_46398285
669	chr13	46398285	46397835	46398735	NA19724	NA19723	NA19722	task669_NA19724_NA19723_NA19722_chr13_46398285
670	chr13	47513656	47513206	47514106	NA19173	NA19171	NA19172	task670_NA19173_NA19171_NA19172_chr13_47513656
671	chr13	49441238	49440788	49441688	NA19097	NA19096	NA19095	task671_NA19097_NA19096_NA19095_chr13_49441238
672	chr13	49441238	49440788	49441688	NA19115	NA19113	NA19114	task672_NA19115_NA19113_NA19114_chr13_49441238
673	chr13	53513201	53512751	53513651	NA12739	NA12748	NA12749	task673_NA12739_NA12748_NA12749_chr13_53513201
674	chr13	54106073	54105623	54106523	HG00615	HG00613	HG00614	task674_HG00615_HG00613_HG00614_chr13_54106073
675	chr13	54209746	54209296	54210196	HG01622	HG01624	HG01623	task675_HG01622_HG01624_HG01623_chr13_54209746
676	chr13	55275536	55275086	55275986	NA20128	NA20126	NA20127	task676_NA20128_NA20126_NA20127_chr13_55275536
677	chr13	55924920	55924470	55925370	HG03065	HG03063	HG03064	task677_HG03065_HG03063_HG03064_chr13_55924920
678	chr13	56638156	56637706	56638606	HG02773	HG02771	HG02772	task678_HG02773_HG02771_HG02772_chr13_56638156
679	chr13	57005619	57005169	57006069	NA19142	NA19141	NA19140	task679_NA19142_NA19141_NA19140_chr13_57005619
680	chr13	57390830	57390380	57391280	HG03272	HG03271	HG03270	task680_HG03272_HG03271_HG03270_chr13_57390830
681	chr13	58192341	58191891	58192791	HG03029	HG03027	HG03028	task681_HG03029_HG03027_HG03028_chr13_58192341
682	chr13	58354137	58353687	58354587	HG02892	HG02890	HG02891	task682_HG02892_HG02890_HG02891_chr13_58354137
683	chr13	58903525	58903075	58903975	HG03707	HG03705	HG03706	task683_HG03707_HG03705_HG03706_chr13_58903525
684	chr13	59162311	59161861	59162761	HG03707	HG03705	HG03706	task684_HG03707_HG03705_HG03706_chr13_59162311
685	chr13	60034988	60034538	60035438	HG02321	HG02281	HG02282	task685_HG02321_HG02281_HG02282_chr13_60034988
686	chr13	60357512	60357062	60357962	HG03519	HG03518	HG03517	task686_HG03519_HG03518_HG03517_chr13_60357512
687	chr13	60357512	60357062	60357962	NA20128	NA20126	NA20127	task687_NA20128_NA20126_NA20127_chr13_60357512
688	chr13	60886455	60886005	60886905	HG02853	HG02851	HG02852	task688_HG02853_HG02851_HG02852_chr13_60886455
689	chr13	62065595	62065145	62066045	HG01169	HG01167	HG01168	task689_HG01169_HG01167_HG01168_chr13_62065595
690	chr13	62065595	62065145	62066045	HG01273	HG01271	HG01272	task690_HG01273_HG01271_HG01272_chr13_62065595
691	chr13	65391716	65391266	65392166	HG00706	HG00704	HG00705	task691_HG00706_HG00704_HG00705_chr13_65391716
692	chr13	66804441	66803991	66804891	HG03804	HG03803	HG03802	task692_HG03804_HG03803_HG03802_chr13_66804441
693	chr13	69797786	69797336	69798236	HG03248	HG03246	HG03247	task693_HG03248_HG03246_HG03247_chr13_69797786
694	chr13	69939373	69938923	69939823	HG02701	HG02699	HG02700	task694_HG02701_HG02699_HG02700_chr13_69939373
695	chr13	71354428	71353978	71354878	HG03116	HG03115	HG03114	task695_HG03116_HG03115_HG03114_chr13_71354428
696	chr13	71354428	71353978	71354878	NA19173	NA19171	NA19172	task696_NA19173_NA19171_NA19172_chr13_71354428
697	chr13	71354428	71353978	71354878	NA19221	NA19223	NA19222	task697_NA19221_NA19223_NA19222_chr13_71354428
698	chr13	71920720	71920270	71921170	HG03242	HG03240	HG03241	task698_HG03242_HG03240_HG03241_chr13_71920720
699	chr13	71925477	71925027	71925927	HG01138	HG01136	HG01137	task699_HG01138_HG01136_HG01137_chr13_71925477
700	chr13	72149099	72148649	72149549	NA19103	NA19101	NA19102	task700_NA19103_NA19101_NA19102_chr13_72149099
701	chr13	73251587	73251137	73252037	HG01987	HG01990	HG02012	task701_HG01987_HG01990_HG02012_chr13_73251587
702	chr13	74821463	74821013	74821913	NA18854	NA18853	NA18852	task702_NA18854_NA18853_NA18852_chr13_74821463
703	chr13	76175245	76174795	76175695	HG00702	HG00656	HG00657	task703_HG00702_HG00656_HG00657_chr13_76175245
704	chr13	79156414	79155964	79156864	HG03035	HG03033	HG03034	task704_HG03035_HG03033_HG03034_chr13_79156414
705	chr13	79581620	79581170	79582070	HG02856	HG02854	HG02855	task705_HG02856_HG02854_HG02855_chr13_79581620
706	chr13	79857803	79857353	79858253	HG03626	HG03624	HG03625	task706_HG03626_HG03624_HG03625_chr13_79857803
707	chr13	79895819	79895369	79896269	HG02821	HG02819	HG02820	task707_HG02821_HG02819_HG02820_chr13_79895819
708	chr13	81126039	81125589	81126489	HG01984	HG01982	HG01983	task708_HG01984_HG01982_HG01983_chr13_81126039
709	chr13	81404189	81403739	81404639	HG04204	HG03679	HG03642	task709_HG04204_HG03679_HG03642_chr13_81404189
710	chr13	81404189	81403739	81404639	HG04215	HG03679	HG03642	task710_HG04215_HG03679_HG03642_chr13_81404189
711	chr13	82133436	82132986	82133886	HG00538	HG00536	HG00537	task711_HG00538_HG00536_HG00537_chr13_82133436
712	chr13	82643109	82642659	82643559	HG02659	HG02657	HG02658	task712_HG02659_HG02657_HG02658_chr13_82643109
713	chr13	83131855	83131405	83132305	HG02677	HG02675	HG02676	task713_HG02677_HG02675_HG02676_chr13_83131855
714	chr13	83131855	83131405	83132305	NA18500	NA18501	NA18502	task714_NA18500_NA18501_NA18502_chr13_83131855
715	chr13	83131855	83131405	83132305	NA18914	NA18913	NA18912	task715_NA18914_NA18913_NA18912_chr13_83131855
716	chr13	85438318	85437868	85438768	HG03825	HG03824	HG03823	task716_HG03825_HG03824_HG03823_chr13_85438318
717	chr13	89922488	89922038	89922938	HG02883	HG02881	HG02882	task717_HG02883_HG02881_HG02882_chr13_89922488
718	chr13	92066473	92066023	92066923	HG01895	HG01912	HG01894	task718_HG01895_HG01912_HG01894_chr13_92066473
719	chr13	98437493	98437043	98437943	HG03296	HG03295	HG03294	task719_HG03296_HG03295_HG03294_chr13_98437493
720	chr13	98814969	98814519	98815419	HG01943	HG01941	HG01942	task720_HG01943_HG01941_HG01942_chr13_98814969
721	chr13	98814969	98814519	98815419	HG02018	HG02020	HG02019	task721_HG02018_HG02020_HG02019_chr13_98814969
722	chr13	98814969	98814519	98815419	HG03701	HG03699	HG03700	task722_HG03701_HG03699_HG03700_chr13_98814969
723	chr13	99096800	99096350	99097250	HG02630	HG02628	HG02629	task723_HG02630_HG02628_HG02629_chr13_99096800
724	chr13	99096800	99096350	99097250	HG03065	HG03063	HG03064	task724_HG03065_HG03063_HG03064_chr13_99096800
725	chr13	99570009	99569559	99570459	NA19103	NA19101	NA19102	task725_NA19103_NA19101_NA19102_chr13_99570009
726	chr13	100430281	100429831	100430731	HG01084	HG01082	HG01083	task726_HG01084_HG01082_HG01083_chr13_100430281
727	chr13	100430281	100429831	100430731	HG01978	HG01977	HG01976	task727_HG01978_HG01977_HG01976_chr13_100430281
728	chr13	100550337	100549887	100550787	HG03992	HG03943	HG03944	task728_HG03992_HG03943_HG03944_chr13_100550337
729	chr13	102408344	102407894	102408794	HG01081	HG01079	HG01080	task729_HG01081_HG01079_HG01080_chr13_102408344
730	chr13	103943461	103943011	103943911	HG01711	HG01709	HG01710	task730_HG01711_HG01709_HG01710_chr13_103943461
731	chr13	107292497	107292047	107292947	NA10857	NA12043	NA12044	task731_NA10857_NA12043_NA12044_chr13_107292497
732	chr13	110568953	110568503	110569403	HG01887	HG02014	HG01886	task732_HG01887_HG02014_HG01886_chr13_110568953
733	chr13	110628944	110628494	110629394	HG02055	HG02053	HG02054	task733_HG02055_HG02053_HG02054_chr13_110628944
734	chr13	110674435	110673985	110674885	HG01071	HG01069	HG01070	task734_HG01071_HG01069_HG01070_chr13_110674435
735	chr13	110674435	110673985	110674885	HG01258	HG01256	HG01257	task735_HG01258_HG01256_HG01257_chr13_110674435
736	chr13	110674435	110673985	110674885	HG01523	HG01521	HG01522	task736_HG01523_HG01521_HG01522_chr13_110674435
737	chr13	110674435	110673985	110674885	HG01633	HG01631	HG01632	task737_HG01633_HG01631_HG01632_chr13_110674435
738	chr13	110674435	110673985	110674885	HG01780	HG01781	HG01779	task738_HG01780_HG01781_HG01779_chr13_110674435
739	chr13	110674435	110673985	110674885	HG03626	HG03624	HG03625	task739_HG03626_HG03624_HG03625_chr13_110674435
740	chr13	110674435	110673985	110674885	NA10846	NA12144	NA12145	task740_NA10846_NA12144_NA12145_chr13_110674435
741	chr13	110813154	110812704	110813604	HG02668	HG02666	HG02667	task741_HG02668_HG02666_HG02667_chr13_110813154
742	chr13	110813154	110812704	110813604	HG03041	HG03039	HG03040	task742_HG03041_HG03039_HG03040_chr13_110813154
743	chr13	111697384	111696934	111697834	HG02662	HG02660	HG02661	task743_HG02662_HG02660_HG02661_chr13_111697384
744	chr13	112731106	112730656	112731556	HG02984	HG02982	HG02983	task744_HG02984_HG02982_HG02983_chr13_112731106
745	chr13	114115918	114115468	114116368	HG02818	HG02816	HG02817	task745_HG02818_HG02816_HG02817_chr13_114115918
746	chr14	19787253	19786803	19787703	HG00502	HG00500	HG00501	task746_HG00502_HG00500_HG00501_chr14_19787253
747	chr14	19787253	19786803	19787703	NA19775	NA19774	NA19773	task747_NA19775_NA19774_NA19773_chr14_19787253
748	chr14	20300132	20299682	20300582	HG02030	HG02032	HG02031	task748_HG02030_HG02032_HG02031_chr14_20300132
749	chr14	21453025	21452575	21453475	HG03272	HG03271	HG03270	task749_HG03272_HG03271_HG03270_chr14_21453025
750	chr14	24406247	24405797	24406697	HG02723	HG02721	HG02722	task750_HG02723_HG02721_HG02722_chr14_24406247
751	chr14	24406247	24405797	24406697	HG03251	HG03249	HG03250	task751_HG03251_HG03249_HG03250_chr14_24406247
752	chr14	24406247	24405797	24406697	NA18863	NA18862	NA18861	task752_NA18863_NA18862_NA18861_chr14_24406247
753	chr14	24406247	24405797	24406697	NA19097	NA19096	NA19095	task753_NA19097_NA19096_NA19095_chr14_24406247
754	chr14	25957164	25956714	25957614	HG02883	HG02881	HG02882	task754_HG02883_HG02881_HG02882_chr14_25957164
755	chr14	27472790	27472340	27473240	HG01629	HG01630	HG01628	task755_HG01629_HG01630_HG01628_chr14_27472790
756	chr14	28716526	28716076	28716976	NA20279	NA20278	NA20282	task756_NA20279_NA20278_NA20282_chr14_28716526
757	chr14	28761022	28760572	28761472	NA19177	NA19175	NA19176	task757_NA19177_NA19175_NA19176_chr14_28761022
758	chr14	31035576	31035126	31036026	NA19123	NA19121	NA19122	task758_NA19123_NA19121_NA19122_chr14_31035576
759	chr14	32389112	32388662	32389562	HG03719	HG03725	HG03722	task759_HG03719_HG03725_HG03722_chr14_32389112
760	chr14	33037574	33037124	33038024	HG03131	HG03130	HG03129	task760_HG03131_HG03130_HG03129_chr14_33037574
761	chr14	33555047	33554597	33555497	HG01687	HG01686	HG01685	task761_HG01687_HG01686_HG01685_chr14_33555047
762	chr14	34107279	34106829	34107729	HG02636	HG02634	HG02635	task762_HG02636_HG02634_HG02635_chr14_34107279
763	chr14	35694635	35694185	35695085	HG02723	HG02721	HG02722	task763_HG02723_HG02721_HG02722_chr14_35694635
764	chr14	35694635	35694185	35695085	HG03453	HG03451	HG03452	task764_HG03453_HG03451_HG03452_chr14_35694635
765	chr14	36154374	36153924	36154824	HG02677	HG02675	HG02676	task765_HG02677_HG02675_HG02676_chr14_36154374
766	chr14	37451569	37451119	37452019	HG03540	HG03538	HG03539	task766_HG03540_HG03538_HG03539_chr14_37451569
767	chr14	38350507	38350057	38350957	HG01496	HG01494	HG01495	task767_HG01496_HG01494_HG01495_chr14_38350507
768	chr14	38350507	38350057	38350957	HG02948	HG02947	HG02946	task768_HG02948_HG02947_HG02946_chr14_38350507
769	chr14	38350507	38350057	38350957	HG02984	HG02982	HG02983	task769_HG02984_HG02982_HG02983_chr14_38350507
770	chr14	38350507	38350057	38350957	HG03098	HG03096	HG03097	task770_HG03098_HG03096_HG03097_chr14_38350507
771	chr14	38350507	38350057	38350957	NA18854	NA18853	NA18852	task771_NA18854_NA18853_NA18852_chr14_38350507
772	chr14	40035855	40035405	40036305	NA18485	NA18487	NA18489	task772_NA18485_NA18487_NA18489_chr14_40035855
773	chr14	40776132	40775682	40776582	HG01891	HG01890	HG01889	task773_HG01891_HG01890_HG01889_chr14_40776132
774	chr14	40776132	40775682	40776582	HG03519	HG03518	HG03517	task774_HG03519_HG03518_HG03517_chr14_40776132
775	chr14	42918940	42918490	42919390	HG01206	HG01204	HG01205	task775_HG01206_HG01204_HG01205_chr14_42918940
776	chr14	44921457	44921007	44921907	HG03200	HG03199	HG03198	task776_HG03200_HG03199_HG03198_chr14_44921457
777	chr14	45328654	45328204	45329104	NA10840	NA12286	NA12287	task777_NA10840_NA12286_NA12287_chr14_45328654
778	chr14	46180365	46179915	46180815	HG03161	HG03160	HG03159	task778_HG03161_HG03160_HG03159_chr14_46180365
779	chr14	46180365	46179915	46180815	HG03269	HG03268	HG03267	task779_HG03269_HG03268_HG03267_chr14_46180365
780	chr14	46180365	46179915	46180815	HG03302	HG03301	HG03300	task780_HG03302_HG03301_HG03300_chr14_46180365
781	chr14	46180365	46179915	46180815	HG03371	HG03370	HG03369	task781_HG03371_HG03370_HG03369_chr14_46180365
782	chr14	46180365	46179915	46180815	NA19208	NA19207	NA19206	task782_NA19208_NA19207_NA19206_chr14_46180365
783	chr14	46224779	46224329	46225229	HG03251	HG03249	HG03250	task783_HG03251_HG03249_HG03250_chr14_46224779
784	chr14	46372906	46372456	46373356	NA18911	NA18910	NA18909	task784_NA18911_NA18910_NA18909_chr14_46372906
785	chr14	49789128	49788678	49789578	HG02683	HG02681	HG02682	task785_HG02683_HG02681_HG02682_chr14_49789128
786	chr14	50686642	50686192	50687092	HG01633	HG01631	HG01632	task786_HG01633_HG01631_HG01632_chr14_50686642
787	chr14	51429019	51428569	51429469	HG02587	HG02585	HG02586	task787_HG02587_HG02585_HG02586_chr14_51429019
788	chr14	52313728	52313278	52314178	HG03371	HG03370	HG03369	task788_HG03371_HG03370_HG03369_chr14_52313728
789	chr14	55081395	55080945	55081845	HG03110	HG03109	HG03108	task789_HG03110_HG03109_HG03108_chr14_55081395
790	chr14	56941777	56941327	56942227	NA18914	NA18913	NA18912	task790_NA18914_NA18913_NA18912_chr14_56941777
791	chr14	57641164	57640714	57641614	HG02596	HG02594	HG02595	task791_HG02596_HG02594_HG02595_chr14_57641164
792	chr14	58379507	58379057	58379957	HG03368	HG03367	HG03366	task792_HG03368_HG03367_HG03366_chr14_58379507
793	chr14	58612469	58612019	58612919	HG02984	HG02982	HG02983	task793_HG02984_HG02982_HG02983_chr14_58612469
794	chr14	58612469	58612019	58612919	HG02984	HG02982	HG02983	task794_HG02984_HG02982_HG02983_chr14_58612469
795	chr14	60984490	60984040	60984940	HG02853	HG02851	HG02852	task795_HG02853_HG02851_HG02852_chr14_60984490
796	chr14	61783487	61783037	61783937	HG01922	HG01920	HG01921	task796_HG01922_HG01920_HG01921_chr14_61783487
797	chr14	61783487	61783037	61783937	HG02068	HG02070	HG02069	task797_HG02068_HG02070_HG02069_chr14_61783487
798	chr14	61783487	61783037	61783937	HG03596	HG03594	HG03595	task798_HG03596_HG03594_HG03595_chr14_61783487
799	chr14	61783487	61783037	61783937	HG04160	HG04158	HG04159	task799_HG04160_HG04158_HG04159_chr14_61783487
800	chr14	61783487	61783037	61783937	NA19675	NA19679	NA19678	task800_NA19675_NA19679_NA19678_chr14_61783487
801	chr14	64054274	64053824	64054724	HG02015	HG02017	HG02016	task801_HG02015_HG02017_HG02016_chr14_64054274
802	chr14	65456594	65456144	65457044	HG03047	HG03045	HG03046	task802_HG03047_HG03045_HG03046_chr14_65456594
803	chr14	65456594	65456144	65457044	NA18485	NA18487	NA18489	task803_NA18485_NA18487_NA18489_chr14_65456594
804	chr14	65456594	65456144	65457044	NA19983	NA19982	NA19713	task804_NA19983_NA19982_NA19713_chr14_65456594
805	chr14	67837286	67836836	67837736	HG02572	HG02570	HG02571	task805_HG02572_HG02570_HG02571_chr14_67837286
806	chr14	73817906	73817456	73818356	NA18500	NA18501	NA18502	task806_NA18500_NA18501_NA18502_chr14_73817906
807	chr14	74627659	74627209	74628109	NA19924	NA19922	NA19923	task807_NA19924_NA19922_NA19923_chr14_74627659
808	chr14	75729464	75729014	75729914	NA10856	NA11829	NA11830	task808_NA10856_NA11829_NA11830_chr14_75729464
809	chr14	77776015	77775565	77776465	HG03050	HG03048	HG03049	task809_HG03050_HG03048_HG03049_chr14_77776015
810	chr14	80495558	80495108	80496008	HG01611	HG01610	HG01612	task810_HG01611_HG01610_HG01612_chr14_80495558
811	chr14	80654240	80653790	80654690	HG01109	HG01107	HG01108	task811_HG01109_HG01107_HG01108_chr14_80654240
812	chr14	81491944	81491494	81492394	HG02704	HG02702	HG02703	task812_HG02704_HG02702_HG02703_chr14_81491944
813	chr14	83406190	83405740	83406640	HG03584	HG03582	HG03583	task813_HG03584_HG03582_HG03583_chr14_83406190
814	chr14	84128260	84127810	84128710	HG02980	HG02981	HG02979	task814_HG02980_HG02981_HG02979_chr14_84128260
815	chr14	84810437	84809987	84810887	NA19924	NA19922	NA19923	task815_NA19924_NA19922_NA19923_chr14_84810437
816	chr14	85076264	85075814	85076714	HG03116	HG03115	HG03114	task816_HG03116_HG03115_HG03114_chr14_85076264
817	chr14	89522918	89522468	89523368	HG03116	HG03115	HG03114	task817_HG03116_HG03115_HG03114_chr14_89522918
818	chr14	89653963	89653513	89654413	HG02924	HG02923	HG02922	task818_HG02924_HG02923_HG02922_chr14_89653963
819	chr14	89653963	89653513	89654413	NA19702	NA19700	NA19701	task819_NA19702_NA19700_NA19701_chr14_89653963
820	chr14	90250760	90250310	90251210	HG01379	HG01377	HG01378	task820_HG01379_HG01377_HG01378_chr14_90250760
821	chr14	90250760	90250310	90251210	HG02316	HG02317	HG02318	task821_HG02316_HG02317_HG02318_chr14_90250760
822	chr14	90250760	90250310	90251210	HG03128	HG03127	HG03126	task822_HG03128_HG03127_HG03126_chr14_90250760
823	chr14	90250760	90250310	90251210	HG03131	HG03130	HG03129	task823_HG03131_HG03130_HG03129_chr14_90250760
824	chr14	90250760	90250310	90251210	HG03305	HG03304	HG03303	task824_HG03305_HG03304_HG03303_chr14_90250760
825	chr14	90250760	90250310	90251210	NA19211	NA19210	NA19209	task825_NA19211_NA19210_NA19209_chr14_90250760
826	chr14	90250828	90250378	90251278	HG03119	HG03118	HG03117	task826_HG03119_HG03118_HG03117_chr14_90250828
827	chr14	90250828	90250378	90251278	NA19109	NA19107	NA19108	task827_NA19109_NA19107_NA19108_chr14_90250828
828	chr14	94519645	94519195	94520095	NA18935	NA18934	NA18933	task828_NA18935_NA18934_NA18933_chr14_94519645
829	chr14	94519648	94519198	94520098	NA10839	NA12005	NA12006	task829_NA10839_NA12005_NA12006_chr14_94519648
830	chr14	94519648	94519198	94520098	NA19775	NA19774	NA19773	task830_NA19775_NA19774_NA19773_chr14_94519648
831	chr14	95269967	95269517	95270417	NA19224	NA19226	NA19225	task831_NA19224_NA19226_NA19225_chr14_95269967
832	chr14	105162642	105162192	105163092	HG02636	HG02634	HG02635	task832_HG02636_HG02634_HG02635_chr14_105162642
833	chr14	105162642	105162192	105163092	HG03065	HG03063	HG03064	task833_HG03065_HG03063_HG03064_chr14_105162642
834	chr14	105162642	105162192	105163092	NA18500	NA18501	NA18502	task834_NA18500_NA18501_NA18502_chr14_105162642
835	chr14	105860119	105859669	105860569	HG01114	HG01112	HG01113	task835_HG01114_HG01112_HG01113_chr14_105860119
836	chr14	105860119	105859669	105860569	HG01922	HG01920	HG01921	task836_HG01922_HG01920_HG01921_chr14_105860119
837	chr14	105860119	105859669	105860569	HG02815	HG02813	HG02814	task837_HG02815_HG02813_HG02814_chr14_105860119
838	chr14	105860119	105859669	105860569	HG02945	HG02944	HG02943	task838_HG02945_HG02944_HG02943_chr14_105860119
839	chr14	105860119	105859669	105860569	HG03310	HG03311	HG03309	task839_HG03310_HG03311_HG03309_chr14_105860119
840	chr14	105860119	105859669	105860569	NA10854	NA11839	NA11840	task840_NA10854_NA11839_NA11840_chr14_105860119
841	chr14	105860119	105859669	105860569	NA18930	NA18917	NA18916	task841_NA18930_NA18917_NA18916_chr14_105860119
842	chr14	105860119	105859669	105860569	NA19174	NA19117	NA19118	task842_NA19174_NA19117_NA19118_chr14_105860119
843	chr14	105860203	105859753	105860653	HG01358	HG01356	HG01357	task843_HG01358_HG01356_HG01357_chr14_105860203
844	chr14	105863791	105863341	105864241	NA19796	NA19795	NA19794	task844_NA19796_NA19795_NA19794_chr14_105863791
845	chr14	105863837	105863387	105864287	HG03371	HG03370	HG03369	task845_HG03371_HG03370_HG03369_chr14_105863837
846	chr15	20656771	20656321	20657221	HG01621	HG01619	HG01620	task846_HG01621_HG01619_HG01620_chr15_20656771
847	chr15	20656771	20656321	20657221	NA18860	NA18859	NA18858	task847_NA18860_NA18859_NA18858_chr15_20656771
848	chr15	21298330	21297880	21298780	HG03026	HG03024	HG03025	task848_HG03026_HG03024_HG03025_chr15_21298330
849	chr15	21298330	21297880	21298780	HG03576	HG03574	HG03575	task849_HG03576_HG03574_HG03575_chr15_21298330
850	chr15	21298330	21297880	21298780	NA18506	NA18507	NA18508	task850_NA18506_NA18507_NA18508_chr15_21298330
851	chr15	23178881	23178431	23179331	HG03110	HG03109	HG03108	task851_HG03110_HG03109_HG03108_chr15_23178881
852	chr15	23178881	23178431	23179331	HG03519	HG03518	HG03517	task852_HG03519_HG03518_HG03517_chr15_23178881
853	chr15	23657267	23656817	23657717	NA10839	NA12005	NA12006	task853_NA10839_NA12005_NA12006_chr15_23657267
854	chr15	23657267	23656817	23657717	NA12386	NA12399	NA12400	task854_NA12386_NA12399_NA12400_chr15_23657267
855	chr15	24255969	24255519	24256419	HG02856	HG02854	HG02855	task855_HG02856_HG02854_HG02855_chr15_24255969
856	chr15	27397277	27396827	27397727	HG02625	HG02623	HG02624	task856_HG02625_HG02623_HG02624_chr15_27397277
857	chr15	27397277	27396827	27397727	HG02889	HG02887	HG02888	task857_HG02889_HG02887_HG02888_chr15_27397277
858	chr15	27911936	27911486	27912386	HG03197	HG03196	HG03195	task858_HG03197_HG03196_HG03195_chr15_27911936
859	chr15	29329215	29328765	29329665	NA18935	NA18934	NA18933	task859_NA18935_NA18934_NA18933_chr15_29329215
860	chr15	29526446	29525996	29526896	NA19686	NA19685	NA19684	task860_NA19686_NA19685_NA19684_chr15_29526446
861	chr15	30087760	30087310	30088210	HG03041	HG03039	HG03040	task861_HG03041_HG03039_HG03040_chr15_30087760
862	chr15	30874086	30873636	30874536	HG03029	HG03027	HG03028	task862_HG03029_HG03027_HG03028_chr15_30874086
863	chr15	31979257	31978807	31979707	HG01888	HG01882	HG01883	task863_HG01888_HG01882_HG01883_chr15_31979257
864	chr15	32315404	32314954	32315854	HG02892	HG02890	HG02891	task864_HG02892_HG02890_HG02891_chr15_32315404
865	chr15	32553581	32553131	32554031	HG03519	HG03518	HG03517	task865_HG03519_HG03518_HG03517_chr15_32553581
866	chr15	32755182	32754732	32755632	HG02463	HG02461	HG02462	task866_HG02463_HG02461_HG02462_chr15_32755182
867	chr15	32755182	32754732	32755632	HG03110	HG03109	HG03108	task867_HG03110_HG03109_HG03108_chr15_32755182
868	chr15	32755182	32754732	32755632	NA19115	NA19113	NA19114	task868_NA19115_NA19113_NA19114_chr15_32755182
869	chr15	33496286	33495836	33496736	HG01604	HG01606	HG01605	task869_HG01604_HG01606_HG01605_chr15_33496286
870	chr15	36917505	36917055	36917955	NA10856	NA11829	NA11830	task870_NA10856_NA11829_NA11830_chr15_36917505
871	chr15	37504746	37504296	37505196	HG03519	HG03518	HG03517	task871_HG03519_HG03518_HG03517_chr15_37504746
872	chr15	37504746	37504296	37505196	NA19186	NA19184	NA19185	task872_NA19186_NA19184_NA19185_chr15_37504746
873	chr15	37754613	37754163	37755063	HG01081	HG01079	HG01080	task873_HG01081_HG01079_HG01080_chr15_37754613
874	chr15	37754613	37754163	37755063	HG02451	HG02449	HG02450	task874_HG02451_HG02449_HG02450_chr15_37754613
875	chr15	37754613	37754163	37755063	NA20279	NA20278	NA20282	task875_NA20279_NA20278_NA20282_chr15_37754613
876	chr15	39347048	39346598	39347498	HG02883	HG02881	HG02882	task876_HG02883_HG02881_HG02882_chr15_39347048
877	chr15	41327644	41327194	41328094	HG03137	HG03136	HG03135	task877_HG03137_HG03136_HG03135_chr15_41327644
878	chr15	42320628	42320178	42321078	HG02055	HG02053	HG02054	task878_HG02055_HG02053_HG02054_chr15_42320628
879	chr15	46574743	46574293	46575193	NA19724	NA19723	NA19722	task879_NA19724_NA19723_NA19722_chr15_46574743
880	chr15	47345218	47344768	47345668	NA10852	NA12045	NA12046	task880_NA10852_NA12045_NA12046_chr15_47345218
881	chr15	48026661	48026211	48027111	HG02280	HG02307	HG02308	task881_HG02280_HG02307_HG02308_chr15_48026661
882	chr15	52552675	52552225	52553125	HG00594	HG00592	HG00593	task882_HG00594_HG00592_HG00593_chr15_52552675
883	chr15	54900081	54899631	54900531	HG01884	HG01885	HG01956	task883_HG01884_HG01885_HG01956_chr15_54900081
884	chr15	54936379	54935929	54936829	HG02677	HG02675	HG02676	task884_HG02677_HG02675_HG02676_chr15_54936379
885	chr15	54936379	54935929	54936829	HG03763	HG03761	HG03762	task885_HG03763_HG03761_HG03762_chr15_54936379
886	chr15	55040024	55039574	55040474	HG01508	HG01506	HG01507	task886_HG01508_HG01506_HG01507_chr15_55040024
887	chr15	55590777	55590327	55591227	NA10842	NA11917	NA11918	task887_NA10842_NA11917_NA11918_chr15_55590777
888	chr15	57145631	57145181	57146081	HG02883	HG02881	HG02882	task888_HG02883_HG02881_HG02882_chr15_57145631
889	chr15	58423057	58422607	58423507	HG03350	HG03352	HG03351	task889_HG03350_HG03352_HG03351_chr15_58423057
890	chr15	61657974	61657524	61658424	HG02856	HG02854	HG02855	task890_HG02856_HG02854_HG02855_chr15_61657974
891	chr15	72130203	72129753	72130653	HG01959	HG01986	HG01958	task891_HG01959_HG01986_HG01958_chr15_72130203
892	chr15	73401542	73401092	73401992	HG02495	HG02493	HG02494	task892_HG02495_HG02493_HG02494_chr15_73401542
893	chr15	73580419	73579969	73580869	NA12864	NA12872	NA12873	task893_NA12864_NA12872_NA12873_chr15_73580419
894	chr15	75082484	75082034	75082934	HG03056	HG03054	HG03055	task894_HG03056_HG03054_HG03055_chr15_75082484
895	chr15	77262657	77262207	77263107	HG01189	HG01187	HG01188	task895_HG01189_HG01187_HG01188_chr15_77262657
896	chr15	77262657	77262207	77263107	HG02883	HG02881	HG02882	task896_HG02883_HG02881_HG02882_chr15_77262657
897	chr15	79064862	79064412	79065312	HG03047	HG03045	HG03046	task897_HG03047_HG03045_HG03046_chr15_79064862
898	chr15	80011873	80011423	80012323	NA20128	NA20126	NA20127	task898_NA20128_NA20126_NA20127_chr15_80011873
899	chr15	80413086	80412636	80413536	NA19100	NA19098	NA19099	task899_NA19100_NA19098_NA19099_chr15_80413086
900	chr15	82367394	82366944	82367844	HG02612	HG02610	HG02611	task900_HG02612_HG02610_HG02611_chr15_82367394
901	chr15	82367394	82366944	82367844	NA18872	NA18871	NA18870	task901_NA18872_NA18871_NA18870_chr15_82367394
902	chr15	85812542	85812092	85812992	HG01514	HG01512	HG01513	task902_HG01514_HG01512_HG01513_chr15_85812542
903	chr15	85812542	85812092	85812992	HG02770	HG02768	HG02769	task903_HG02770_HG02768_HG02769_chr15_85812542
904	chr15	85812542	85812092	85812992	HG02773	HG02771	HG02772	task904_HG02773_HG02771_HG02772_chr15_85812542
905	chr15	85812542	85812092	85812992	HG03816	HG03815	HG03814	task905_HG03816_HG03815_HG03814_chr15_85812542
906	chr15	85812542	85812092	85812992	HG03942	HG03941	HG03940	task906_HG03942_HG03941_HG03940_chr15_85812542
907	chr15	85812542	85812092	85812992	NA06997	NA06986	NA07045	task907_NA06997_NA06986_NA07045_chr15_85812542
908	chr15	85812542	85812092	85812992	NA19662	NA19661	NA19660	task908_NA19662_NA19661_NA19660_chr15_85812542
909	chr15	85812542	85812092	85812992	NA20279	NA20278	NA20282	task909_NA20279_NA20278_NA20282_chr15_85812542
910	chr15	85982879	85982429	85983329	HG01778	HG01777	HG01776	task910_HG01778_HG01777_HG01776_chr15_85982879
911	chr15	87235116	87234666	87235566	HG00526	HG00524	HG00525	task911_HG00526_HG00524_HG00525_chr15_87235116
912	chr15	90393477	90393027	90393927	HG03191	HG03190	HG03189	task912_HG03191_HG03190_HG03189_chr15_90393477
913	chr15	92881576	92881126	92882026	HG03522	HG03521	HG03520	task913_HG03522_HG03521_HG03520_chr15_92881576
914	chr15	94332693	94332243	94333143	HG02883	HG02881	HG02882	task914_HG02883_HG02881_HG02882_chr15_94332693
915	chr15	94860860	94860410	94861310	HG01096	HG01094	HG01095	task915_HG01096_HG01094_HG01095_chr15_94860860
916	chr15	96822686	96822236	96823136	HG03128	HG03127	HG03126	task916_HG03128_HG03127_HG03126_chr15_96822686
917	chr15	96822686	96822236	96823136	HG03350	HG03352	HG03351	task917_HG03350_HG03352_HG03351_chr15_96822686
918	chr15	96822686	96822236	96823136	NA19139	NA19138	NA19137	task918_NA19139_NA19138_NA19137_chr15_96822686
919	chr15	99389401	99388951	99389851	HG01884	HG01885	HG01956	task919_HG01884_HG01885_HG01956_chr15_99389401
920	chr15	99936814	99936364	99937264	NA10836	NA12274	NA12275	task920_NA10836_NA12274_NA12275_chr15_99936814
921	chr15	101124925	101124475	101125375	HG01895	HG01912	HG01894	task921_HG01895_HG01912_HG01894_chr15_101124925
922	chr15	101282986	101282536	101283436	HG02892	HG02890	HG02891	task922_HG02892_HG02890_HG02891_chr15_101282986
923	chr16	492500	492050	492950	HG00652	HG00650	HG00651	task923_HG00652_HG00650_HG00651_chr16_492500
924	chr16	492500	492050	492950	HG00673	HG00671	HG00672	task924_HG00673_HG00671_HG00672_chr16_492500
925	chr16	492500	492050	492950	HG01897	HG02013	HG01896	task925_HG01897_HG02013_HG01896_chr16_492500
926	chr16	492500	492050	492950	HG02280	HG02307	HG02308	task926_HG02280_HG02307_HG02308_chr16_492500
927	chr16	692506	692056	692956	HG01352	HG01350	HG01351	task927_HG01352_HG01350_HG01351_chr16_692506
928	chr16	795582	795132	796032	HG03704	HG03702	HG03703	task928_HG03704_HG03702_HG03703_chr16_795582
929	chr16	821913	821463	822363	NA18930	NA18917	NA18916	task929_NA18930_NA18917_NA18916_chr16_821913
930	chr16	1113921	1113471	1114371	HG00558	HG00556	HG00557	task930_HG00558_HG00556_HG00557_chr16_1113921
931	chr16	1113921	1113471	1114371	HG01346	HG01344	HG01345	task931_HG01346_HG01344_HG01345_chr16_1113921
932	chr16	3188075	3187625	3188525	HG02463	HG02461	HG02462	task932_HG02463_HG02461_HG02462_chr16_3188075
933	chr16	3188075	3187625	3188525	NA10857	NA12043	NA12044	task933_NA10857_NA12043_NA12044_chr16_3188075
934	chr16	3188075	3187625	3188525	NA12801	NA12812	NA12813	task934_NA12801_NA12812_NA12813_chr16_3188075
935	chr16	5057303	5056853	5057753	HG02729	HG02727	HG02728	task935_HG02729_HG02727_HG02728_chr16_5057303
936	chr16	5057303	5056853	5057753	HG03050	HG03048	HG03049	task936_HG03050_HG03048_HG03049_chr16_5057303
937	chr16	5103829	5103379	5104279	HG00535	HG00533	HG00534	task937_HG00535_HG00533_HG00534_chr16_5103829
938	chr16	8810783	8810333	8811233	HG02683	HG02681	HG02682	task938_HG02683_HG02681_HG02682_chr16_8810783
939	chr16	9127982	9127532	9128432	NA12801	NA12812	NA12813	task939_NA12801_NA12812_NA12813_chr16_9127982
940	chr16	9610014	9609564	9610464	HG03516	HG03515	HG03514	task940_HG03516_HG03515_HG03514_chr16_9610014
941	chr16	9912561	9912111	9913011	HG02883	HG02881	HG02882	task941_HG02883_HG02881_HG02882_chr16_9912561
942	chr16	9912561	9912111	9913011	NA19919	NA19908	NA19909	task942_NA19919_NA19908_NA19909_chr16_9912561
943	chr16	11239497	11239047	11239947	NA18503	NA18504	NA18505	task943_NA18503_NA18504_NA18505_chr16_11239497
944	chr16	12393427	12392977	12393877	HG03308	HG03307	HG03306	task944_HG03308_HG03307_HG03306_chr16_12393427
945	chr16	12393427	12392977	12393877	NA19097	NA19096	NA19095	task945_NA19097_NA19096_NA19095_chr16_12393427
946	chr16	12666146	12665696	12666596	HG03374	HG03373	HG03372	task946_HG03374_HG03373_HG03372_chr16_12666146
947	chr16	16709716	16709266	16710166	HG01358	HG01356	HG01357	task947_HG01358_HG01356_HG01357_chr16_16709716
948	chr16	16709716	16709266	16710166	HG02596	HG02594	HG02595	task948_HG02596_HG02594_HG02595_chr16_16709716
949	chr16	16709731	16709281	16710181	HG00636	HG00634	HG00635	task949_HG00636_HG00634_HG00635_chr16_16709731
950	chr16	16709731	16709281	16710181	HG01687	HG01686	HG01685	task950_HG01687_HG01686_HG01685_chr16_16709731
951	chr16	16709731	16709281	16710181	HG01698	HG01699	HG01697	task951_HG01698_HG01699_HG01697_chr16_16709731
952	chr16	16709731	16709281	16710181	HG01748	HG01747	HG01746	task952_HG01748_HG01747_HG01746_chr16_16709731
953	chr16	16709731	16709281	16710181	HG03710	HG03708	HG03709	task953_HG03710_HG03708_HG03709_chr16_16709731
954	chr16	16709731	16709281	16710181	HG03801	HG03800	HG03799	task954_HG03801_HG03800_HG03799_chr16_16709731
955	chr16	16709731	16709281	16710181	HG04215	HG03679	HG03642	task955_HG04215_HG03679_HG03642_chr16_16709731
956	chr16	16709731	16709281	16710181	NA19751	NA19750	NA19749	task956_NA19751_NA19750_NA19749_chr16_16709731
957	chr16	17350724	17350274	17351174	NA18869	NA18868	NA18867	task957_NA18869_NA18868_NA18867_chr16_17350724
958	chr16	19500691	19500241	19501141	NA19240	NA19239	NA19238	task958_NA19240_NA19239_NA19238_chr16_19500691
959	chr16	20980312	20979862	20980762	HG03683	HG03682	HG03684	task959_HG03683_HG03682_HG03684_chr16_20980312
960	chr16	20980312	20979862	20980762	HG03906	HG03905	HG03904	task960_HG03906_HG03905_HG03904_chr16_20980312
961	chr16	23193826	23193376	23194276	NA19208	NA19207	NA19206	task961_NA19208_NA19207_NA19206_chr16_23193826
962	chr16	24612466	24612016	24612916	NA18497	NA18498	NA18499	task962_NA18497_NA18498_NA18499_chr16_24612466
963	chr16	24612466	24612016	24612916	NA18930	NA18917	NA18916	task963_NA18930_NA18917_NA18916_chr16_24612466
964	chr16	24922148	24921698	24922598	NA18485	NA18487	NA18489	task964_NA18485_NA18487_NA18489_chr16_24922148
965	chr16	24982268	24981818	24982718	HG03125	HG03124	HG03123	task965_HG03125_HG03124_HG03123_chr16_24982268
966	chr16	25620179	25619729	25620629	HG03374	HG03373	HG03372	task966_HG03374_HG03373_HG03372_chr16_25620179
967	chr16	27558844	27558394	27559294	NA18521	NA18522	NA18523	task967_NA18521_NA18522_NA18523_chr16_27558844
968	chr16	31712969	31712519	31713419	NA18875	NA18874	NA18873	task968_NA18875_NA18874_NA18873_chr16_31712969
969	chr16	32116451	32116001	32116901	HG02615	HG02613	HG02614	task969_HG02615_HG02613_HG02614_chr16_32116451
970	chr16	32116451	32116001	32116901	NA19983	NA19982	NA19713	task970_NA19983_NA19982_NA19713_chr16_32116451
971	chr16	33029574	33029124	33030024	HG01463	HG01461	HG01462	task971_HG01463_HG01461_HG01462_chr16_33029574
972	chr16	33029574	33029124	33030024	HG01532	HG01530	HG01531	task972_HG01532_HG01530_HG01531_chr16_33029574
973	chr16	33029574	33029124	33030024	HG02148	HG02146	HG02147	task973_HG02148_HG02146_HG02147_chr16_33029574
974	chr16	33029574	33029124	33030024	HG02590	HG02588	HG02589	task974_HG02590_HG02588_HG02589_chr16_33029574
975	chr16	33029574	33029124	33030024	HG02668	HG02666	HG02667	task975_HG02668_HG02666_HG02667_chr16_33029574
976	chr16	33029574	33029124	33030024	HG02984	HG02982	HG02983	task976_HG02984_HG02982_HG02983_chr16_33029574
977	chr16	47824687	47824237	47825137	HG02883	HG02881	HG02882	task977_HG02883_HG02881_HG02882_chr16_47824687
978	chr16	51828884	51828434	51829334	HG02563	HG02561	HG02562	task978_HG02563_HG02561_HG02562_chr16_51828884
979	chr16	51828884	51828434	51829334	HG02773	HG02771	HG02772	task979_HG02773_HG02771_HG02772_chr16_51828884
980	chr16	51921489	51921039	51921939	NA19097	NA19096	NA19095	task980_NA19097_NA19096_NA19095_chr16_51921489
981	chr16	57149878	57149428	57150328	NA19145	NA19144	NA19143	task981_NA19145_NA19144_NA19143_chr16_57149878
982	chr16	60855091	60854641	60855541	HG02892	HG02890	HG02891	task982_HG02892_HG02890_HG02891_chr16_60855091
983	chr16	67619466	67619016	67619916	HG00733	HG00731	HG00732	task983_HG00733_HG00731_HG00732_chr16_67619466
984	chr16	68956706	68956256	68957156	HG04175	HG04173	HG04174	task984_HG04175_HG04173_HG04174_chr16_68956706
985	chr16	76071484	76071034	76071934	HG03371	HG03370	HG03369	task985_HG03371_HG03370_HG03369_chr16_76071484
986	chr16	77334628	77334178	77335078	NA19109	NA19107	NA19108	task986_NA19109_NA19107_NA19108_chr16_77334628
987	chr16	78782017	78781567	78782467	HG03834	HG03833	HG03832	task987_HG03834_HG03833_HG03832_chr16_78782017
988	chr16	82219421	82218971	82219871	HG01138	HG01136	HG01137	task988_HG01138_HG01136_HG01137_chr16_82219421
989	chr16	83997663	83997213	83998113	HG03486	HG03484	HG03485	task989_HG03486_HG03484_HG03485_chr16_83997663
990	chr16	84478123	84477673	84478573	NA18500	NA18501	NA18502	task990_NA18500_NA18501_NA18502_chr16_84478123
991	chr16	87694941	87694491	87695391	HG01358	HG01356	HG01357	task991_HG01358_HG01356_HG01357_chr16_87694941
992	chr16	88349753	88349303	88350203	NA18875	NA18874	NA18873	task992_NA18875_NA18874_NA18873_chr16_88349753
993	chr16	88349753	88349303	88350203	NA19659	NA19658	NA19657	task993_NA19659_NA19658_NA19657_chr16_88349753
994	chr17	315687	315237	316137	HG02055	HG02053	HG02054	task994_HG02055_HG02053_HG02054_chr17_315687
995	chr17	1351417	1350967	1351867	HG01109	HG01107	HG01108	task995_HG01109_HG01107_HG01108_chr17_1351417
996	chr17	1696163	1695713	1696613	HG01987	HG01990	HG02012	task996_HG01987_HG01990_HG02012_chr17_1696163
997	chr17	1696163	1695713	1696613	HG02838	HG02836	HG02837	task997_HG02838_HG02836_HG02837_chr17_1696163
998	chr17	2542933	2542483	2543383	HG01276	HG01274	HG01275	task998_HG01276_HG01274_HG01275_chr17_2542933
999	chr17	2542933	2542483	2543383	HG02240	HG02238	HG02239	task999_HG02240_HG02238_HG02239_chr17_2542933
1000	chr17	4745774	4745324	4746224	NA19919	NA19908	NA19909	task1000_NA19919_NA19908_NA19909_chr17_4745774
1001	chr17	6317034	6316584	6317484	HG02258	HG02314	HG02315	task1001_HG02258_HG02314_HG02315_chr17_6317034
1002	chr17	6317034	6316584	6317484	NA19919	NA19908	NA19909	task1002_NA19919_NA19908_NA19909_chr17_6317034
1003	chr17	6343766	6343316	6344216	HG01523	HG01521	HG01522	task1003_HG01523_HG01521_HG01522_chr17_6343766
1004	chr17	8489747	8489297	8490197	NA19139	NA19138	NA19137	task1004_NA19139_NA19138_NA19137_chr17_8489747
1005	chr17	9625604	9625154	9626054	HG01627	HG01625	HG01626	task1005_HG01627_HG01625_HG01626_chr17_9625604
1006	chr17	14185297	14184847	14185747	NA18515	NA18516	NA18517	task1006_NA18515_NA18516_NA18517_chr17_14185297
1007	chr17	15606080	15605630	15606530	NA18857	NA18856	NA18855	task1007_NA18857_NA18856_NA18855_chr17_15606080
1008	chr17	15791032	15790582	15791482	HG01960	HG01988	HG01989	task1008_HG01960_HG01988_HG01989_chr17_15791032
1009	chr17	16805718	16805268	16806168	HG03197	HG03196	HG03195	task1009_HG03197_HG03196_HG03195_chr17_16805718
1010	chr17	18759467	18759017	18759917	HG01934	HG01932	HG01933	task1010_HG01934_HG01932_HG01933_chr17_18759467
1011	chr17	20832371	20831921	20832821	HG02892	HG02890	HG02891	task1011_HG02892_HG02890_HG02891_chr17_20832371
1012	chr17	21152972	21152522	21153422	NA10842	NA11917	NA11918	task1012_NA10842_NA11917_NA11918_chr17_21152972
1013	chr17	22137156	22136706	22137606	NA19205	NA19203	NA19204	task1013_NA19205_NA19203_NA19204_chr17_22137156
1014	chr17	22137156	22136706	22137606	NA19902	NA19900	NA19901	task1014_NA19902_NA19900_NA19901_chr17_22137156
1015	chr17	32838728	32838278	32839178	HG02883	HG02881	HG02882	task1015_HG02883_HG02881_HG02882_chr17_32838728
1016	chr17	33894037	33893587	33894487	NA10854	NA11839	NA11840	task1016_NA10854_NA11839_NA11840_chr17_33894037
1017	chr17	36409421	36408971	36409871	HG02773	HG02771	HG02772	task1017_HG02773_HG02771_HG02772_chr17_36409421
1018	chr17	36409421	36408971	36409871	HG02978	HG02977	HG02976	task1018_HG02978_HG02977_HG02976_chr17_36409421
1019	chr17	38679386	38678936	38679836	NA12752	NA12760	NA12761	task1019_NA12752_NA12760_NA12761_chr17_38679386
1020	chr17	38679386	38678936	38679836	NA19683	NA19682	NA19681	task1020_NA19683_NA19682_NA19681_chr17_38679386
1021	chr17	41716909	41716459	41717359	NA10864	NA11893	NA11894	task1021_NA10864_NA11893_NA11894_chr17_41716909
1022	chr17	42695512	42695062	42695962	HG02463	HG02461	HG02462	task1022_HG02463_HG02461_HG02462_chr17_42695512
1023	chr17	43289980	43289530	43290430	HG00552	HG01075	HG00551	task1023_HG00552_HG01075_HG00551_chr17_43289980
1024	chr17	43289980	43289530	43290430	HG01346	HG01344	HG01345	task1024_HG01346_HG01344_HG01345_chr17_43289980
1025	chr17	43289980	43289530	43290430	HG02662	HG02660	HG02661	task1025_HG02662_HG02660_HG02661_chr17_43289980
1026	chr17	47751140	47750690	47751590	HG01925	HG01923	HG01924	task1026_HG01925_HG01923_HG01924_chr17_47751140
1027	chr17	48206468	48206018	48206918	HG03710	HG03708	HG03709	task1027_HG03710_HG03708_HG03709_chr17_48206468
1028	chr17	52083203	52082753	52083653	NA20128	NA20126	NA20127	task1028_NA20128_NA20126_NA20127_chr17_52083203
1029	chr17	52563493	52563043	52563943	HG03453	HG03451	HG03452	task1029_HG03453_HG03451_HG03452_chr17_52563493
1030	chr17	52563493	52563043	52563943	NA19100	NA19098	NA19099	task1030_NA19100_NA19098_NA19099_chr17_52563493
1031	chr17	53380646	53380196	53381096	NA18869	NA18868	NA18867	task1031_NA18869_NA18868_NA18867_chr17_53380646
1032	chr17	54245888	54245438	54246338	HG03041	HG03039	HG03040	task1032_HG03041_HG03039_HG03040_chr17_54245888
1033	chr17	54248359	54247909	54248809	HG00535	HG00533	HG00534	task1033_HG00535_HG00533_HG00534_chr17_54248359
1034	chr17	55853563	55853113	55854013	HG03906	HG03905	HG03904	task1034_HG03906_HG03905_HG03904_chr17_55853563
1035	chr17	58020046	58019596	58020496	HG01633	HG01631	HG01632	task1035_HG01633_HG01631_HG01632_chr17_58020046
1036	chr17	58020046	58019596	58020496	HG02612	HG02610	HG02611	task1036_HG02612_HG02610_HG02611_chr17_58020046
1037	chr17	58020046	58019596	58020496	NA18930	NA18917	NA18916	task1037_NA18930_NA18917_NA18916_chr17_58020046
1038	chr17	59569739	59569289	59570189	HG01099	HG01097	HG01098	task1038_HG01099_HG01097_HG01098_chr17_59569739
1039	chr17	59569739	59569289	59570189	HG02841	HG02839	HG02840	task1039_HG02841_HG02839_HG02840_chr17_59569739
1040	chr17	59569739	59569289	59570189	HG03299	HG03298	HG03297	task1040_HG03299_HG03298_HG03297_chr17_59569739
1041	chr17	59569739	59569289	59570189	NA18521	NA18522	NA18523	task1041_NA18521_NA18522_NA18523_chr17_59569739
1042	chr17	59818484	59818034	59818934	HG02889	HG02887	HG02888	task1042_HG02889_HG02887_HG02888_chr17_59818484
1043	chr17	60510044	60509594	60510494	HG03310	HG03311	HG03309	task1043_HG03310_HG03311_HG03309_chr17_60510044
1044	chr17	62240037	62239587	62240487	HG02625	HG02623	HG02624	task1044_HG02625_HG02623_HG02624_chr17_62240037
1045	chr17	62240037	62239587	62240487	HG02815	HG02813	HG02814	task1045_HG02815_HG02813_HG02814_chr17_62240037
1046	chr17	62240037	62239587	62240487	HG02853	HG02851	HG02852	task1046_HG02853_HG02851_HG02852_chr17_62240037
1047	chr17	63297346	63296896	63297796	HG03161	HG03160	HG03159	task1047_HG03161_HG03160_HG03159_chr17_63297346
1048	chr17	63668021	63667571	63668471	HG03137	HG03136	HG03135	task1048_HG03137_HG03136_HG03135_chr17_63668021
1049	chr17	64297244	64296794	64297694	HG03489	HG03487	HG03488	task1049_HG03489_HG03487_HG03488_chr17_64297244
1050	chr17	64566143	64565693	64566593	HG02717	HG02715	HG02716	task1050_HG02717_HG02715_HG02716_chr17_64566143
1051	chr17	64662418	64661968	64662868	HG03056	HG03054	HG03055	task1051_HG03056_HG03054_HG03055_chr17_64662418
1052	chr17	64662418	64661968	64662868	HG03191	HG03190	HG03189	task1052_HG03191_HG03190_HG03189_chr17_64662418
1053	chr17	64662418	64661968	64662868	NA19221	NA19223	NA19222	task1053_NA19221_NA19223_NA19222_chr17_64662418
1054	chr17	64960372	64959922	64960822	HG02761	HG02759	HG02760	task1054_HG02761_HG02759_HG02760_chr17_64960372
1055	chr17	65133296	65132846	65133746	HG01050	HG01048	HG01049	task1055_HG01050_HG01048_HG01049_chr17_65133296
1056	chr17	70891337	70890887	70891787	HG03492	HG03490	HG03491	task1056_HG03492_HG03490_HG03491_chr17_70891337
1057	chr17	70891337	70890887	70891787	NA07019	NA07022	NA07056	task1057_NA07019_NA07022_NA07056_chr17_70891337
1058	chr17	70891337	70890887	70891787	NA19751	NA19750	NA19749	task1058_NA19751_NA19750_NA19749_chr17_70891337
1059	chr17	71727562	71727112	71728012	HG00591	HG00589	HG00590	task1059_HG00591_HG00589_HG00590_chr17_71727562
1060	chr17	71727562	71727112	71728012	HG02083	HG02085	HG02084	task1060_HG02083_HG02085_HG02084_chr17_71727562
1061	chr17	71727562	71727112	71728012	NA19721	NA19720	NA19719	task1061_NA19721_NA19720_NA19719_chr17_71727562
1062	chr17	71858411	71857961	71858861	NA12707	NA12716	NA12717	task1062_NA12707_NA12716_NA12717_chr17_71858411
1063	chr17	72665332	72664882	72665782	HG02880	HG02878	HG02879	task1063_HG02880_HG02878_HG02879_chr17_72665332
1064	chr17	72687200	72686750	72687650	NA18935	NA18934	NA18933	task1064_NA18935_NA18934_NA18933_chr17_72687200
1065	chr17	72687200	72686750	72687650	NA19177	NA19175	NA19176	task1065_NA19177_NA19175_NA19176_chr17_72687200
1066	chr17	76925254	76924804	76925704	HG02273	HG02271	HG02272	task1066_HG02273_HG02271_HG02272_chr17_76925254
1067	chr17	76925254	76924804	76925704	HG03029	HG03027	HG03028	task1067_HG03029_HG03027_HG03028_chr17_76925254
1068	chr17	76925254	76924804	76925704	HG03035	HG03033	HG03034	task1068_HG03035_HG03033_HG03034_chr17_76925254
1069	chr17	76925254	76924804	76925704	HG03344	HG03343	HG03342	task1069_HG03344_HG03343_HG03342_chr17_76925254
1070	chr17	76925254	76924804	76925704	NA18875	NA18874	NA18873	task1070_NA18875_NA18874_NA18873_chr17_76925254
1071	chr17	80265082	80264632	80265532	HG01987	HG01990	HG02012	task1071_HG01987_HG01990_HG02012_chr17_80265082
1072	chr17	80265082	80264632	80265532	HG02463	HG02461	HG02462	task1072_HG02463_HG02461_HG02462_chr17_80265082
1073	chr17	80265082	80264632	80265532	HG02975	HG02973	HG02974	task1073_HG02975_HG02973_HG02974_chr17_80265082
1074	chr17	80930466	80930016	80930916	HG00703	HG00701	HG00702	task1074_HG00703_HG00701_HG00702_chr17_80930466
1075	chr17	80930466	80930016	80930916	HG01511	HG01509	HG01510	task1075_HG01511_HG01509_HG01510_chr17_80930466
1076	chr17	80930466	80930016	80930916	HG01683	HG01682	HG01684	task1076_HG01683_HG01682_HG01684_chr17_80930466
1077	chr17	80930466	80930016	80930916	HG01780	HG01781	HG01779	task1077_HG01780_HG01781_HG01779_chr17_80930466
1078	chr17	80930466	80930016	80930916	HG01952	HG01950	HG01951	task1078_HG01952_HG01950_HG01951_chr17_80930466
1079	chr17	80930466	80930016	80930916	HG02677	HG02675	HG02676	task1079_HG02677_HG02675_HG02676_chr17_80930466
1080	chr17	80930466	80930016	80930916	HG02818	HG02816	HG02817	task1080_HG02818_HG02816_HG02817_chr17_80930466
1081	chr17	80930466	80930016	80930916	NA12878	NA12891	NA12892	task1081_NA12878_NA12891_NA12892_chr17_80930466
1082	chr17	80930466	80930016	80930916	NA19100	NA19098	NA19099	task1082_NA19100_NA19098_NA19099_chr17_80930466
1083	chr17	80930466	80930016	80930916	NA19148	NA19146	NA19147	task1083_NA19148_NA19146_NA19147_chr17_80930466
1084	chr17	83127658	83127208	83128108	HG04187	HG04185	HG04186	task1084_HG04187_HG04185_HG04186_chr17_83127658
1085	chr17	83127658	83127208	83128108	NA10863	NA12264	NA12234	task1085_NA10863_NA12264_NA12234_chr17_83127658
1086	chr17	83127714	83127264	83128164	HG02972	HG02971	HG02970	task1086_HG02972_HG02971_HG02970_chr17_83127714
1087	chr17	83127727	83127277	83128177	HG02770	HG02768	HG02769	task1087_HG02770_HG02768_HG02769_chr17_83127727
1088	chr17	83127727	83127277	83128177	HG03516	HG03515	HG03514	task1088_HG03516_HG03515_HG03514_chr17_83127727
1089	chr18	10932	10482	11382	NA19828	NA19818	NA19819	task1089_NA19828_NA19818_NA19819_chr18_10932
1090	chr18	791105	790655	791555	HG00664	HG00662	HG00663	task1090_HG00664_HG00662_HG00663_chr18_791105
1091	chr18	1861948	1861498	1862398	HG02770	HG02768	HG02769	task1091_HG02770_HG02768_HG02769_chr18_1861948
1092	chr18	2607836	2607386	2608286	HG02644	HG02642	HG02643	task1092_HG02644_HG02642_HG02643_chr18_2607836
1093	chr18	3566153	3565703	3566603	HG02764	HG02762	HG02763	task1093_HG02764_HG02762_HG02763_chr18_3566153
1094	chr18	3566153	3565703	3566603	NA19919	NA19908	NA19909	task1094_NA19919_NA19908_NA19909_chr18_3566153
1095	chr18	3566153	3565703	3566603	NA19983	NA19982	NA19713	task1095_NA19983_NA19982_NA19713_chr18_3566153
1096	chr18	4266901	4266451	4267351	HG02615	HG02613	HG02614	task1096_HG02615_HG02613_HG02614_chr18_4266901
1097	chr18	4850518	4850068	4850968	HG01499	HG01497	HG01498	task1097_HG01499_HG01497_HG01498_chr18_4850518
1098	chr18	4850518	4850068	4850968	NA12818	NA12829	NA12830	task1098_NA12818_NA12829_NA12830_chr18_4850518
1099	chr18	5127396	5126946	5127846	HG02596	HG02594	HG02595	task1099_HG02596_HG02594_HG02595_chr18_5127396
1100	chr18	8726504	8726054	8726954	HG01884	HG01885	HG01956	task1100_HG01884_HG01885_HG01956_chr18_8726504
1101	chr18	9605667	9605217	9606117	HG01969	HG01967	HG01968	task1101_HG01969_HG01967_HG01968_chr18_9605667
1102	chr18	10163449	10162999	10163899	HG01499	HG01497	HG01498	task1102_HG01499_HG01497_HG01498_chr18_10163449
1103	chr18	12024820	12024370	12025270	HG02889	HG02887	HG02888	task1103_HG02889_HG02887_HG02888_chr18_12024820
1104	chr18	12885567	12885117	12886017	HG02030	HG02032	HG02031	task1104_HG02030_HG02032_HG02031_chr18_12885567
1105	chr18	22299592	22299142	22300042	HG03110	HG03109	HG03108	task1105_HG03110_HG03109_HG03108_chr18_22299592
1106	chr18	25506270	25505820	25506720	NA19154	NA19153	NA19152	task1106_NA19154_NA19153_NA19152_chr18_25506270
1107	chr18	26657079	26656629	26657529	HG00609	HG00607	HG00608	task1107_HG00609_HG00607_HG00608_chr18_26657079
1108	chr18	27517047	27516597	27517497	HG01698	HG01699	HG01697	task1108_HG01698_HG01699_HG01697_chr18_27517047
1109	chr18	27582324	27581874	27582774	NA18484	NA18486	NA18488	task1109_NA18484_NA18486_NA18488_chr18_27582324
1110	chr18	30427095	30426645	30427545	HG01633	HG01631	HG01632	task1110_HG01633_HG01631_HG01632_chr18_30427095
1111	chr18	32154538	32154088	32154988	NA18930	NA18917	NA18916	task1111_NA18930_NA18917_NA18916_chr18_32154538
1112	chr18	32189482	32189032	32189932	NA19145	NA19144	NA19143	task1112_NA19145_NA19144_NA19143_chr18_32189482
1113	chr18	32249622	32249172	32250072	HG03310	HG03311	HG03309	task1113_HG03310_HG03311_HG03309_chr18_32249622
1114	chr18	32249622	32249172	32250072	NA19097	NA19096	NA19095	task1114_NA19097_NA19096_NA19095_chr18_32249622
1115	chr18	32379558	32379108	32380008	HG00585	HG00583	HG00584	task1115_HG00585_HG00583_HG00584_chr18_32379558
1116	chr18	32379558	32379108	32380008	HG01925	HG01923	HG01924	task1116_HG01925_HG01923_HG01924_chr18_32379558
1117	chr18	32379558	32379108	32380008	HG02126	HG02128	HG02127	task1117_HG02126_HG02128_HG02127_chr18_32379558
1118	chr18	32379558	32379108	32380008	HG02773	HG02771	HG02772	task1118_HG02773_HG02771_HG02772_chr18_32379558
1119	chr18	33288020	33287570	33288470	NA19132	NA19130	NA19131	task1119_NA19132_NA19130_NA19131_chr18_33288020
1120	chr18	33379075	33378625	33379525	HG02812	HG02810	HG02811	task1120_HG02812_HG02810_HG02811_chr18_33379075
1121	chr18	33379075	33378625	33379525	NA19718	NA19717	NA19716	task1121_NA19718_NA19717_NA19716_chr18_33379075
1122	chr18	33411612	33411162	33412062	HG02584	HG02582	HG02583	task1122_HG02584_HG02582_HG02583_chr18_33411612
1123	chr18	33440643	33440193	33441093	HG02622	HG02620	HG02621	task1123_HG02622_HG02620_HG02621_chr18_33440643
1124	chr18	33953480	33953030	33953930	HG01696	HG01694	HG01695	task1124_HG01696_HG01694_HG01695_chr18_33953480
1125	chr18	33980119	33979669	33980569	HG03576	HG03574	HG03575	task1125_HG03576_HG03574_HG03575_chr18_33980119
1126	chr18	35475906	35475456	35476356	HG03248	HG03246	HG03247	task1126_HG03248_HG03246_HG03247_chr18_35475906
1127	chr18	43793890	43793440	43794340	HG03122	HG03120	HG03121	task1127_HG03122_HG03120_HG03121_chr18_43793890
1128	chr18	43793890	43793440	43794340	NA19154	NA19153	NA19152	task1128_NA19154_NA19153_NA19152_chr18_43793890
1129	chr18	43793890	43793440	43794340	NA19983	NA19982	NA19713	task1129_NA19983_NA19982_NA19713_chr18_43793890
1130	chr18	44372496	44372046	44372946	HG03486	HG03484	HG03485	task1130_HG03486_HG03484_HG03485_chr18_44372496
1131	chr18	44372496	44372046	44372946	NA20129	NA19920	NA19921	task1131_NA20129_NA19920_NA19921_chr18_44372496
1132	chr18	45684240	45683790	45684690	NA19224	NA19226	NA19225	task1132_NA19224_NA19226_NA19225_chr18_45684240
1133	chr18	46596165	46595715	46596615	HG02683	HG02681	HG02682	task1133_HG02683_HG02681_HG02682_chr18_46596165
1134	chr18	47194251	47193801	47194701	HG02945	HG02944	HG02943	task1134_HG02945_HG02944_HG02943_chr18_47194251
1135	chr18	47194251	47193801	47194701	NA18863	NA18862	NA18861	task1135_NA18863_NA18862_NA18861_chr18_47194251
1136	chr18	52161972	52161522	52162422	HG03122	HG03120	HG03121	task1136_HG03122_HG03120_HG03121_chr18_52161972
1137	chr18	52783559	52783109	52784009	NA10855	NA11831	NA11832	task1137_NA10855_NA11831_NA11832_chr18_52783559
1138	chr18	55156749	55156299	55157199	HG00514	HG00512	HG00513	task1138_HG00514_HG00512_HG00513_chr18_55156749
1139	chr18	56532000	56531550	56532450	HG02972	HG02971	HG02970	task1139_HG02972_HG02971_HG02970_chr18_56532000
1140	chr18	56874843	56874393	56875293	HG02466	HG02464	HG02465	task1140_HG02466_HG02464_HG02465_chr18_56874843
1141	chr18	60958405	60957955	60958855	HG02738	HG02736	HG02737	task1141_HG02738_HG02736_HG02737_chr18_60958405
1142	chr18	61322641	61322191	61323091	HG02563	HG02561	HG02562	task1142_HG02563_HG02561_HG02562_chr18_61322641
1143	chr18	61466123	61465673	61466573	HG02587	HG02585	HG02586	task1143_HG02587_HG02585_HG02586_chr18_61466123
1144	chr18	61999244	61998794	61999694	NA10861	NA11994	NA11995	task1144_NA10861_NA11994_NA11995_chr18_61999244
1145	chr18	65781768	65781318	65782218	HG01103	HG01101	HG01102	task1145_HG01103_HG01101_HG01102_chr18_65781768
1146	chr18	65781768	65781318	65782218	HG01346	HG01344	HG01345	task1146_HG01346_HG01344_HG01345_chr18_65781768
1147	chr18	65781768	65781318	65782218	HG02701	HG02699	HG02700	task1147_HG02701_HG02699_HG02700_chr18_65781768
1148	chr18	65781768	65781318	65782218	HG03308	HG03307	HG03306	task1148_HG03308_HG03307_HG03306_chr18_65781768
1149	chr18	65781768	65781318	65782218	HG03350	HG03352	HG03351	task1149_HG03350_HG03352_HG03351_chr18_65781768
1150	chr18	66740867	66740417	66741317	HG03540	HG03538	HG03539	task1150_HG03540_HG03538_HG03539_chr18_66740867
1151	chr18	68784337	68783887	68784787	NA19174	NA19117	NA19118	task1151_NA19174_NA19117_NA19118_chr18_68784337
1152	chr18	68893419	68892969	68893869	HG01517	HG01515	HG01516	task1152_HG01517_HG01515_HG01516_chr18_68893419
1153	chr18	70411951	70411501	70412401	HG02984	HG02982	HG02983	task1153_HG02984_HG02982_HG02983_chr18_70411951
1154	chr18	72946645	72946195	72947095	HG04184	HG04182	HG04183	task1154_HG04184_HG04182_HG04183_chr18_72946645
1155	chr18	75599015	75598565	75599465	HG02841	HG02839	HG02840	task1155_HG02841_HG02839_HG02840_chr18_75599015
1156	chr18	75778930	75778480	75779380	NA10838	NA12003	NA12004	task1156_NA10838_NA12003_NA12004_chr18_75778930
1157	chr18	76755435	76754985	76755885	HG01526	HG01524	HG01525	task1157_HG01526_HG01524_HG01525_chr18_76755435
1158	chr18	77859770	77859320	77860220	HG00558	HG00556	HG00557	task1158_HG00558_HG00556_HG00557_chr18_77859770
1159	chr18	77859770	77859320	77860220	HG03480	HG03478	HG03479	task1159_HG03480_HG03478_HG03479_chr18_77859770
1160	chr18	79060365	79059915	79060815	HG02677	HG02675	HG02676	task1160_HG02677_HG02675_HG02676_chr18_79060365
1161	chr18	79468245	79467795	79468695	HG02954	HG02953	HG02952	task1161_HG02954_HG02953_HG02952_chr18_79468245
1162	chr18	79620021	79619571	79620471	HG00597	HG00595	HG00596	task1162_HG00597_HG00595_HG00596_chr18_79620021
1163	chr18	79620021	79619571	79620471	HG01103	HG01101	HG01102	task1163_HG01103_HG01101_HG01102_chr18_79620021
1164	chr18	79620021	79619571	79620471	HG01433	HG01431	HG01432	task1164_HG01433_HG01431_HG01432_chr18_79620021
1165	chr18	79684972	79684522	79685422	HG01150	HG01148	HG01149	task1165_HG01150_HG01148_HG01149_chr18_79684972
1166	chr18	79684972	79684522	79685422	HG01346	HG01344	HG01345	task1166_HG01346_HG01344_HG01345_chr18_79684972
1167	chr18	79684972	79684522	79685422	HG01774	HG01775	HG01773	task1167_HG01774_HG01775_HG01773_chr18_79684972
1168	chr18	79684972	79684522	79685422	HG03026	HG03024	HG03025	task1168_HG03026_HG03024_HG03025_chr18_79684972
1169	chr18	79684972	79684522	79685422	HG03200	HG03199	HG03198	task1169_HG03200_HG03199_HG03198_chr18_79684972
1170	chr18	79684972	79684522	79685422	HG03807	HG03806	HG03805	task1170_HG03807_HG03806_HG03805_chr18_79684972
1171	chr18	79684972	79684522	79685422	NA07029	NA06994	NA07000	task1171_NA07029_NA06994_NA07000_chr18_79684972
1172	chr18	79684972	79684522	79685422	NA19208	NA19207	NA19206	task1172_NA19208_NA19207_NA19206_chr18_79684972
1173	chr19	510159	509709	510609	HG02975	HG02973	HG02974	task1173_HG02975_HG02973_HG02974_chr19_510159
1174	chr19	2254905	2254455	2255355	HG03704	HG03702	HG03703	task1174_HG03704_HG03702_HG03703_chr19_2254905
1175	chr19	4158213	4157763	4158663	NA18925	NA18923	NA18924	task1175_NA18925_NA18923_NA18924_chr19_4158213
1176	chr19	5303944	5303494	5304394	HG01782	HG01783	HG01784	task1176_HG01782_HG01783_HG01784_chr19_5303944
1177	chr19	5910831	5910381	5911281	NA19115	NA19113	NA19114	task1177_NA19115_NA19113_NA19114_chr19_5910831
1178	chr19	5910831	5910381	5911281	NA19205	NA19203	NA19204	task1178_NA19205_NA19203_NA19204_chr19_5910831
1179	chr19	8325925	8325475	8326375	HG02630	HG02628	HG02629	task1179_HG02630_HG02628_HG02629_chr19_8325925
1180	chr19	13971736	13971286	13972186	HG04151	HG04149	HG04150	task1180_HG04151_HG04149_HG04150_chr19_13971736
1181	chr19	17554507	17554057	17554957	NA18914	NA18913	NA18912	task1181_NA18914_NA18913_NA18912_chr19_17554507
1182	chr19	20198946	20198496	20199396	HG03041	HG03039	HG03040	task1182_HG03041_HG03039_HG03040_chr19_20198946
1183	chr19	20198946	20198496	20199396	NA18906	NA18877	NA18876	task1183_NA18906_NA18877_NA18876_chr19_20198946
1184	chr19	21261834	21261384	21262284	HG03310	HG03311	HG03309	task1184_HG03310_HG03311_HG03309_chr19_21261834
1185	chr19	21495500	21495050	21495950	HG02653	HG02651	HG02652	task1185_HG02653_HG02651_HG02652_chr19_21495500
1186	chr19	22011653	22011203	22012103	NA18518	NA18519	NA18520	task1186_NA18518_NA18519_NA18520_chr19_22011653
1187	chr19	22142252	22141802	22142702	HG02897	HG02895	HG02896	task1187_HG02897_HG02895_HG02896_chr19_22142252
1188	chr19	22142252	22141802	22142702	NA18497	NA18498	NA18499	task1188_NA18497_NA18498_NA18499_chr19_22142252
1189	chr19	22957994	22957544	22958444	HG02466	HG02464	HG02465	task1189_HG02466_HG02464_HG02465_chr19_22957994
1190	chr19	28534024	28533574	28534474	NA18857	NA18856	NA18855	task1190_NA18857_NA18856_NA18855_chr19_28534024
1191	chr19	29228428	29227978	29228878	NA12485	NA12413	NA12414	task1191_NA12485_NA12413_NA12414_chr19_29228428
1192	chr19	30318004	30317554	30318454	HG03191	HG03190	HG03189	task1192_HG03191_HG03190_HG03189_chr19_30318004
1193	chr19	32239972	32239522	32240422	NA19115	NA19113	NA19114	task1193_NA19115_NA19113_NA19114_chr19_32239972
1194	chr19	36722962	36722512	36723412	NA19919	NA19908	NA19909	task1194_NA19919_NA19908_NA19909_chr19_36722962
1195	chr19	42475542	42475092	42475992	HG02625	HG02623	HG02624	task1195_HG02625_HG02623_HG02624_chr19_42475542
1196	chr19	43610545	43610095	43610995	HG02596	HG02594	HG02595	task1196_HG02596_HG02594_HG02595_chr19_43610545
1197	chr19	44005482	44005032	44005932	HG01604	HG01606	HG01605	task1197_HG01604_HG01606_HG01605_chr19_44005482
1198	chr19	44111017	44110567	44111467	HG01916	HG01914	HG01915	task1198_HG01916_HG01914_HG01915_chr19_44111017
1199	chr19	44111017	44110567	44111467	NA18925	NA18923	NA18924	task1199_NA18925_NA18923_NA18924_chr19_44111017
1200	chr19	44999126	44998676	44999576	HG03131	HG03130	HG03129	task1200_HG03131_HG03130_HG03129_chr19_44999126
1201	chr19	46396532	46396082	46396982	HG02809	HG02807	HG02808	task1201_HG02809_HG02807_HG02808_chr19_46396532
1202	chr19	47226108	47225658	47226558	HG01888	HG01882	HG01883	task1202_HG01888_HG01882_HG01883_chr19_47226108
1203	chr19	47413908	47413458	47414358	HG03248	HG03246	HG03247	task1203_HG03248_HG03246_HG03247_chr19_47413908
1204	chr19	50251520	50251070	50251970	NA18914	NA18913	NA18912	task1204_NA18914_NA18913_NA18912_chr19_50251520
1205	chr19	50492980	50492530	50493430	HG01109	HG01107	HG01108	task1205_HG01109_HG01107_HG01108_chr19_50492980
1206	chr19	50492980	50492530	50493430	HG02059	HG02061	HG02060	task1206_HG02059_HG02061_HG02060_chr19_50492980
1207	chr19	51853980	51853530	51854430	NA19123	NA19121	NA19122	task1207_NA19123_NA19121_NA19122_chr19_51853980
1208	chr19	52170087	52169637	52170537	HG02770	HG02768	HG02769	task1208_HG02770_HG02768_HG02769_chr19_52170087
1209	chr19	53270075	53269625	53270525	NA19097	NA19096	NA19095	task1209_NA19097_NA19096_NA19095_chr19_53270075
1210	chr19	53657535	53657085	53657985	HG02717	HG02715	HG02716	task1210_HG02717_HG02715_HG02716_chr19_53657535
1211	chr19	53657535	53657085	53657985	HG02723	HG02721	HG02722	task1211_HG02723_HG02721_HG02722_chr19_53657535
1212	chr19	53657535	53657085	53657985	HG02892	HG02890	HG02891	task1212_HG02892_HG02890_HG02891_chr19_53657535
1213	chr19	53657535	53657085	53657985	NA18925	NA18923	NA18924	task1213_NA18925_NA18923_NA18924_chr19_53657535
1214	chr19	54109833	54109383	54110283	HG01667	HG01669	HG01668	task1214_HG01667_HG01669_HG01668_chr19_54109833
1215	chr19	54109833	54109383	54110283	HG02321	HG02281	HG02282	task1215_HG02321_HG02281_HG02282_chr19_54109833
1216	chr19	55404033	55403583	55404483	HG02622	HG02620	HG02621	task1216_HG02622_HG02620_HG02621_chr19_55404033
1217	chr19	55404033	55403583	55404483	HG02800	HG02798	HG02799	task1217_HG02800_HG02798_HG02799_chr19_55404033
1218	chr19	55404033	55403583	55404483	HG02975	HG02973	HG02974	task1218_HG02975_HG02973_HG02974_chr19_55404033
1219	chr19	55404033	55403583	55404483	HG03170	HG03169	HG03168	task1219_HG03170_HG03169_HG03168_chr19_55404033
1220	chr19	55404033	55403583	55404483	HG03371	HG03370	HG03369	task1220_HG03371_HG03370_HG03369_chr19_55404033
1221	chr19	55404033	55403583	55404483	NA18500	NA18501	NA18502	task1221_NA18500_NA18501_NA18502_chr19_55404033
1222	chr19	55404033	55403583	55404483	NA18518	NA18519	NA18520	task1222_NA18518_NA18519_NA18520_chr19_55404033
1223	chr19	55404033	55403583	55404483	NA19983	NA19982	NA19713	task1223_NA19983_NA19982_NA19713_chr19_55404033
1224	chr19	55557378	55556928	55557828	NA19100	NA19098	NA19099	task1224_NA19100_NA19098_NA19099_chr19_55557378
1225	chr19	57379742	57379292	57380192	HG00535	HG00533	HG00534	task1225_HG00535_HG00533_HG00534_chr19_57379742
1226	chr19	57932556	57932106	57933006	HG03516	HG03515	HG03514	task1226_HG03516_HG03515_HG03514_chr19_57932556
1227	chr19	58410543	58410093	58410993	NA18521	NA18522	NA18523	task1227_NA18521_NA18522_NA18523_chr19_58410543
1228	chr2	214467	214017	214917	HG02853	HG02851	HG02852	task1228_HG02853_HG02851_HG02852_chr2_214467
1229	chr2	214467	214017	214917	HG03584	HG03582	HG03583	task1229_HG03584_HG03582_HG03583_chr2_214467
1230	chr2	214467	214017	214917	HG03605	HG03606	HG03607	task1230_HG03605_HG03606_HG03607_chr2_214467
1231	chr2	214467	214017	214917	HG04036	HG03943	HG03944	task1231_HG04036_HG03943_HG03944_chr2_214467
1232	chr2	214467	214017	214917	NA06995	NA07435	NA07037	task1232_NA06995_NA07435_NA07037_chr2_214467
1233	chr2	416681	416231	417131	HG02091	HG02090	HG02089	task1233_HG02091_HG02090_HG02089_chr2_416681
1234	chr2	416681	416231	417131	NA19186	NA19184	NA19185	task1234_NA19186_NA19184_NA19185_chr2_416681
1235	chr2	416686	416236	417136	NA19186	NA19184	NA19185	task1235_NA19186_NA19184_NA19185_chr2_416686
1236	chr2	3180456	3180006	3180906	HG01579	HG01577	HG01578	task1236_HG01579_HG01577_HG01578_chr2_3180456
1237	chr2	3180456	3180006	3180906	HG02055	HG02053	HG02054	task1237_HG02055_HG02053_HG02054_chr2_3180456
1238	chr2	3180456	3180006	3180906	HG02451	HG02449	HG02450	task1238_HG02451_HG02449_HG02450_chr2_3180456
1239	chr2	3180456	3180006	3180906	HG03296	HG03295	HG03294	task1239_HG03296_HG03295_HG03294_chr2_3180456
1240	chr2	3180456	3180006	3180906	HG03605	HG03606	HG03607	task1240_HG03605_HG03606_HG03607_chr2_3180456
1241	chr2	3180456	3180006	3180906	NA18854	NA18853	NA18852	task1241_NA18854_NA18853_NA18852_chr2_3180456
1242	chr2	3180456	3180006	3180906	NA19751	NA19750	NA19749	task1242_NA19751_NA19750_NA19749_chr2_3180456
1243	chr2	4338112	4337662	4338562	HG03260	HG03258	HG03259	task1243_HG03260_HG03258_HG03259_chr2_4338112
1244	chr2	7380097	7379647	7380547	NA19730	NA19729	NA19728	task1244_NA19730_NA19729_NA19728_chr2_7380097
1245	chr2	7673799	7673349	7674249	HG01667	HG01669	HG01668	task1245_HG01667_HG01669_HG01668_chr2_7673799
1246	chr2	7673799	7673349	7674249	HG01703	HG01705	HG01704	task1246_HG01703_HG01705_HG01704_chr2_7673799
1247	chr2	9080960	9080510	9081410	HG01573	HG01571	HG01572	task1247_HG01573_HG01571_HG01572_chr2_9080960
1248	chr2	11545870	11545420	11546320	HG03122	HG03120	HG03121	task1248_HG03122_HG03120_HG03121_chr2_11545870
1249	chr2	14091545	14091095	14091995	HG01887	HG02014	HG01886	task1249_HG01887_HG02014_HG01886_chr2_14091545
1250	chr2	15567927	15567477	15568377	HG02818	HG02816	HG02817	task1250_HG02818_HG02816_HG02817_chr2_15567927
1251	chr2	19566232	19565782	19566682	HG03128	HG03127	HG03126	task1251_HG03128_HG03127_HG03126_chr2_19566232
1252	chr2	19627934	19627484	19628384	NA19173	NA19171	NA19172	task1252_NA19173_NA19171_NA19172_chr2_19627934
1253	chr2	24059239	24058789	24059689	HG02800	HG02798	HG02799	task1253_HG02800_HG02798_HG02799_chr2_24059239
1254	chr2	24324377	24323927	24324827	HG00423	HG00421	HG00422	task1254_HG00423_HG00421_HG00422_chr2_24324377
1255	chr2	27538272	27537822	27538722	NA18911	NA18910	NA18909	task1255_NA18911_NA18910_NA18909_chr2_27538272
1256	chr2	27910338	27909888	27910788	NA18500	NA18501	NA18502	task1256_NA18500_NA18501_NA18502_chr2_27910338
1257	chr2	28835640	28835190	28836090	HG02704	HG02702	HG02703	task1257_HG02704_HG02702_HG02703_chr2_28835640
1258	chr2	33617604	33617154	33618054	NA19154	NA19153	NA19152	task1258_NA19154_NA19153_NA19152_chr2_33617604
1259	chr2	33946086	33945636	33946536	HG02572	HG02570	HG02571	task1259_HG02572_HG02570_HG02571_chr2_33946086
1260	chr2	33946086	33945636	33946536	HG02838	HG02836	HG02837	task1260_HG02838_HG02836_HG02837_chr2_33946086
1261	chr2	37559839	37559389	37560289	HG02575	HG02573	HG02574	task1261_HG02575_HG02573_HG02574_chr2_37559839
1262	chr2	37559839	37559389	37560289	HG02897	HG02895	HG02896	task1262_HG02897_HG02895_HG02896_chr2_37559839
1263	chr2	41792329	41791879	41792779	NA10856	NA11829	NA11830	task1263_NA10856_NA11829_NA11830_chr2_41792329
1264	chr2	42047789	42047339	42048239	NA20358	NA20356	NA20357	task1264_NA20358_NA20356_NA20357_chr2_42047789
1265	chr2	44528926	44528476	44529376	HG03915	HG03914	HG03913	task1265_HG03915_HG03914_HG03913_chr2_44528926
1266	chr2	44727566	44727116	44728016	HG02659	HG02657	HG02658	task1266_HG02659_HG02657_HG02658_chr2_44727566
1267	chr2	48232283	48231833	48232733	HG03260	HG03258	HG03259	task1267_HG03260_HG03258_HG03259_chr2_48232283
1268	chr2	48303474	48303024	48303924	HG02704	HG02702	HG02703	task1268_HG02704_HG02702_HG02703_chr2_48303474
1269	chr2	50184730	50184280	50185180	HG03296	HG03295	HG03294	task1269_HG03296_HG03295_HG03294_chr2_50184730
1270	chr2	50184730	50184280	50185180	HG03308	HG03307	HG03306	task1270_HG03308_HG03307_HG03306_chr2_50184730
1271	chr2	53429774	53429324	53430224	HG01520	HG01518	HG01519	task1271_HG01520_HG01518_HG01519_chr2_53429774
1272	chr2	54230730	54230280	54231180	HG02972	HG02971	HG02970	task1272_HG02972_HG02971_HG02970_chr2_54230730
1273	chr2	54230730	54230280	54231180	NA19205	NA19203	NA19204	task1273_NA19205_NA19203_NA19204_chr2_54230730
1274	chr2	57750166	57749716	57750616	HG01891	HG01890	HG01889	task1274_HG01891_HG01890_HG01889_chr2_57750166
1275	chr2	58315716	58315266	58316166	HG03296	HG03295	HG03294	task1275_HG03296_HG03295_HG03294_chr2_58315716
1276	chr2	58315716	58315266	58316166	NA19094	NA19092	NA19093	task1276_NA19094_NA19092_NA19093_chr2_58315716
1277	chr2	59949229	59948779	59949679	HG02240	HG02238	HG02239	task1277_HG02240_HG02238_HG02239_chr2_59949229
1278	chr2	66270213	66269763	66270663	HG02280	HG02307	HG02308	task1278_HG02280_HG02307_HG02308_chr2_66270213
1279	chr2	66637075	66636625	66637525	NA19100	NA19098	NA19099	task1279_NA19100_NA19098_NA19099_chr2_66637075
1280	chr2	73154506	73154056	73154956	NA19705	NA19703	NA19704	task1280_NA19705_NA19703_NA19704_chr2_73154506
1281	chr2	76924613	76924163	76925063	HG03200	HG03199	HG03198	task1281_HG03200_HG03199_HG03198_chr2_76924613
1282	chr2	77465886	77465436	77466336	NA19760	NA19759	NA19758	task1282_NA19760_NA19759_NA19758_chr2_77465886
1283	chr2	81167657	81167207	81168107	HG01126	HG01124	HG01125	task1283_HG01126_HG01124_HG01125_chr2_81167657
1284	chr2	81167657	81167207	81168107	HG02862	HG02860	HG02861	task1284_HG02862_HG02860_HG02861_chr2_81167657
1285	chr2	81167657	81167207	81168107	HG03047	HG03045	HG03046	task1285_HG03047_HG03045_HG03046_chr2_81167657
1286	chr2	81167657	81167207	81168107	HG03200	HG03199	HG03198	task1286_HG03200_HG03199_HG03198_chr2_81167657
1287	chr2	81167657	81167207	81168107	NA19671	NA19670	NA19669	task1287_NA19671_NA19670_NA19669_chr2_81167657
1288	chr2	82245325	82244875	82245775	NA19174	NA19117	NA19118	task1288_NA19174_NA19117_NA19118_chr2_82245325
1289	chr2	82440620	82440170	82441070	NA19161	NA19160	NA19159	task1289_NA19161_NA19160_NA19159_chr2_82440620
1290	chr2	87967145	87966695	87967595	HG03825	HG03824	HG03823	task1290_HG03825_HG03824_HG03823_chr2_87967145
1291	chr2	88708241	88707791	88708691	HG03834	HG03833	HG03832	task1291_HG03834_HG03833_HG03832_chr2_88708241
1292	chr2	89059974	89059524	89060424	HG02897	HG02895	HG02896	task1292_HG02897_HG02895_HG02896_chr2_89059974
1293	chr2	89059974	89059524	89060424	HG02948	HG02947	HG02946	task1293_HG02948_HG02947_HG02946_chr2_89059974
1294	chr2	89059974	89059524	89060424	NA19186	NA19184	NA19185	task1294_NA19186_NA19184_NA19185_chr2_89059974
1295	chr2	94240531	94240081	94240981	NA19208	NA19207	NA19206	task1295_NA19208_NA19207_NA19206_chr2_94240531
1296	chr2	99113726	99113276	99114176	NA07348	NA07357	NA07345	task1296_NA07348_NA07357_NA07345_chr2_99113726
1297	chr2	102927269	102926819	102927719	HG03710	HG03708	HG03709	task1297_HG03710_HG03708_HG03709_chr2_102927269
1298	chr2	104723204	104722754	104723654	NA12767	NA12777	NA12778	task1298_NA12767_NA12777_NA12778_chr2_104723204
1299	chr2	104824443	104823993	104824893	HG00474	HG00472	HG00473	task1299_HG00474_HG00472_HG00473_chr2_104824443
1300	chr2	104824443	104823993	104824893	HG00706	HG00704	HG00705	task1300_HG00706_HG00704_HG00705_chr2_104824443
1301	chr2	104824443	104823993	104824893	HG02129	HG02131	HG02130	task1301_HG02129_HG02131_HG02130_chr2_104824443
1302	chr2	104824443	104823993	104824893	HG03596	HG03594	HG03595	task1302_HG03596_HG03594_HG03595_chr2_104824443
1303	chr2	104824443	104823993	104824893	NA06995	NA07435	NA07037	task1303_NA06995_NA07435_NA07037_chr2_104824443
1304	chr2	108228090	108227640	108228540	HG03029	HG03027	HG03028	task1304_HG03029_HG03027_HG03028_chr2_108228090
1305	chr2	108228090	108227640	108228540	HG03116	HG03115	HG03114	task1305_HG03116_HG03115_HG03114_chr2_108228090
1306	chr2	113429603	113429153	113430053	HG03516	HG03515	HG03514	task1306_HG03516_HG03515_HG03514_chr2_113429603
1307	chr2	113429603	113429153	113430053	HG03710	HG03708	HG03709	task1307_HG03710_HG03708_HG03709_chr2_113429603
1308	chr2	117061881	117061431	117062331	HG02625	HG02623	HG02624	task1308_HG02625_HG02623_HG02624_chr2_117061881
1309	chr2	117250559	117250109	117251009	HG01150	HG01148	HG01149	task1309_HG01150_HG01148_HG01149_chr2_117250559
1310	chr2	117744304	117743854	117744754	HG02889	HG02887	HG02888	task1310_HG02889_HG02887_HG02888_chr2_117744304
1311	chr2	118445130	118444680	118445580	HG04187	HG04185	HG04186	task1311_HG04187_HG04185_HG04186_chr2_118445130
1312	chr2	119444230	119443780	119444680	HG00447	HG00445	HG00446	task1312_HG00447_HG00445_HG00446_chr2_119444230
1313	chr2	119444230	119443780	119444680	HG01887	HG02014	HG01886	task1313_HG01887_HG02014_HG01886_chr2_119444230
1314	chr2	119444230	119443780	119444680	HG02321	HG02281	HG02282	task1314_HG02321_HG02281_HG02282_chr2_119444230
1315	chr2	119444230	119443780	119444680	HG02615	HG02613	HG02614	task1315_HG02615_HG02613_HG02614_chr2_119444230
1316	chr2	119444230	119443780	119444680	HG02704	HG02702	HG02703	task1316_HG02704_HG02702_HG02703_chr2_119444230
1317	chr2	119444230	119443780	119444680	HG02886	HG02884	HG02885	task1317_HG02886_HG02884_HG02885_chr2_119444230
1318	chr2	119444230	119443780	119444680	HG03113	HG03112	HG03111	task1318_HG03113_HG03112_HG03111_chr2_119444230
1319	chr2	119444230	119443780	119444680	HG03350	HG03352	HG03351	task1319_HG03350_HG03352_HG03351_chr2_119444230
1320	chr2	119444230	119443780	119444680	NA18857	NA18856	NA18855	task1320_NA18857_NA18856_NA18855_chr2_119444230
1321	chr2	121569568	121569118	121570018	HG02647	HG02645	HG02646	task1321_HG02647_HG02645_HG02646_chr2_121569568
1322	chr2	121770678	121770228	121771128	NA19123	NA19121	NA19122	task1322_NA19123_NA19121_NA19122_chr2_121770678
1323	chr2	124745110	124744660	124745560	HG03164	HG03163	HG03162	task1323_HG03164_HG03163_HG03162_chr2_124745110
1324	chr2	125140031	125139581	125140481	NA19115	NA19113	NA19114	task1324_NA19115_NA19113_NA19114_chr2_125140031
1325	chr2	126687289	126686839	126687739	HG00465	HG00463	HG00464	task1325_HG00465_HG00463_HG00464_chr2_126687289
1326	chr2	127387429	127386979	127387879	HG02625	HG02623	HG02624	task1326_HG02625_HG02623_HG02624_chr2_127387429
1327	chr2	127387429	127386979	127387879	HG02975	HG02973	HG02974	task1327_HG02975_HG02973_HG02974_chr2_127387429
1328	chr2	127387429	127386979	127387879	HG03122	HG03120	HG03121	task1328_HG03122_HG03120_HG03121_chr2_127387429
1329	chr2	127936271	127935821	127936721	NA19120	NA19119	NA19116	task1329_NA19120_NA19119_NA19116_chr2_127936271
1330	chr2	127965871	127965421	127966321	NA19775	NA19774	NA19773	task1330_NA19775_NA19774_NA19773_chr2_127965871
1331	chr2	130350049	130349599	130350499	HG01916	HG01914	HG01915	task1331_HG01916_HG01914_HG01915_chr2_130350049
1332	chr2	130350049	130349599	130350499	NA18518	NA18519	NA18520	task1332_NA18518_NA18519_NA18520_chr2_130350049
1333	chr2	131274310	131273860	131274760	HG02647	HG02645	HG02646	task1333_HG02647_HG02645_HG02646_chr2_131274310
1334	chr2	131274310	131273860	131274760	HG03302	HG03301	HG03300	task1334_HG03302_HG03301_HG03300_chr2_131274310
1335	chr2	133221063	133220613	133221513	HG03584	HG03582	HG03583	task1335_HG03584_HG03582_HG03583_chr2_133221063
1336	chr2	133769124	133768674	133769574	NA19757	NA19756	NA19755	task1336_NA19757_NA19756_NA19755_chr2_133769124
1337	chr2	133991032	133990582	133991482	HG01887	HG02014	HG01886	task1337_HG01887_HG02014_HG01886_chr2_133991032
1338	chr2	133991032	133990582	133991482	HG02704	HG02702	HG02703	task1338_HG02704_HG02702_HG02703_chr2_133991032
1339	chr2	133991032	133990582	133991482	NA19919	NA19908	NA19909	task1339_NA19919_NA19908_NA19909_chr2_133991032
1340	chr2	134516748	134516298	134517198	HG02612	HG02610	HG02611	task1340_HG02612_HG02610_HG02611_chr2_134516748
1341	chr2	134516748	134516298	134517198	HG02692	HG02690	HG02691	task1341_HG02692_HG02690_HG02691_chr2_134516748
1342	chr2	134516748	134516298	134517198	HG03047	HG03045	HG03046	task1342_HG03047_HG03045_HG03046_chr2_134516748
1343	chr2	134516748	134516298	134517198	HG03170	HG03169	HG03168	task1343_HG03170_HG03169_HG03168_chr2_134516748
1344	chr2	134516748	134516298	134517198	NA18521	NA18522	NA18523	task1344_NA18521_NA18522_NA18523_chr2_134516748
1345	chr2	137204765	137204315	137205215	HG02316	HG02317	HG02318	task1345_HG02316_HG02317_HG02318_chr2_137204765
1346	chr2	137774176	137773726	137774626	HG00444	HG00442	HG00443	task1346_HG00444_HG00442_HG00443_chr2_137774176
1347	chr2	137774176	137773726	137774626	HG00585	HG00583	HG00584	task1347_HG00585_HG00583_HG00584_chr2_137774176
1348	chr2	137774176	137773726	137774626	HG01276	HG01274	HG01275	task1348_HG01276_HG01274_HG01275_chr2_137774176
1349	chr2	137774176	137773726	137774626	NA19148	NA19146	NA19147	task1349_NA19148_NA19146_NA19147_chr2_137774176
1350	chr2	139230322	139229872	139230772	HG02809	HG02807	HG02808	task1350_HG02809_HG02807_HG02808_chr2_139230322
1351	chr2	139333917	139333467	139334367	NA18863	NA18862	NA18861	task1351_NA18863_NA18862_NA18861_chr2_139333917
1352	chr2	139333917	139333467	139334367	NA19103	NA19101	NA19102	task1352_NA19103_NA19101_NA19102_chr2_139333917
1353	chr2	139431470	139431020	139431920	HG01959	HG01986	HG01958	task1353_HG01959_HG01986_HG01958_chr2_139431470
1354	chr2	140221520	140221070	140221970	HG03368	HG03367	HG03366	task1354_HG03368_HG03367_HG03366_chr2_140221520
1355	chr2	140590753	140590303	140591203	HG02077	HG02079	HG02078	task1355_HG02077_HG02079_HG02078_chr2_140590753
1356	chr2	146013777	146013327	146014227	HG04175	HG04173	HG04174	task1356_HG04175_HG04173_HG04174_chr2_146013777
1357	chr2	150162642	150162192	150163092	HG01526	HG01524	HG01525	task1357_HG01526_HG01524_HG01525_chr2_150162642
1358	chr2	150706700	150706250	150707150	NA18914	NA18913	NA18912	task1358_NA18914_NA18913_NA18912_chr2_150706700
1359	chr2	151000446	150999996	151000896	HG02257	HG02255	HG02256	task1359_HG02257_HG02255_HG02256_chr2_151000446
1360	chr2	151876627	151876177	151877077	HG02871	HG02869	HG02870	task1360_HG02871_HG02869_HG02870_chr2_151876627
1361	chr2	152001344	152000894	152001794	NA19702	NA19700	NA19701	task1361_NA19702_NA19700_NA19701_chr2_152001344
1362	chr2	153777156	153776706	153777606	HG03101	HG03100	HG03099	task1362_HG03101_HG03100_HG03099_chr2_153777156
1363	chr2	153997468	153997018	153997918	NA19115	NA19113	NA19114	task1363_NA19115_NA19113_NA19114_chr2_153997468
1364	chr2	154722187	154721737	154722637	HG02523	HG02521	HG02522	task1364_HG02523_HG02521_HG02522_chr2_154722187
1365	chr2	155232845	155232395	155233295	HG04228	HG04229	HG04227	task1365_HG04228_HG04229_HG04227_chr2_155232845
1366	chr2	155232845	155232395	155233295	NA07019	NA07022	NA07056	task1366_NA07019_NA07022_NA07056_chr2_155232845
1367	chr2	155268316	155267866	155268766	HG03641	HG03639	HG03640	task1367_HG03641_HG03639_HG03640_chr2_155268316
1368	chr2	155294876	155294426	155295326	HG02862	HG02860	HG02861	task1368_HG02862_HG02860_HG02861_chr2_155294876
1369	chr2	156634830	156634380	156635280	NA19123	NA19121	NA19122	task1369_NA19123_NA19121_NA19122_chr2_156634830
1370	chr2	157276793	157276343	157277243	NA19103	NA19101	NA19102	task1370_NA19103_NA19101_NA19102_chr2_157276793
1371	chr2	161387263	161386813	161387713	NA12740	NA12750	NA12751	task1371_NA12740_NA12750_NA12751_chr2_161387263
1372	chr2	167281545	167281095	167281995	HG00408	HG00406	HG00407	task1372_HG00408_HG00406_HG00407_chr2_167281545
1373	chr2	167512573	167512123	167513023	HG02717	HG02715	HG02716	task1373_HG02717_HG02715_HG02716_chr2_167512573
1374	chr2	172688348	172687898	172688798	NA10842	NA11917	NA11918	task1374_NA10842_NA11917_NA11918_chr2_172688348
1375	chr2	172989382	172988932	172989832	NA10839	NA12005	NA12006	task1375_NA10839_NA12005_NA12006_chr2_172989382
1376	chr2	173193385	173192935	173193835	NA20279	NA20278	NA20282	task1376_NA20279_NA20278_NA20282_chr2_173193385
1377	chr2	175787823	175787373	175788273	HG03041	HG03039	HG03040	task1377_HG03041_HG03039_HG03040_chr2_175787823
1378	chr2	176939788	176939338	176940238	HG03269	HG03268	HG03267	task1378_HG03269_HG03268_HG03267_chr2_176939788
1379	chr2	179651551	179651101	179652001	HG03098	HG03096	HG03097	task1379_HG03098_HG03096_HG03097_chr2_179651551
1380	chr2	179831034	179830584	179831484	HG03008	HG03006	HG03007	task1380_HG03008_HG03006_HG03007_chr2_179831034
1381	chr2	180391500	180391050	180391950	NA19191	NA19189	NA19190	task1381_NA19191_NA19189_NA19190_chr2_180391500
1382	chr2	180391500	180391050	180391950	NA19208	NA19207	NA19206	task1382_NA19208_NA19207_NA19206_chr2_180391500
1383	chr2	186006740	186006290	186007190	NA18518	NA18519	NA18520	task1383_NA18518_NA18519_NA18520_chr2_186006740
1384	chr2	186295459	186295009	186295909	HG02954	HG02953	HG02952	task1384_HG02954_HG02953_HG02952_chr2_186295459
1385	chr2	186295459	186295009	186295909	NA19132	NA19130	NA19131	task1385_NA19132_NA19130_NA19131_chr2_186295459
1386	chr2	188439242	188438792	188439692	NA19148	NA19146	NA19147	task1386_NA19148_NA19146_NA19147_chr2_188439242
1387	chr2	188439242	188438792	188439692	NA19702	NA19700	NA19701	task1387_NA19702_NA19700_NA19701_chr2_188439242
1388	chr2	191667902	191667452	191668352	HG01502	HG01500	HG01501	task1388_HG01502_HG01500_HG01501_chr2_191667902
1389	chr2	191667902	191667452	191668352	HG02984	HG02982	HG02983	task1389_HG02984_HG02982_HG02983_chr2_191667902
1390	chr2	192050595	192050145	192051045	NA19103	NA19101	NA19102	task1390_NA19103_NA19101_NA19102_chr2_192050595
1391	chr2	193899272	193898822	193899722	HG01126	HG01124	HG01125	task1391_HG01126_HG01124_HG01125_chr2_193899272
1392	chr2	194811374	194810924	194811824	HG02321	HG02281	HG02282	task1392_HG02321_HG02281_HG02282_chr2_194811374
1393	chr2	194811374	194810924	194811824	HG02821	HG02819	HG02820	task1393_HG02821_HG02819_HG02820_chr2_194811374
1394	chr2	194811374	194810924	194811824	HG03029	HG03027	HG03028	task1394_HG03029_HG03027_HG03028_chr2_194811374
1395	chr2	194811374	194810924	194811824	NA19115	NA19113	NA19114	task1395_NA19115_NA19113_NA19114_chr2_194811374
1396	chr2	194811374	194810924	194811824	NA19208	NA19207	NA19206	task1396_NA19208_NA19207_NA19206_chr2_194811374
1397	chr2	194811374	194810924	194811824	NA19224	NA19226	NA19225	task1397_NA19224_NA19226_NA19225_chr2_194811374
1398	chr2	194811374	194810924	194811824	NA20358	NA20356	NA20357	task1398_NA20358_NA20356_NA20357_chr2_194811374
1399	chr2	196153531	196153081	196153981	NA19683	NA19682	NA19681	task1399_NA19683_NA19682_NA19681_chr2_196153531
1400	chr2	198941435	198940985	198941885	HG02764	HG02762	HG02763	task1400_HG02764_HG02762_HG02763_chr2_198941435
1401	chr2	200438728	200438278	200439178	HG01490	HG01488	HG01489	task1401_HG01490_HG01488_HG01489_chr2_200438728
1402	chr2	201339071	201338621	201339521	HG02954	HG02953	HG02952	task1402_HG02954_HG02953_HG02952_chr2_201339071
1403	chr2	203700945	203700495	203701395	HG02563	HG02561	HG02562	task1403_HG02563_HG02561_HG02562_chr2_203700945
1404	chr2	206906675	206906225	206907125	HG02644	HG02642	HG02643	task1404_HG02644_HG02642_HG02643_chr2_206906675
1405	chr2	207830710	207830260	207831160	HG02729	HG02727	HG02728	task1405_HG02729_HG02727_HG02728_chr2_207830710
1406	chr2	208335280	208334830	208335730	HG03029	HG03027	HG03028	task1406_HG03029_HG03027_HG03028_chr2_208335280
1407	chr2	209319195	209318745	209319645	HG02622	HG02620	HG02621	task1407_HG02622_HG02620_HG02621_chr2_209319195
1408	chr2	209319195	209318745	209319645	NA19924	NA19922	NA19923	task1408_NA19924_NA19922_NA19923_chr2_209319195
1409	chr2	212701185	212700735	212701635	NA18854	NA18853	NA18852	task1409_NA18854_NA18853_NA18852_chr2_212701185
1410	chr2	215651533	215651083	215651983	HG01895	HG01912	HG01894	task1410_HG01895_HG01912_HG01894_chr2_215651533
1411	chr2	215651533	215651083	215651983	HG02011	HG02009	HG02010	task1411_HG02011_HG02009_HG02010_chr2_215651533
1412	chr2	215651533	215651083	215651983	HG02644	HG02642	HG02643	task1412_HG02644_HG02642_HG02643_chr2_215651533
1413	chr2	215651533	215651083	215651983	HG02647	HG02645	HG02646	task1413_HG02647_HG02645_HG02646_chr2_215651533
1414	chr2	215651533	215651083	215651983	HG02838	HG02836	HG02837	task1414_HG02838_HG02836_HG02837_chr2_215651533
1415	chr2	215651533	215651083	215651983	HG03486	HG03484	HG03485	task1415_HG03486_HG03484_HG03485_chr2_215651533
1416	chr2	215651533	215651083	215651983	HG03522	HG03521	HG03520	task1416_HG03522_HG03521_HG03520_chr2_215651533
1417	chr2	215651533	215651083	215651983	NA18930	NA18917	NA18916	task1417_NA18930_NA18917_NA18916_chr2_215651533
1418	chr2	215651533	215651083	215651983	NA19123	NA19121	NA19122	task1418_NA19123_NA19121_NA19122_chr2_215651533
1419	chr2	216837496	216837046	216837946	HG04122	HG04127	HG04075	task1419_HG04122_HG04127_HG04075_chr2_216837496
1420	chr2	218476420	218475970	218476870	NA10847	NA12146	NA12239	task1420_NA10847_NA12146_NA12239_chr2_218476420
1421	chr2	221007138	221006688	221007588	HG02148	HG02146	HG02147	task1421_HG02148_HG02146_HG02147_chr2_221007138
1422	chr2	229684209	229683759	229684659	HG01748	HG01747	HG01746	task1422_HG01748_HG01747_HG01746_chr2_229684209
1423	chr2	229684209	229683759	229684659	HG02257	HG02255	HG02256	task1423_HG02257_HG02255_HG02256_chr2_229684209
1424	chr2	234532617	234532167	234533067	HG01175	HG01173	HG01174	task1424_HG01175_HG01173_HG01174_chr2_234532617
1425	chr2	234806951	234806501	234807401	HG03050	HG03048	HG03049	task1425_HG03050_HG03048_HG03049_chr2_234806951
1426	chr2	239836860	239836410	239837310	NA18518	NA18519	NA18520	task1426_NA18518_NA18519_NA18520_chr2_239836860
1427	chr2	240401520	240401070	240401970	HG02636	HG02634	HG02635	task1427_HG02636_HG02634_HG02635_chr2_240401520
1428	chr20	3400503	3400053	3400953	HG02625	HG02623	HG02624	task1428_HG02625_HG02623_HG02624_chr20_3400503
1429	chr20	3400503	3400053	3400953	HG02644	HG02642	HG02643	task1429_HG02644_HG02642_HG02643_chr20_3400503
1430	chr20	3400503	3400053	3400953	HG03519	HG03518	HG03517	task1430_HG03519_HG03518_HG03517_chr20_3400503
1431	chr20	3400503	3400053	3400953	NA10856	NA11829	NA11830	task1431_NA10856_NA11829_NA11830_chr20_3400503
1432	chr20	3837978	3837528	3838428	HG02668	HG02666	HG02667	task1432_HG02668_HG02666_HG02667_chr20_3837978
1433	chr20	3839993	3839543	3840443	HG00709	HG00707	HG00708	task1433_HG00709_HG00707_HG00708_chr20_3839993
1434	chr20	4231064	4230614	4231514	HG02761	HG02759	HG02760	task1434_HG02761_HG02759_HG02760_chr20_4231064
1435	chr20	5168274	5167824	5168724	HG02809	HG02807	HG02808	task1435_HG02809_HG02807_HG02808_chr20_5168274
1436	chr20	5168274	5167824	5168724	HG03927	HG03926	HG03925	task1436_HG03927_HG03926_HG03925_chr20_5168274
1437	chr20	5525936	5525486	5526386	HG02785	HG02783	HG02784	task1437_HG02785_HG02783_HG02784_chr20_5525936
1438	chr20	8205996	8205546	8206446	NA18518	NA18519	NA18520	task1438_NA18518_NA18519_NA18520_chr20_8205996
1439	chr20	8541606	8541156	8542056	NA18485	NA18487	NA18489	task1439_NA18485_NA18487_NA18489_chr20_8541606
1440	chr20	8541606	8541156	8542056	NA18515	NA18516	NA18517	task1440_NA18515_NA18516_NA18517_chr20_8541606
1441	chr20	9577422	9576972	9577872	HG02862	HG02860	HG02861	task1441_HG02862_HG02860_HG02861_chr20_9577422
1442	chr20	11021345	11020895	11021795	HG03669	HG03667	HG03668	task1442_HG03669_HG03667_HG03668_chr20_11021345
1443	chr20	11610380	11609930	11610830	HG01887	HG02014	HG01886	task1443_HG01887_HG02014_HG01886_chr20_11610380
1444	chr20	11610380	11609930	11610830	HG03119	HG03118	HG03117	task1444_HG03119_HG03118_HG03117_chr20_11610380
1445	chr20	11610380	11609930	11610830	HG03584	HG03582	HG03583	task1445_HG03584_HG03582_HG03583_chr20_11610380
1446	chr20	11905306	11904856	11905756	NA18497	NA18498	NA18499	task1446_NA18497_NA18498_NA18499_chr20_11905306
1447	chr20	13733105	13732655	13733555	NA18497	NA18498	NA18499	task1447_NA18497_NA18498_NA18499_chr20_13733105
1448	chr20	13733105	13732655	13733555	NA19120	NA19119	NA19116	task1448_NA19120_NA19119_NA19116_chr20_13733105
1449	chr20	14386582	14386132	14387032	HG02677	HG02675	HG02676	task1449_HG02677_HG02675_HG02676_chr20_14386582
1450	chr20	15668592	15668142	15669042	HG02615	HG02613	HG02614	task1450_HG02615_HG02613_HG02614_chr20_15668592
1451	chr20	15668592	15668142	15669042	HG03161	HG03160	HG03159	task1451_HG03161_HG03160_HG03159_chr20_15668592
1452	chr20	15668592	15668142	15669042	HG03486	HG03484	HG03485	task1452_HG03486_HG03484_HG03485_chr20_15668592
1453	chr20	15668592	15668142	15669042	NA18914	NA18913	NA18912	task1453_NA18914_NA18913_NA18912_chr20_15668592
1454	chr20	15948520	15948070	15948970	HG01243	HG01241	HG01242	task1454_HG01243_HG01241_HG01242_chr20_15948520
1455	chr20	16735331	16734881	16735781	HG03456	HG03454	HG03455	task1455_HG03456_HG03454_HG03455_chr20_16735331
1456	chr20	16735336	16734886	16735786	NA12802	NA12814	NA12815	task1456_NA12802_NA12814_NA12815_chr20_16735336
1457	chr20	18655483	18655033	18655933	HG03350	HG03352	HG03351	task1457_HG03350_HG03352_HG03351_chr20_18655483
1458	chr20	24567988	24567538	24568438	NA18860	NA18859	NA18858	task1458_NA18860_NA18859_NA18858_chr20_24567988
1459	chr20	30207700	30207250	30208150	HG01126	HG01124	HG01125	task1459_HG01126_HG01124_HG01125_chr20_30207700
1460	chr20	30207700	30207250	30208150	NA12864	NA12872	NA12873	task1460_NA12864_NA12872_NA12873_chr20_30207700
1461	chr20	32727577	32727127	32728027	NA19656	NA19655	NA19654	task1461_NA19656_NA19655_NA19654_chr20_32727577
1462	chr20	33285426	33284976	33285876	HG01109	HG01107	HG01108	task1462_HG01109_HG01107_HG01108_chr20_33285426
1463	chr20	33285426	33284976	33285876	HG02945	HG02944	HG02943	task1463_HG02945_HG02944_HG02943_chr20_33285426
1464	chr20	33285426	33284976	33285876	HG03260	HG03258	HG03259	task1464_HG03260_HG03258_HG03259_chr20_33285426
1465	chr20	33285426	33284976	33285876	HG03310	HG03311	HG03309	task1465_HG03310_HG03311_HG03309_chr20_33285426
1466	chr20	33285426	33284976	33285876	NA18503	NA18504	NA18505	task1466_NA18503_NA18504_NA18505_chr20_33285426
1467	chr20	33285426	33284976	33285876	NA18925	NA18923	NA18924	task1467_NA18925_NA18923_NA18924_chr20_33285426
1468	chr20	33285426	33284976	33285876	NA19103	NA19101	NA19102	task1468_NA19103_NA19101_NA19102_chr20_33285426
1469	chr20	33285426	33284976	33285876	NA19115	NA19113	NA19114	task1469_NA19115_NA19113_NA19114_chr20_33285426
1470	chr20	37329113	37328663	37329563	HG02892	HG02890	HG02891	task1470_HG02892_HG02890_HG02891_chr20_37329113
1471	chr20	37329113	37328663	37329563	NA19161	NA19160	NA19159	task1471_NA19161_NA19160_NA19159_chr20_37329113
1472	chr20	39101138	39100688	39101588	HG03438	HG03469	HG03470	task1472_HG03438_HG03469_HG03470_chr20_39101138
1473	chr20	44588929	44588479	44589379	HG02451	HG02449	HG02450	task1473_HG02451_HG02449_HG02450_chr20_44588929
1474	chr20	53613709	53613259	53614159	HG04217	HG04198	HG04200	task1474_HG04217_HG04198_HG04200_chr20_53613709
1475	chr20	54714197	54713747	54714647	HG03131	HG03130	HG03129	task1475_HG03131_HG03130_HG03129_chr20_54714197
1476	chr20	55828003	55827553	55828453	NA19139	NA19138	NA19137	task1476_NA19139_NA19138_NA19137_chr20_55828003
1477	chr20	56970883	56970433	56971333	NA12818	NA12829	NA12830	task1477_NA12818_NA12829_NA12830_chr20_56970883
1478	chr20	64088665	64088215	64089115	HG00585	HG00583	HG00584	task1478_HG00585_HG00583_HG00584_chr20_64088665
1479	chr20	64088665	64088215	64089115	HG01349	HG01347	HG01348	task1479_HG01349_HG01347_HG01348_chr20_64088665
1480	chr20	64088665	64088215	64089115	NA19675	NA19679	NA19678	task1480_NA19675_NA19679_NA19678_chr20_64088665
1481	chr20	64088665	64088215	64089115	NA19721	NA19720	NA19719	task1481_NA19721_NA19720_NA19719_chr20_64088665
1482	chr21	5142290	5141840	5142740	NA19115	NA19113	NA19114	task1482_NA19115_NA19113_NA19114_chr21_5142290
1483	chr21	5227411	5226961	5227861	HG01895	HG01912	HG01894	task1483_HG01895_HG01912_HG01894_chr21_5227411
1484	chr21	5227411	5226961	5227861	HG02862	HG02860	HG02861	task1484_HG02862_HG02860_HG02861_chr21_5227411
1485	chr21	5227411	5226961	5227861	HG03456	HG03454	HG03455	task1485_HG03456_HG03454_HG03455_chr21_5227411
1486	chr21	5227411	5226961	5227861	NA18857	NA18856	NA18855	task1486_NA18857_NA18856_NA18855_chr21_5227411
1487	chr21	5227423	5226973	5227873	HG02083	HG02085	HG02084	task1487_HG02083_HG02085_HG02084_chr21_5227423
1488	chr21	5227423	5226973	5227873	HG04175	HG04173	HG04174	task1488_HG04175_HG04173_HG04174_chr21_5227423
1489	chr21	5227423	5226973	5227873	NA18869	NA18868	NA18867	task1489_NA18869_NA18868_NA18867_chr21_5227423
1490	chr21	6070540	6070090	6070990	HG03137	HG03136	HG03135	task1490_HG03137_HG03136_HG03135_chr21_6070540
1491	chr21	6070540	6070090	6070990	HG03260	HG03258	HG03259	task1491_HG03260_HG03258_HG03259_chr21_6070540
1492	chr21	7926670	7926220	7927120	HG00532	HG00530	HG00531	task1492_HG00532_HG00530_HG00531_chr21_7926670
1493	chr21	7926670	7926220	7927120	HG01100	HG01247	HG01248	task1493_HG01100_HG01247_HG01248_chr21_7926670
1494	chr21	7926670	7926220	7927120	HG01490	HG01488	HG01489	task1494_HG01490_HG01488_HG01489_chr21_7926670
1495	chr21	7926670	7926220	7927120	HG01496	HG01494	HG01495	task1495_HG01496_HG01494_HG01495_chr21_7926670
1496	chr21	7926670	7926220	7927120	HG02726	HG02724	HG02725	task1496_HG02726_HG02724_HG02725_chr21_7926670
1497	chr21	7926670	7926220	7927120	HG03050	HG03048	HG03049	task1497_HG03050_HG03048_HG03049_chr21_7926670
1498	chr21	7926670	7926220	7927120	HG03456	HG03454	HG03455	task1498_HG03456_HG03454_HG03455_chr21_7926670
1499	chr21	7926670	7926220	7927120	HG03489	HG03487	HG03488	task1499_HG03489_HG03487_HG03488_chr21_7926670
1500	chr21	7926670	7926220	7927120	HG03831	HG03830	HG03829	task1500_HG03831_HG03830_HG03829_chr21_7926670
1501	chr21	7926670	7926220	7927120	HG04142	HG04140	HG04141	task1501_HG04142_HG04140_HG04141_chr21_7926670
1502	chr21	7926670	7926220	7927120	HG04148	HG04146	HG04147	task1502_HG04148_HG04146_HG04147_chr21_7926670
1503	chr21	7926670	7926220	7927120	NA06991	NA06993	NA06985	task1503_NA06991_NA06993_NA06985_chr21_7926670
1504	chr21	7926670	7926220	7927120	NA10851	NA12056	NA12057	task1504_NA10851_NA12056_NA12057_chr21_7926670
1505	chr21	7926670	7926220	7927120	NA10863	NA12264	NA12234	task1505_NA10863_NA12264_NA12234_chr21_7926670
1506	chr21	7926670	7926220	7927120	NA19186	NA19184	NA19185	task1506_NA19186_NA19184_NA19185_chr21_7926670
1507	chr21	7926670	7926220	7927120	NA19211	NA19210	NA19209	task1507_NA19211_NA19210_NA19209_chr21_7926670
1508	chr21	7926670	7926220	7927120	NA19249	NA19248	NA19247	task1508_NA19249_NA19248_NA19247_chr21_7926670
1509	chr21	7926670	7926220	7927120	NA19650	NA19649	NA19648	task1509_NA19650_NA19649_NA19648_chr21_7926670
1510	chr21	7926670	7926220	7927120	NA19680	NA19679	NA19678	task1510_NA19680_NA19679_NA19678_chr21_7926670
1511	chr21	7926670	7926220	7927120	NA19730	NA19729	NA19728	task1511_NA19730_NA19729_NA19728_chr21_7926670
1512	chr21	7926670	7926220	7927120	NA19733	NA19732	NA19731	task1512_NA19733_NA19732_NA19731_chr21_7926670
1513	chr21	7926670	7926220	7927120	NA19757	NA19756	NA19755	task1513_NA19757_NA19756_NA19755_chr21_7926670
1514	chr21	7926670	7926220	7927120	NA19778	NA19777	NA19776	task1514_NA19778_NA19777_NA19776_chr21_7926670
1515	chr21	7926670	7926220	7927120	NA19787	NA19786	NA19785	task1515_NA19787_NA19786_NA19785_chr21_7926670
1516	chr21	7926670	7926220	7927120	NA19790	NA19789	NA19788	task1516_NA19790_NA19789_NA19788_chr21_7926670
1517	chr21	7926670	7926220	7927120	NA19918	NA19916	NA19917	task1517_NA19918_NA19916_NA19917_chr21_7926670
1518	chr21	7926670	7926220	7927120	NA19924	NA19922	NA19923	task1518_NA19924_NA19922_NA19923_chr21_7926670
1519	chr21	7926670	7926220	7927120	NA20128	NA20126	NA20127	task1519_NA20128_NA20126_NA20127_chr21_7926670
1520	chr21	7969064	7968614	7969514	HG02856	HG02854	HG02855	task1520_HG02856_HG02854_HG02855_chr21_7969064
1521	chr21	7969064	7968614	7969514	HG03122	HG03120	HG03121	task1521_HG03122_HG03120_HG03121_chr21_7969064
1522	chr21	9668913	9668463	9669363	HG01633	HG01631	HG01632	task1522_HG01633_HG01631_HG01632_chr21_9668913
1523	chr21	9937831	9937381	9938281	HG01463	HG01461	HG01462	task1523_HG01463_HG01461_HG01462_chr21_9937831
1524	chr21	9937831	9937381	9938281	HG02883	HG02881	HG02882	task1524_HG02883_HG02881_HG02882_chr21_9937831
1525	chr21	9937831	9937381	9938281	HG02978	HG02977	HG02976	task1525_HG02978_HG02977_HG02976_chr21_9937831
1526	chr21	9937831	9937381	9938281	HG03119	HG03118	HG03117	task1526_HG03119_HG03118_HG03117_chr21_9937831
1527	chr21	9937831	9937381	9938281	NA18935	NA18934	NA18933	task1527_NA18935_NA18934_NA18933_chr21_9937831
1528	chr21	10378670	10378220	10379120	HG01959	HG01986	HG01958	task1528_HG01959_HG01986_HG01958_chr21_10378670
1529	chr21	10378670	10378220	10379120	HG02636	HG02634	HG02635	task1529_HG02636_HG02634_HG02635_chr21_10378670
1530	chr21	10378670	10378220	10379120	HG03669	HG03667	HG03668	task1530_HG03669_HG03667_HG03668_chr21_10378670
1531	chr21	10378670	10378220	10379120	HG04142	HG04140	HG04141	task1531_HG04142_HG04140_HG04141_chr21_10378670
1532	chr21	10378670	10378220	10379120	NA10863	NA12264	NA12234	task1532_NA10863_NA12264_NA12234_chr21_10378670
1533	chr21	10385142	10384692	10385592	HG00703	HG00701	HG00702	task1533_HG00703_HG00701_HG00702_chr21_10385142
1534	chr21	10385142	10384692	10385592	HG04142	HG04140	HG04141	task1534_HG04142_HG04140_HG04141_chr21_10385142
1535	chr21	10385142	10384692	10385592	NA10852	NA12045	NA12046	task1535_NA10852_NA12045_NA12046_chr21_10385142
1536	chr21	10385142	10384692	10385592	NA19751	NA19750	NA19749	task1536_NA19751_NA19750_NA19749_chr21_10385142
1537	chr21	10545236	10544786	10545686	HG02764	HG02762	HG02763	task1537_HG02764_HG02762_HG02763_chr21_10545236
1538	chr21	10545236	10544786	10545686	HG02770	HG02768	HG02769	task1538_HG02770_HG02768_HG02769_chr21_10545236
1539	chr21	10545236	10544786	10545686	HG02773	HG02771	HG02772	task1539_HG02773_HG02771_HG02772_chr21_10545236
1540	chr21	10545236	10544786	10545686	NA18515	NA18516	NA18517	task1540_NA18515_NA18516_NA18517_chr21_10545236
1541	chr21	13004003	13003553	13004453	HG00450	HG00448	HG00449	task1541_HG00450_HG00448_HG00449_chr21_13004003
1542	chr21	13643682	13643232	13644132	HG02704	HG02702	HG02703	task1542_HG02704_HG02702_HG02703_chr21_13643682
1543	chr21	13643682	13643232	13644132	HG02815	HG02813	HG02814	task1543_HG02815_HG02813_HG02814_chr21_13643682
1544	chr21	13643682	13643232	13644132	NA19161	NA19160	NA19159	task1544_NA19161_NA19160_NA19159_chr21_13643682
1545	chr21	14885310	14884860	14885760	HG01698	HG01699	HG01697	task1545_HG01698_HG01699_HG01697_chr21_14885310
1546	chr21	15625690	15625240	15626140	HG03251	HG03249	HG03250	task1546_HG03251_HG03249_HG03250_chr21_15625690
1547	chr21	17284945	17284495	17285395	HG03161	HG03160	HG03159	task1547_HG03161_HG03160_HG03159_chr21_17284945
1548	chr21	17284945	17284495	17285395	HG03191	HG03190	HG03189	task1548_HG03191_HG03190_HG03189_chr21_17284945
1549	chr21	17284945	17284495	17285395	HG03197	HG03196	HG03195	task1549_HG03197_HG03196_HG03195_chr21_17284945
1550	chr21	19253465	19253015	19253915	HG02761	HG02759	HG02760	task1550_HG02761_HG02759_HG02760_chr21_19253465
1551	chr21	19374397	19373947	19374847	NA19115	NA19113	NA19114	task1551_NA19115_NA19113_NA19114_chr21_19374397
1552	chr21	20053329	20052879	20053779	HG03248	HG03246	HG03247	task1552_HG03248_HG03246_HG03247_chr21_20053329
1553	chr21	21099929	21099479	21100379	HG03350	HG03352	HG03351	task1553_HG03350_HG03352_HG03351_chr21_21099929
1554	chr21	21209134	21208684	21209584	NA06991	NA06993	NA06985	task1554_NA06991_NA06993_NA06985_chr21_21209134
1555	chr21	23120959	23120509	23121409	NA19154	NA19153	NA19152	task1555_NA19154_NA19153_NA19152_chr21_23120959
1556	chr21	23271427	23270977	23271877	NA18484	NA18486	NA18488	task1556_NA18484_NA18486_NA18488_chr21_23271427
1557	chr21	26196372	26195922	26196822	HG01391	HG01389	HG01390	task1557_HG01391_HG01389_HG01390_chr21_26196372
1558	chr21	27566607	27566157	27567057	HG02321	HG02281	HG02282	task1558_HG02321_HG02281_HG02282_chr21_27566607
1559	chr21	27909785	27909335	27910235	NA19132	NA19130	NA19131	task1559_NA19132_NA19130_NA19131_chr21_27909785
1560	chr21	28204366	28203916	28204816	HG03299	HG03298	HG03297	task1560_HG03299_HG03298_HG03297_chr21_28204366
1561	chr21	29762684	29762234	29763134	HG03579	HG03577	HG03578	task1561_HG03579_HG03577_HG03578_chr21_29762684
1562	chr21	32229453	32229003	32229903	HG02451	HG02449	HG02450	task1562_HG02451_HG02449_HG02450_chr21_32229453
1563	chr21	37122422	37121972	37122872	HG03710	HG03708	HG03709	task1563_HG03710_HG03708_HG03709_chr21_37122422
1564	chr21	37122422	37121972	37122872	NA19161	NA19160	NA19159	task1564_NA19161_NA19160_NA19159_chr21_37122422
1565	chr21	38265185	38264735	38265635	HG03453	HG03451	HG03452	task1565_HG03453_HG03451_HG03452_chr21_38265185
1566	chr21	39964248	39963798	39964698	NA18500	NA18501	NA18502	task1566_NA18500_NA18501_NA18502_chr21_39964248
1567	chr21	39964248	39963798	39964698	NA19836	NA19834	NA19835	task1567_NA19836_NA19834_NA19835_chr21_39964248
1568	chr21	41420304	41419854	41420754	HG02723	HG02721	HG02722	task1568_HG02723_HG02721_HG02722_chr21_41420304
1569	chr21	41531550	41531100	41532000	HG01622	HG01624	HG01623	task1569_HG01622_HG01624_HG01623_chr21_41531550
1570	chr21	44895991	44895541	44896441	HG03191	HG03190	HG03189	task1570_HG03191_HG03190_HG03189_chr21_44895991
1571	chr21	45798105	45797655	45798555	HG00450	HG00448	HG00449	task1571_HG00450_HG00448_HG00449_chr21_45798105
1572	chr21	45798105	45797655	45798555	HG02293	HG02291	HG02292	task1572_HG02293_HG02291_HG02292_chr21_45798105
1573	chr21	45798105	45797655	45798555	NA19718	NA19717	NA19716	task1573_NA19718_NA19717_NA19716_chr21_45798105
1574	chr22	11548393	11547943	11548843	HG03050	HG03048	HG03049	task1574_HG03050_HG03048_HG03049_chr22_11548393
1575	chr22	11548393	11547943	11548843	HG04215	HG03679	HG03642	task1575_HG04215_HG03679_HG03642_chr22_11548393
1576	chr22	17694243	17693793	17694693	HG03305	HG03304	HG03303	task1576_HG03305_HG03304_HG03303_chr22_17694243
1577	chr22	22329184	22328734	22329634	HG01703	HG01705	HG01704	task1577_HG01703_HG01705_HG01704_chr22_22329184
1578	chr22	22329184	22328734	22329634	HG02222	HG02221	HG02220	task1578_HG02222_HG02221_HG02220_chr22_22329184
1579	chr22	22905092	22904642	22905542	HG01526	HG01524	HG01525	task1579_HG01526_HG01524_HG01525_chr22_22905092
1580	chr22	24042878	24042428	24043328	NA18863	NA18862	NA18861	task1580_NA18863_NA18862_NA18861_chr22_24042878
1581	chr22	24122752	24122302	24123202	HG03098	HG03096	HG03097	task1581_HG03098_HG03096_HG03097_chr22_24122752
1582	chr22	24863938	24863488	24864388	HG03041	HG03039	HG03040	task1582_HG03041_HG03039_HG03040_chr22_24863938
1583	chr22	24863938	24863488	24864388	HG03308	HG03307	HG03306	task1583_HG03308_HG03307_HG03306_chr22_24863938
1584	chr22	24863938	24863488	24864388	NA18863	NA18862	NA18861	task1584_NA18863_NA18862_NA18861_chr22_24863938
1585	chr22	24863938	24863488	24864388	NA19221	NA19223	NA19222	task1585_NA19221_NA19223_NA19222_chr22_24863938
1586	chr22	24985120	24984670	24985570	HG01138	HG01136	HG01137	task1586_HG01138_HG01136_HG01137_chr22_24985120
1587	chr22	25277773	25277323	25278223	HG02261	HG02259	HG02260	task1587_HG02261_HG02259_HG02260_chr22_25277773
1588	chr22	25918986	25918536	25919436	HG01609	HG01608	HG01607	task1588_HG01609_HG01608_HG01607_chr22_25918986
1589	chr22	26111249	26110799	26111699	HG02145	HG02143	HG02144	task1589_HG02145_HG02143_HG02144_chr22_26111249
1590	chr22	26111249	26110799	26111699	HG02257	HG02255	HG02256	task1590_HG02257_HG02255_HG02256_chr22_26111249
1591	chr22	26935032	26934582	26935482	NA19191	NA19189	NA19190	task1591_NA19191_NA19189_NA19190_chr22_26935032
1592	chr22	28855307	28854857	28855757	HG03113	HG03112	HG03111	task1592_HG03113_HG03112_HG03111_chr22_28855307
1593	chr22	34241313	34240863	34241763	HG02622	HG02620	HG02621	task1593_HG02622_HG02620_HG02621_chr22_34241313
1594	chr22	36077956	36077506	36078406	HG01499	HG01497	HG01498	task1594_HG01499_HG01497_HG01498_chr22_36077956
1595	chr22	36077956	36077506	36078406	HG03041	HG03039	HG03040	task1595_HG03041_HG03039_HG03040_chr22_36077956
1596	chr22	36077956	36077506	36078406	NA19154	NA19153	NA19152	task1596_NA19154_NA19153_NA19152_chr22_36077956
1597	chr22	37817186	37816736	37817636	HG02897	HG02895	HG02896	task1597_HG02897_HG02895_HG02896_chr22_37817186
1598	chr22	38398946	38398496	38399396	HG00465	HG00463	HG00464	task1598_HG00465_HG00463_HG00464_chr22_38398946
1599	chr22	38398946	38398496	38399396	HG01074	HG01072	HG01073	task1599_HG01074_HG01072_HG01073_chr22_38398946
1600	chr22	38398946	38398496	38399396	HG02293	HG02291	HG02292	task1600_HG02293_HG02291_HG02292_chr22_38398946
1601	chr22	38398953	38398503	38399403	HG00444	HG00442	HG00443	task1601_HG00444_HG00442_HG00443_chr22_38398953
1602	chr22	38398953	38398503	38399403	HG01701	HG01700	HG01702	task1602_HG01701_HG01700_HG01702_chr22_38398953
1603	chr22	38398953	38398503	38399403	HG01748	HG01747	HG01746	task1603_HG01748_HG01747_HG01746_chr22_38398953
1604	chr22	38398953	38398503	38399403	HG01774	HG01775	HG01773	task1604_HG01774_HG01775_HG01773_chr22_38398953
1605	chr22	38398953	38398503	38399403	HG01895	HG01912	HG01894	task1605_HG01895_HG01912_HG01894_chr22_38398953
1606	chr22	38398953	38398503	38399403	HG01919	HG01917	HG01918	task1606_HG01919_HG01917_HG01918_chr22_38398953
1607	chr22	38398953	38398503	38399403	HG02059	HG02061	HG02060	task1607_HG02059_HG02061_HG02060_chr22_38398953
1608	chr22	38398953	38398503	38399403	HG03050	HG03048	HG03049	task1608_HG03050_HG03048_HG03049_chr22_38398953
1609	chr22	38398953	38398503	38399403	HG03480	HG03478	HG03479	task1609_HG03480_HG03478_HG03479_chr22_38398953
1610	chr22	38398953	38398503	38399403	HG03669	HG03667	HG03668	task1610_HG03669_HG03667_HG03668_chr22_38398953
1611	chr22	38398953	38398503	38399403	HG03816	HG03815	HG03814	task1611_HG03816_HG03815_HG03814_chr22_38398953
1612	chr22	38398953	38398503	38399403	HG03992	HG03943	HG03944	task1612_HG03992_HG03943_HG03944_chr22_38398953
1613	chr22	38398953	38398503	38399403	HG04160	HG04158	HG04159	task1613_HG04160_HG04158_HG04159_chr22_38398953
1614	chr22	38398953	38398503	38399403	HG04215	HG03679	HG03642	task1614_HG04215_HG03679_HG03642_chr22_38398953
1615	chr22	38398953	38398503	38399403	NA07019	NA07022	NA07056	task1615_NA07019_NA07022_NA07056_chr22_38398953
1616	chr22	38398953	38398503	38399403	NA10839	NA12005	NA12006	task1616_NA10839_NA12005_NA12006_chr22_38398953
1617	chr22	38398953	38398503	38399403	NA10845	NA11930	NA11931	task1617_NA10845_NA11930_NA11931_chr22_38398953
1618	chr22	38398953	38398503	38399403	NA10864	NA11893	NA11894	task1618_NA10864_NA11893_NA11894_chr22_38398953
1619	chr22	38398953	38398503	38399403	NA12767	NA12777	NA12778	task1619_NA12767_NA12777_NA12778_chr22_38398953
1620	chr22	38398953	38398503	38399403	NA19702	NA19700	NA19701	task1620_NA19702_NA19700_NA19701_chr22_38398953
1621	chr22	38398953	38398503	38399403	NA19757	NA19756	NA19755	task1621_NA19757_NA19756_NA19755_chr22_38398953
1622	chr22	38398953	38398503	38399403	NA19772	NA19771	NA19770	task1622_NA19772_NA19771_NA19770_chr22_38398953
1623	chr22	38398953	38398503	38399403	NA19918	NA19916	NA19917	task1623_NA19918_NA19916_NA19917_chr22_38398953
1624	chr22	44176598	44176148	44177048	HG03516	HG03515	HG03514	task1624_HG03516_HG03515_HG03514_chr22_44176598
1625	chr22	44492102	44491652	44492552	HG01138	HG01136	HG01137	task1625_HG01138_HG01136_HG01137_chr22_44492102
1626	chr22	45942878	45942428	45943328	NA19784	NA19783	NA19782	task1626_NA19784_NA19783_NA19782_chr22_45942878
1627	chr22	47313544	47313094	47313994	HG02451	HG02449	HG02450	task1627_HG02451_HG02449_HG02450_chr22_47313544
1628	chr22	47313544	47313094	47313994	HG02838	HG02836	HG02837	task1628_HG02838_HG02836_HG02837_chr22_47313544
1629	chr22	47313544	47313094	47313994	HG03522	HG03521	HG03520	task1629_HG03522_HG03521_HG03520_chr22_47313544
1630	chr22	47313544	47313094	47313994	NA19148	NA19146	NA19147	task1630_NA19148_NA19146_NA19147_chr22_47313544
1631	chr22	48629826	48629376	48630276	NA19249	NA19248	NA19247	task1631_NA19249_NA19248_NA19247_chr22_48629826
1632	chr22	48925176	48924726	48925626	HG03134	HG03133	HG03132	task1632_HG03134_HG03133_HG03132_chr22_48925176
1633	chr22	48925176	48924726	48925626	HG03438	HG03469	HG03470	task1633_HG03438_HG03469_HG03470_chr22_48925176
1634	chr22	48925176	48924726	48925626	NA19177	NA19175	NA19176	task1634_NA19177_NA19175_NA19176_chr22_48925176
1635	chr22	49922949	49922499	49923399	NA19109	NA19107	NA19108	task1635_NA19109_NA19107_NA19108_chr22_49922949
1636	chr22	49951209	49950759	49951659	HG02809	HG02807	HG02808	task1636_HG02809_HG02807_HG02808_chr22_49951209
1637	chr22	50243655	50243205	50244105	HG01884	HG01885	HG01956	task1637_HG01884_HG01885_HG01956_chr22_50243655
1638	chr22	50243655	50243205	50244105	HG03248	HG03246	HG03247	task1638_HG03248_HG03246_HG03247_chr22_50243655
1639	chr3	1194141	1193691	1194591	HG02575	HG02573	HG02574	task1639_HG02575_HG02573_HG02574_chr3_1194141
1640	chr3	2026531	2026081	2026981	NA19129	NA19128	NA19127	task1640_NA19129_NA19128_NA19127_chr3_2026531
1641	chr3	2058903	2058453	2059353	NA19211	NA19210	NA19209	task1641_NA19211_NA19210_NA19209_chr3_2058903
1642	chr3	2323561	2323111	2324011	HG02701	HG02699	HG02700	task1642_HG02701_HG02699_HG02700_chr3_2323561
1643	chr3	2841865	2841415	2842315	NA19211	NA19210	NA19209	task1643_NA19211_NA19210_NA19209_chr3_2841865
1644	chr3	5151720	5151270	5152170	HG01601	HG01603	HG01602	task1644_HG01601_HG01603_HG01602_chr3_5151720
1645	chr3	5151720	5151270	5152170	HG01696	HG01694	HG01695	task1645_HG01696_HG01694_HG01695_chr3_5151720
1646	chr3	5151720	5151270	5152170	HG02015	HG02017	HG02016	task1646_HG02015_HG02017_HG02016_chr3_5151720
1647	chr3	5151720	5151270	5152170	HG04115	HG03896	HG03894	task1647_HG04115_HG03896_HG03894_chr3_5151720
1648	chr3	6695205	6694755	6695655	HG03110	HG03109	HG03108	task1648_HG03110_HG03109_HG03108_chr3_6695205
1649	chr3	7814772	7814322	7815222	NA19205	NA19203	NA19204	task1649_NA19205_NA19203_NA19204_chr3_7814772
1650	chr3	7874233	7873783	7874683	HG02622	HG02620	HG02621	task1650_HG02622_HG02620_HG02621_chr3_7874233
1651	chr3	7874233	7873783	7874683	HG02677	HG02675	HG02676	task1651_HG02677_HG02675_HG02676_chr3_7874233
1652	chr3	7874233	7873783	7874683	NA19202	NA19200	NA19201	task1652_NA19202_NA19200_NA19201_chr3_7874233
1653	chr3	9926174	9925724	9926624	HG03251	HG03249	HG03250	task1653_HG03251_HG03249_HG03250_chr3_9926174
1654	chr3	10713116	10712666	10713566	HG03131	HG03130	HG03129	task1654_HG03131_HG03130_HG03129_chr3_10713116
1655	chr3	12948593	12948143	12949043	HG01192	HG01190	HG01191	task1655_HG01192_HG01190_HG01191_chr3_12948593
1656	chr3	13708614	13708164	13709064	NA19205	NA19203	NA19204	task1656_NA19205_NA19203_NA19204_chr3_13708614
1657	chr3	15265551	15265101	15266001	NA19115	NA19113	NA19114	task1657_NA19115_NA19113_NA19114_chr3_15265551
1658	chr3	18058728	18058278	18059178	HG00465	HG00463	HG00464	task1658_HG00465_HG00463_HG00464_chr3_18058728
1659	chr3	19146243	19145793	19146693	HG01884	HG01885	HG01956	task1659_HG01884_HG01885_HG01956_chr3_19146243
1660	chr3	20982453	20982003	20982903	HG00664	HG00662	HG00663	task1660_HG00664_HG00662_HG00663_chr3_20982453
1661	chr3	21035688	21035238	21036138	HG02572	HG02570	HG02571	task1661_HG02572_HG02570_HG02571_chr3_21035688
1662	chr3	21338261	21337811	21338711	HG01891	HG01890	HG01889	task1662_HG01891_HG01890_HG01889_chr3_21338261
1663	chr3	21835959	21835509	21836409	HG02686	HG02684	HG02685	task1663_HG02686_HG02684_HG02685_chr3_21835959
1664	chr3	22239547	22239097	22239997	NA18872	NA18871	NA18870	task1664_NA18872_NA18871_NA18870_chr3_22239547
1665	chr3	22239547	22239097	22239997	NA19115	NA19113	NA19114	task1665_NA19115_NA19113_NA19114_chr3_22239547
1666	chr3	22239547	22239097	22239997	NA19177	NA19175	NA19176	task1666_NA19177_NA19175_NA19176_chr3_22239547
1667	chr3	22324042	22323592	22324492	HG01703	HG01705	HG01704	task1667_HG01703_HG01705_HG01704_chr3_22324042
1668	chr3	22441845	22441395	22442295	HG02145	HG02143	HG02144	task1668_HG02145_HG02143_HG02144_chr3_22441845
1669	chr3	22441845	22441395	22442295	HG02677	HG02675	HG02676	task1669_HG02677_HG02675_HG02676_chr3_22441845
1670	chr3	26483705	26483255	26484155	HG03230	HG03228	HG03229	task1670_HG03230_HG03228_HG03229_chr3_26483705
1671	chr3	27315596	27315146	27316046	HG02818	HG02816	HG02817	task1671_HG02818_HG02816_HG02817_chr3_27315596
1672	chr3	28609269	28608819	28609719	NA12753	NA12762	NA12763	task1672_NA12753_NA12762_NA12763_chr3_28609269
1673	chr3	29137161	29136711	29137611	NA18500	NA18501	NA18502	task1673_NA18500_NA18501_NA18502_chr3_29137161
1674	chr3	29495176	29494726	29495626	HG01074	HG01072	HG01073	task1674_HG01074_HG01072_HG01073_chr3_29495176
1675	chr3	29495176	29494726	29495626	HG03763	HG03761	HG03762	task1675_HG03763_HG03761_HG03762_chr3_29495176
1676	chr3	29495176	29494726	29495626	NA20279	NA20278	NA20282	task1676_NA20279_NA20278_NA20282_chr3_29495176
1677	chr3	30017971	30017521	30018421	HG02821	HG02819	HG02820	task1677_HG02821_HG02819_HG02820_chr3_30017971
1678	chr3	30017971	30017521	30018421	NA19109	NA19107	NA19108	task1678_NA19109_NA19107_NA19108_chr3_30017971
1679	chr3	31298326	31297876	31298776	HG01346	HG01344	HG01345	task1679_HG01346_HG01344_HG01345_chr3_31298326
1680	chr3	31298326	31297876	31298776	NA12802	NA12814	NA12815	task1680_NA12802_NA12814_NA12815_chr3_31298326
1681	chr3	32677321	32676871	32677771	HG03026	HG03024	HG03025	task1681_HG03026_HG03024_HG03025_chr3_32677321
1682	chr3	33669435	33668985	33669885	NA10855	NA11831	NA11832	task1682_NA10855_NA11831_NA11832_chr3_33669435
1683	chr3	35088171	35087721	35088621	HG00738	HG00736	HG00737	task1683_HG00738_HG00736_HG00737_chr3_35088171
1684	chr3	35366642	35366192	35367092	HG02644	HG02642	HG02643	task1684_HG02644_HG02642_HG02643_chr3_35366642
1685	chr3	35789532	35789082	35789982	NA19097	NA19096	NA19095	task1685_NA19097_NA19096_NA19095_chr3_35789532
1686	chr3	36558393	36557943	36558843	NA19191	NA19189	NA19190	task1686_NA19191_NA19189_NA19190_chr3_36558393
1687	chr3	41900251	41899801	41900701	HG03128	HG03127	HG03126	task1687_HG03128_HG03127_HG03126_chr3_41900251
1688	chr3	41900251	41899801	41900701	HG03480	HG03478	HG03479	task1688_HG03480_HG03478_HG03479_chr3_41900251
1689	chr3	43571024	43570574	43571474	HG02818	HG02816	HG02817	task1689_HG02818_HG02816_HG02817_chr3_43571024
1690	chr3	43571024	43570574	43571474	HG03050	HG03048	HG03049	task1690_HG03050_HG03048_HG03049_chr3_43571024
1691	chr3	43571024	43570574	43571474	HG03344	HG03343	HG03342	task1691_HG03344_HG03343_HG03342_chr3_43571024
1692	chr3	44031354	44030904	44031804	HG02809	HG02807	HG02808	task1692_HG02809_HG02807_HG02808_chr3_44031354
1693	chr3	45594740	45594290	45595190	NA19174	NA19117	NA19118	task1693_NA19174_NA19117_NA19118_chr3_45594740
1694	chr3	45594740	45594290	45595190	NA19237	NA19236	NA19235	task1694_NA19237_NA19236_NA19235_chr3_45594740
1695	chr3	47761516	47761066	47761966	NA18930	NA18917	NA18916	task1695_NA18930_NA18917_NA18916_chr3_47761516
1696	chr3	56885575	56885125	56886025	NA19097	NA19096	NA19095	task1696_NA19097_NA19096_NA19095_chr3_56885575
1697	chr3	57536202	57535752	57536652	HG01884	HG01885	HG01956	task1697_HG01884_HG01885_HG01956_chr3_57536202
1698	chr3	57536202	57535752	57536652	NA12864	NA12872	NA12873	task1698_NA12864_NA12872_NA12873_chr3_57536202
1699	chr3	58286883	58286433	58287333	HG02229	HG02231	HG02230	task1699_HG02229_HG02231_HG02230_chr3_58286883
1700	chr3	58286883	58286433	58287333	HG02975	HG02973	HG02974	task1700_HG02975_HG02973_HG02974_chr3_58286883
1701	chr3	58540661	58540211	58541111	NA19186	NA19184	NA19185	task1701_NA19186_NA19184_NA19185_chr3_58540661
1702	chr3	59440727	59440277	59441177	HG02821	HG02819	HG02820	task1702_HG02821_HG02819_HG02820_chr3_59440727
1703	chr3	59440727	59440277	59441177	HG02883	HG02881	HG02882	task1703_HG02883_HG02881_HG02882_chr3_59440727
1704	chr3	59609224	59608774	59609674	HG03302	HG03301	HG03300	task1704_HG03302_HG03301_HG03300_chr3_59609224
1705	chr3	60084862	60084412	60085312	HG02495	HG02493	HG02494	task1705_HG02495_HG02493_HG02494_chr3_60084862
1706	chr3	60619026	60618576	60619476	HG02622	HG02620	HG02621	task1706_HG02622_HG02620_HG02621_chr3_60619026
1707	chr3	60663154	60662704	60663604	NA10839	NA12005	NA12006	task1707_NA10839_NA12005_NA12006_chr3_60663154
1708	chr3	61071655	61071205	61072105	HG02886	HG02884	HG02885	task1708_HG02886_HG02884_HG02885_chr3_61071655
1709	chr3	61071655	61071205	61072105	NA19751	NA19750	NA19749	task1709_NA19751_NA19750_NA19749_chr3_61071655
1710	chr3	61437441	61436991	61437891	NA10835	NA12248	NA12249	task1710_NA10835_NA12248_NA12249_chr3_61437441
1711	chr3	70274408	70273958	70274858	HG01888	HG01882	HG01883	task1711_HG01888_HG01882_HG01883_chr3_70274408
1712	chr3	70274408	70273958	70274858	HG03453	HG03451	HG03452	task1712_HG03453_HG03451_HG03452_chr3_70274408
1713	chr3	70884853	70884403	70885303	NA19787	NA19786	NA19785	task1713_NA19787_NA19786_NA19785_chr3_70884853
1714	chr3	71412171	71411721	71412621	HG03453	HG03451	HG03452	task1714_HG03453_HG03451_HG03452_chr3_71412171
1715	chr3	74694054	74693604	74694504	NA19902	NA19900	NA19901	task1715_NA19902_NA19900_NA19901_chr3_74694054
1716	chr3	75532567	75532117	75533017	HG02451	HG02449	HG02450	task1716_HG02451_HG02449_HG02450_chr3_75532567
1717	chr3	75903713	75903263	75904163	HG02966	HG02965	HG02964	task1717_HG02966_HG02965_HG02964_chr3_75903713
1718	chr3	76851770	76851320	76852220	HG00612	HG00610	HG00611	task1718_HG00612_HG00610_HG00611_chr3_76851770
1719	chr3	76851770	76851320	76852220	HG01126	HG01124	HG01125	task1719_HG01126_HG01124_HG01125_chr3_76851770
1720	chr3	76851770	76851320	76852220	HG02602	HG02600	HG02601	task1720_HG02602_HG02600_HG02601_chr3_76851770
1721	chr3	76851770	76851320	76852220	HG02978	HG02977	HG02976	task1721_HG02978_HG02977_HG02976_chr3_76851770
1722	chr3	76851770	76851320	76852220	HG03576	HG03574	HG03575	task1722_HG03576_HG03574_HG03575_chr3_76851770
1723	chr3	77400998	77400548	77401448	NA19174	NA19117	NA19118	task1723_NA19174_NA19117_NA19118_chr3_77400998
1724	chr3	78092520	78092070	78092970	NA18930	NA18917	NA18916	task1724_NA18930_NA18917_NA18916_chr3_78092520
1725	chr3	78207754	78207304	78208204	NA19145	NA19144	NA19143	task1725_NA19145_NA19144_NA19143_chr3_78207754
1726	chr3	82553175	82552725	82553625	HG02889	HG02887	HG02888	task1726_HG02889_HG02887_HG02888_chr3_82553175
1727	chr3	83172935	83172485	83173385	NA18930	NA18917	NA18916	task1727_NA18930_NA18917_NA18916_chr3_83172935
1728	chr3	83905864	83905414	83906314	HG00474	HG00472	HG00473	task1728_HG00474_HG00472_HG00473_chr3_83905864
1729	chr3	84308346	84307896	84308796	NA18911	NA18910	NA18909	task1729_NA18911_NA18910_NA18909_chr3_84308346
1730	chr3	84308346	84307896	84308796	NA19109	NA19107	NA19108	task1730_NA19109_NA19107_NA19108_chr3_84308346
1731	chr3	86630267	86629817	86630717	HG02225	HG02224	HG02223	task1731_HG02225_HG02224_HG02223_chr3_86630267
1732	chr3	94320287	94319837	94320737	HG01511	HG01509	HG01510	task1732_HG01511_HG01509_HG01510_chr3_94320287
1733	chr3	94484393	94483943	94484843	HG02800	HG02798	HG02799	task1733_HG02800_HG02798_HG02799_chr3_94484393
1734	chr3	95059966	95059516	95060416	HG01928	HG01926	HG01927	task1734_HG01928_HG01926_HG01927_chr3_95059966
1735	chr3	95059966	95059516	95060416	NA12336	NA12342	NA12343	task1735_NA12336_NA12342_NA12343_chr3_95059966
1736	chr3	95059966	95059516	95060416	NA19918	NA19916	NA19917	task1736_NA19918_NA19916_NA19917_chr3_95059966
1737	chr3	95560951	95560501	95561401	HG02761	HG02759	HG02760	task1737_HG02761_HG02759_HG02760_chr3_95560951
1738	chr3	95751869	95751419	95752319	HG02059	HG02061	HG02060	task1738_HG02059_HG02061_HG02060_chr3_95751869
1739	chr3	95751869	95751419	95752319	HG02984	HG02982	HG02983	task1739_HG02984_HG02982_HG02983_chr3_95751869
1740	chr3	95751869	95751419	95752319	HG03489	HG03487	HG03488	task1740_HG03489_HG03487_HG03488_chr3_95751869
1741	chr3	95751869	95751419	95752319	HG04036	HG03943	HG03944	task1741_HG04036_HG03943_HG03944_chr3_95751869
1742	chr3	97056004	97055554	97056454	HG02612	HG02610	HG02611	task1742_HG02612_HG02610_HG02611_chr3_97056004
1743	chr3	97146880	97146430	97147330	HG02978	HG02977	HG02976	task1743_HG02978_HG02977_HG02976_chr3_97146880
1744	chr3	97611812	97611362	97612262	HG04215	HG03679	HG03642	task1744_HG04215_HG03679_HG03642_chr3_97611812
1745	chr3	100091140	100090690	100091590	HG02809	HG02807	HG02808	task1745_HG02809_HG02807_HG02808_chr3_100091140
1746	chr3	100091140	100090690	100091590	HG03041	HG03039	HG03040	task1746_HG03041_HG03039_HG03040_chr3_100091140
1747	chr3	100091140	100090690	100091590	HG04160	HG04158	HG04159	task1747_HG04160_HG04158_HG04159_chr3_100091140
1748	chr3	100091140	100090690	100091590	NA10861	NA11994	NA11995	task1748_NA10861_NA11994_NA11995_chr3_100091140
1749	chr3	104594843	104594393	104595293	NA12707	NA12716	NA12717	task1749_NA12707_NA12716_NA12717_chr3_104594843
1750	chr3	108316713	108316263	108317163	HG03701	HG03699	HG03700	task1750_HG03701_HG03699_HG03700_chr3_108316713
1751	chr3	108514351	108513901	108514801	HG04217	HG04198	HG04200	task1751_HG04217_HG04198_HG04200_chr3_108514351
1752	chr3	111375288	111374838	111375738	HG03047	HG03045	HG03046	task1752_HG03047_HG03045_HG03046_chr3_111375288
1753	chr3	111940182	111939732	111940632	HG01192	HG01190	HG01191	task1753_HG01192_HG01190_HG01191_chr3_111940182
1754	chr3	112802371	112801921	112802821	HG02630	HG02628	HG02629	task1754_HG02630_HG02628_HG02629_chr3_112802371
1755	chr3	115299368	115298918	115299818	HG01677	HG01678	HG01676	task1755_HG01677_HG01678_HG01676_chr3_115299368
1756	chr3	116348935	116348485	116349385	HG00538	HG00536	HG00537	task1756_HG00538_HG00536_HG00537_chr3_116348935
1757	chr3	118616530	118616080	118616980	NA19215	NA19213	NA19214	task1757_NA19215_NA19213_NA19214_chr3_118616530
1758	chr3	120624610	120624160	120625060	HG01677	HG01678	HG01676	task1758_HG01677_HG01678_HG01676_chr3_120624610
1759	chr3	120624610	120624160	120625060	HG02615	HG02613	HG02614	task1759_HG02615_HG02613_HG02614_chr3_120624610
1760	chr3	120624610	120624160	120625060	NA18869	NA18868	NA18867	task1760_NA18869_NA18868_NA18867_chr3_120624610
1761	chr3	121253621	121253171	121254071	HG01249	HG01110	HG01111	task1761_HG01249_HG01110_HG01111_chr3_121253621
1762	chr3	121253621	121253171	121254071	NA10865	NA11891	NA11892	task1762_NA10865_NA11891_NA11892_chr3_121253621
1763	chr3	126762503	126762053	126762953	HG01096	HG01094	HG01095	task1763_HG01096_HG01094_HG01095_chr3_126762503
1764	chr3	129247241	129246791	129247691	HG01056	HG01054	HG01055	task1764_HG01056_HG01054_HG01055_chr3_129247241
1765	chr3	129247241	129246791	129247691	HG02698	HG02696	HG02697	task1765_HG02698_HG02696_HG02697_chr3_129247241
1766	chr3	129760056	129759606	129760506	NA18930	NA18917	NA18916	task1766_NA18930_NA18917_NA18916_chr3_129760056
1767	chr3	129824708	129824258	129825158	HG01573	HG01571	HG01572	task1767_HG01573_HG01571_HG01572_chr3_129824708
1768	chr3	131293581	131293131	131294031	HG03453	HG03451	HG03452	task1768_HG03453_HG03451_HG03452_chr3_131293581
1769	chr3	132118799	132118349	132119249	HG01109	HG01107	HG01108	task1769_HG01109_HG01107_HG01108_chr3_132118799
1770	chr3	133124640	133124190	133125090	HG01538	HG01536	HG01537	task1770_HG01538_HG01536_HG01537_chr3_133124640
1771	chr3	136239745	136239295	136240195	HG02704	HG02702	HG02703	task1771_HG02704_HG02702_HG02703_chr3_136239745
1772	chr3	138877482	138877032	138877932	HG02975	HG02973	HG02974	task1772_HG02975_HG02973_HG02974_chr3_138877482
1773	chr3	138877482	138877032	138877932	HG03026	HG03024	HG03025	task1773_HG03026_HG03024_HG03025_chr3_138877482
1774	chr3	138877482	138877032	138877932	NA19094	NA19092	NA19093	task1774_NA19094_NA19092_NA19093_chr3_138877482
1775	chr3	138877482	138877032	138877932	NA19199	NA19198	NA19197	task1775_NA19199_NA19198_NA19197_chr3_138877482
1776	chr3	141556333	141555883	141556783	HG01081	HG01079	HG01080	task1776_HG01081_HG01079_HG01080_chr3_141556333
1777	chr3	142886389	142885939	142886839	HG03576	HG03574	HG03575	task1777_HG03576_HG03574_HG03575_chr3_142886389
1778	chr3	143119913	143119463	143120363	HG04228	HG04229	HG04227	task1778_HG04228_HG04229_HG04227_chr3_143119913
1779	chr3	146502051	146501601	146502501	HG01888	HG01882	HG01883	task1779_HG01888_HG01882_HG01883_chr3_146502051
1780	chr3	147358936	147358486	147359386	NA10842	NA11917	NA11918	task1780_NA10842_NA11917_NA11918_chr3_147358936
1781	chr3	149274894	149274444	149275344	HG02838	HG02836	HG02837	task1781_HG02838_HG02836_HG02837_chr3_149274894
1782	chr3	150719595	150719145	150720045	NA19177	NA19175	NA19176	task1782_NA19177_NA19175_NA19176_chr3_150719595
1783	chr3	151267593	151267143	151268043	HG00544	HG00542	HG00543	task1783_HG00544_HG00542_HG00543_chr3_151267593
1784	chr3	153064390	153063940	153064840	HG02668	HG02666	HG02667	task1784_HG02668_HG02666_HG02667_chr3_153064390
1785	chr3	153064390	153063940	153064840	HG02978	HG02977	HG02976	task1785_HG02978_HG02977_HG02976_chr3_153064390
1786	chr3	153064390	153063940	153064840	NA19918	NA19916	NA19917	task1786_NA19918_NA19916_NA19917_chr3_153064390
1787	chr3	153925773	153925323	153926223	NA19097	NA19096	NA19095	task1787_NA19097_NA19096_NA19095_chr3_153925773
1788	chr3	156992989	156992539	156993439	HG04204	HG03679	HG03642	task1788_HG04204_HG03679_HG03642_chr3_156992989
1789	chr3	156992989	156992539	156993439	HG04215	HG03679	HG03642	task1789_HG04215_HG03679_HG03642_chr3_156992989
1790	chr3	159176206	159175756	159176656	HG03310	HG03311	HG03309	task1790_HG03310_HG03311_HG03309_chr3_159176206
1791	chr3	159179545	159179095	159179995	HG02451	HG02449	HG02450	task1791_HG02451_HG02449_HG02450_chr3_159179545
1792	chr3	160546070	160545620	160546520	HG02240	HG02238	HG02239	task1792_HG02240_HG02238_HG02239_chr3_160546070
1793	chr3	160917404	160916954	160917854	HG03047	HG03045	HG03046	task1793_HG03047_HG03045_HG03046_chr3_160917404
1794	chr3	161063549	161063099	161063999	HG04175	HG04173	HG04174	task1794_HG04175_HG04173_HG04174_chr3_161063549
1795	chr3	166675582	166675132	166676032	HG01053	HG01051	HG01052	task1795_HG01053_HG01051_HG01052_chr3_166675582
1796	chr3	166819984	166819534	166820434	HG02677	HG02675	HG02676	task1796_HG02677_HG02675_HG02676_chr3_166819984
1797	chr3	167948838	167948388	167949288	HG01053	HG01051	HG01052	task1797_HG01053_HG01051_HG01052_chr3_167948838
1798	chr3	169612153	169611703	169612603	HG02129	HG02131	HG02130	task1798_HG02129_HG02131_HG02130_chr3_169612153
1799	chr3	173575455	173575005	173575905	HG01099	HG01097	HG01098	task1799_HG01099_HG01097_HG01098_chr3_173575455
1800	chr3	173901516	173901066	173901966	HG01567	HG01565	HG01566	task1800_HG01567_HG01565_HG01566_chr3_173901516
1801	chr3	174713563	174713113	174714013	HG03101	HG03100	HG03099	task1801_HG03101_HG03100_HG03099_chr3_174713563
1802	chr3	176710569	176710119	176711019	HG02059	HG02061	HG02060	task1802_HG02059_HG02061_HG02060_chr3_176710569
1803	chr3	177630405	177629955	177630855	NA18857	NA18856	NA18855	task1803_NA18857_NA18856_NA18855_chr3_177630405
1804	chr3	179348999	179348549	179349449	HG00567	HG00565	HG00566	task1804_HG00567_HG00565_HG00566_chr3_179348999
1805	chr3	182352144	182351694	182352594	NA19120	NA19119	NA19116	task1805_NA19120_NA19119_NA19116_chr3_182352144
1806	chr3	184805167	184804717	184805617	NA19705	NA19703	NA19704	task1806_NA19705_NA19703_NA19704_chr3_184805167
1807	chr3	185058097	185057647	185058547	HG00423	HG00421	HG00422	task1807_HG00423_HG00421_HG00422_chr3_185058097
1808	chr3	185361190	185360740	185361640	HG02605	HG02603	HG02604	task1808_HG02605_HG02603_HG02604_chr3_185361190
1809	chr3	185361190	185360740	185361640	HG02698	HG02696	HG02697	task1809_HG02698_HG02696_HG02697_chr3_185361190
1810	chr3	187745250	187744800	187745700	NA06995	NA07435	NA07037	task1810_NA06995_NA07435_NA07037_chr3_187745250
1811	chr3	188013754	188013304	188014204	NA19724	NA19723	NA19722	task1811_NA19724_NA19723_NA19722_chr3_188013754
1812	chr3	189210848	189210398	189211298	HG02889	HG02887	HG02888	task1812_HG02889_HG02887_HG02888_chr3_189210848
1813	chr3	191308869	191308419	191309319	HG03164	HG03163	HG03162	task1813_HG03164_HG03163_HG03162_chr3_191308869
1814	chr3	191308869	191308419	191309319	HG03350	HG03352	HG03351	task1814_HG03350_HG03352_HG03351_chr3_191308869
1815	chr3	191605122	191604672	191605572	HG00627	HG00625	HG00626	task1815_HG00627_HG00625_HG00626_chr3_191605122
1816	chr3	192275255	192274805	192275705	HG02240	HG02238	HG02239	task1816_HG02240_HG02238_HG02239_chr3_192275255
1817	chr3	192275255	192274805	192275705	NA10842	NA11917	NA11918	task1817_NA10842_NA11917_NA11918_chr3_192275255
1818	chr3	192839925	192839475	192840375	HG01881	HG01879	HG01880	task1818_HG01881_HG01879_HG01880_chr3_192839925
1819	chr3	194324780	194324330	194325230	HG01081	HG01079	HG01080	task1819_HG01081_HG01079_HG01080_chr3_194324780
1820	chr3	194324780	194324330	194325230	HG03113	HG03112	HG03111	task1820_HG03113_HG03112_HG03111_chr3_194324780
1821	chr3	194324780	194324330	194325230	NA12335	NA12340	NA12341	task1821_NA12335_NA12340_NA12341_chr3_194324780
1822	chr3	195103460	195103010	195103910	HG02770	HG02768	HG02769	task1822_HG02770_HG02768_HG02769_chr3_195103460
1823	chr3	195103460	195103010	195103910	HG02812	HG02810	HG02811	task1823_HG02812_HG02810_HG02811_chr3_195103460
1824	chr3	195474157	195473707	195474607	HG03486	HG03484	HG03485	task1824_HG03486_HG03484_HG03485_chr3_195474157
1825	chr3	196721771	196721321	196722221	HG02647	HG02645	HG02646	task1825_HG02647_HG02645_HG02646_chr3_196721771
1826	chr4	555204	554754	555654	HG00459	HG00457	HG00458	task1826_HG00459_HG00457_HG00458_chr4_555204
1827	chr4	555204	554754	555654	HG01081	HG01079	HG01080	task1827_HG01081_HG01079_HG01080_chr4_555204
1828	chr4	555204	554754	555654	HG01499	HG01497	HG01498	task1828_HG01499_HG01497_HG01498_chr4_555204
1829	chr4	555204	554754	555654	HG01748	HG01747	HG01746	task1829_HG01748_HG01747_HG01746_chr4_555204
1830	chr4	555204	554754	555654	HG01937	HG01935	HG01936	task1830_HG01937_HG01935_HG01936_chr4_555204
1831	chr4	555204	554754	555654	HG02668	HG02666	HG02667	task1831_HG02668_HG02666_HG02667_chr4_555204
1832	chr4	555204	554754	555654	HG03065	HG03063	HG03064	task1832_HG03065_HG03063_HG03064_chr4_555204
1833	chr4	555204	554754	555654	HG03131	HG03130	HG03129	task1833_HG03131_HG03130_HG03129_chr4_555204
1834	chr4	555204	554754	555654	HG03906	HG03905	HG03904	task1834_HG03906_HG03905_HG03904_chr4_555204
1835	chr4	555204	554754	555654	NA07348	NA07357	NA07345	task1835_NA07348_NA07357_NA07345_chr4_555204
1836	chr4	555204	554754	555654	NA10830	NA12154	NA12236	task1836_NA10830_NA12154_NA12236_chr4_555204
1837	chr4	555204	554754	555654	NA19721	NA19720	NA19719	task1837_NA19721_NA19720_NA19719_chr4_555204
1838	chr4	555204	554754	555654	NA19730	NA19729	NA19728	task1838_NA19730_NA19729_NA19728_chr4_555204
1839	chr4	555572	555122	556022	HG01178	HG01176	HG01177	task1839_HG01178_HG01176_HG01177_chr4_555572
1840	chr4	555572	555122	556022	HG01463	HG01461	HG01462	task1840_HG01463_HG01461_HG01462_chr4_555572
1841	chr4	555572	555122	556022	HG02680	HG02678	HG02679	task1841_HG02680_HG02678_HG02679_chr4_555572
1842	chr4	555572	555122	556022	HG03825	HG03824	HG03823	task1842_HG03825_HG03824_HG03823_chr4_555572
1843	chr4	555572	555122	556022	NA19208	NA19207	NA19206	task1843_NA19208_NA19207_NA19206_chr4_555572
1844	chr4	555572	555122	556022	NA19772	NA19771	NA19770	task1844_NA19772_NA19771_NA19770_chr4_555572
1845	chr4	2199969	2199519	2200419	HG03164	HG03163	HG03162	task1845_HG03164_HG03163_HG03162_chr4_2199969
1846	chr4	2226630	2226180	2227080	HG03269	HG03268	HG03267	task1846_HG03269_HG03268_HG03267_chr4_2226630
1847	chr4	3826070	3825620	3826520	HG03056	HG03054	HG03055	task1847_HG03056_HG03054_HG03055_chr4_3826070
1848	chr4	3826070	3825620	3826520	NA10863	NA12264	NA12234	task1848_NA10863_NA12264_NA12234_chr4_3826070
1849	chr4	3826070	3825620	3826520	NA19115	NA19113	NA19114	task1849_NA19115_NA19113_NA19114_chr4_3826070
1850	chr4	7252650	7252200	7253100	HG02024	HG02026	HG02025	task1850_HG02024_HG02026_HG02025_chr4_7252650
1851	chr4	7262334	7261884	7262784	HG01633	HG01631	HG01632	task1851_HG01633_HG01631_HG01632_chr4_7262334
1852	chr4	7262334	7261884	7262784	HG01946	HG01944	HG01945	task1852_HG01946_HG01944_HG01945_chr4_7262334
1853	chr4	7262334	7261884	7262784	NA19656	NA19655	NA19654	task1853_NA19656_NA19655_NA19654_chr4_7262334
1854	chr4	9032090	9031640	9032540	HG02466	HG02464	HG02465	task1854_HG02466_HG02464_HG02465_chr4_9032090
1855	chr4	10874185	10873735	10874635	HG03260	HG03258	HG03259	task1855_HG03260_HG03258_HG03259_chr4_10874185
1856	chr4	10874185	10873735	10874635	NA20279	NA20278	NA20282	task1856_NA20279_NA20278_NA20282_chr4_10874185
1857	chr4	12427841	12427391	12428291	HG02972	HG02971	HG02970	task1857_HG02972_HG02971_HG02970_chr4_12427841
1858	chr4	13596063	13595613	13596513	NA19983	NA19982	NA19713	task1858_NA19983_NA19982_NA19713_chr4_13596063
1859	chr4	14067570	14067120	14068020	NA19237	NA19236	NA19235	task1859_NA19237_NA19236_NA19235_chr4_14067570
1860	chr4	16237026	16236576	16237476	HG02948	HG02947	HG02946	task1860_HG02948_HG02947_HG02946_chr4_16237026
1861	chr4	17717125	17716675	17717575	HG04217	HG04198	HG04200	task1861_HG04217_HG04198_HG04200_chr4_17717125
1862	chr4	18758403	18757953	18758853	HG03519	HG03518	HG03517	task1862_HG03519_HG03518_HG03517_chr4_18758403
1863	chr4	20094873	20094423	20095323	HG02563	HG02561	HG02562	task1863_HG02563_HG02561_HG02562_chr4_20094873
1864	chr4	20094873	20094423	20095323	HG02862	HG02860	HG02861	task1864_HG02862_HG02860_HG02861_chr4_20094873
1865	chr4	21382543	21382093	21382993	HG03110	HG03109	HG03108	task1865_HG03110_HG03109_HG03108_chr4_21382543
1866	chr4	21382543	21382093	21382993	NA19836	NA19834	NA19835	task1866_NA19836_NA19834_NA19835_chr4_21382543
1867	chr4	21604866	21604416	21605316	HG03798	HG03797	HG03796	task1867_HG03798_HG03797_HG03796_chr4_21604866
1868	chr4	21633457	21633007	21633907	HG03930	HG03929	HG03928	task1868_HG03930_HG03929_HG03928_chr4_21633457
1869	chr4	23871208	23870758	23871658	HG02889	HG02887	HG02888	task1869_HG02889_HG02887_HG02888_chr4_23871208
1870	chr4	30370852	30370402	30371302	HG03125	HG03124	HG03123	task1870_HG03125_HG03124_HG03123_chr4_30370852
1871	chr4	30747531	30747081	30747981	HG03732	HG03727	HG03721	task1871_HG03732_HG03727_HG03721_chr4_30747531
1872	chr4	31094820	31094370	31095270	HG03098	HG03096	HG03097	task1872_HG03098_HG03096_HG03097_chr4_31094820
1873	chr4	31094820	31094370	31095270	HG03116	HG03115	HG03114	task1873_HG03116_HG03115_HG03114_chr4_31094820
1874	chr4	32284537	32284087	32284987	HG03480	HG03478	HG03479	task1874_HG03480_HG03478_HG03479_chr4_32284537
1875	chr4	33654479	33654029	33654929	HG01937	HG01935	HG01936	task1875_HG01937_HG01935_HG01936_chr4_33654479
1876	chr4	33654479	33654029	33654929	HG01969	HG01967	HG01968	task1876_HG01969_HG01967_HG01968_chr4_33654479
1877	chr4	34577363	34576913	34577813	NA18860	NA18859	NA18858	task1877_NA18860_NA18859_NA18858_chr4_34577363
1878	chr4	36276764	36276314	36277214	HG01099	HG01097	HG01098	task1878_HG01099_HG01097_HG01098_chr4_36276764
1879	chr4	37625322	37624872	37625772	HG03101	HG03100	HG03099	task1879_HG03101_HG03100_HG03099_chr4_37625322
1880	chr4	37625322	37624872	37625772	NA18872	NA18871	NA18870	task1880_NA18872_NA18871_NA18870_chr4_37625322
1881	chr4	41975396	41974946	41975846	NA18875	NA18874	NA18873	task1881_NA18875_NA18874_NA18873_chr4_41975396
1882	chr4	41975396	41974946	41975846	NA19177	NA19175	NA19176	task1882_NA19177_NA19175_NA19176_chr4_41975396
1883	chr4	43394844	43394394	43395294	NA18515	NA18516	NA18517	task1883_NA18515_NA18516_NA18517_chr4_43394844
1884	chr4	46782917	46782467	46783367	HG02451	HG02449	HG02450	task1884_HG02451_HG02449_HG02450_chr4_46782917
1885	chr4	46966003	46965553	46966453	HG01633	HG01631	HG01632	task1885_HG01633_HG01631_HG01632_chr4_46966003
1886	chr4	47399493	47399043	47399943	HG03269	HG03268	HG03267	task1886_HG03269_HG03268_HG03267_chr4_47399493
1887	chr4	53478400	53477950	53478850	HG01925	HG01923	HG01924	task1887_HG01925_HG01923_HG01924_chr4_53478400
1888	chr4	53478400	53477950	53478850	NA19186	NA19184	NA19185	task1888_NA19186_NA19184_NA19185_chr4_53478400
1889	chr4	56554735	56554285	56555185	HG03128	HG03127	HG03126	task1889_HG03128_HG03127_HG03126_chr4_56554735
1890	chr4	57506900	57506450	57507350	NA19775	NA19774	NA19773	task1890_NA19775_NA19774_NA19773_chr4_57506900
1891	chr4	58802172	58801722	58802622	HG03305	HG03304	HG03303	task1891_HG03305_HG03304_HG03303_chr4_58802172
1892	chr4	60204482	60204032	60204932	HG02612	HG02610	HG02611	task1892_HG02612_HG02610_HG02611_chr4_60204482
1893	chr4	61174730	61174280	61175180	HG03480	HG03478	HG03479	task1893_HG03480_HG03478_HG03479_chr4_61174730
1894	chr4	61174730	61174280	61175180	NA18857	NA18856	NA18855	task1894_NA18857_NA18856_NA18855_chr4_61174730
1895	chr4	61647716	61647266	61648166	HG03308	HG03307	HG03306	task1895_HG03308_HG03307_HG03306_chr4_61647716
1896	chr4	62521346	62520896	62521796	HG00612	HG00610	HG00611	task1896_HG00612_HG00610_HG00611_chr4_62521346
1897	chr4	64159300	64158850	64159750	HG03041	HG03039	HG03040	task1897_HG03041_HG03039_HG03040_chr4_64159300
1898	chr4	66307853	66307403	66308303	HG03915	HG03914	HG03913	task1898_HG03915_HG03914_HG03913_chr4_66307853
1899	chr4	66685145	66684695	66685595	HG02704	HG02702	HG02703	task1899_HG02704_HG02702_HG02703_chr4_66685145
1900	chr4	66685145	66684695	66685595	NA19177	NA19175	NA19176	task1900_NA19177_NA19175_NA19176_chr4_66685145
1901	chr4	67387779	67387329	67388229	HG02966	HG02965	HG02964	task1901_HG02966_HG02965_HG02964_chr4_67387779
1902	chr4	67387779	67387329	67388229	HG03026	HG03024	HG03025	task1902_HG03026_HG03024_HG03025_chr4_67387779
1903	chr4	67387779	67387329	67388229	HG03125	HG03124	HG03123	task1903_HG03125_HG03124_HG03123_chr4_67387779
1904	chr4	67658492	67658042	67658942	NA19919	NA19908	NA19909	task1904_NA19919_NA19908_NA19909_chr4_67658492
1905	chr4	71671008	71670558	71671458	HG02773	HG02771	HG02772	task1905_HG02773_HG02771_HG02772_chr4_71671008
1906	chr4	71671008	71670558	71671458	HG02897	HG02895	HG02896	task1906_HG02897_HG02895_HG02896_chr4_71671008
1907	chr4	72305622	72305172	72306072	HG04115	HG03896	HG03894	task1907_HG04115_HG03896_HG03894_chr4_72305622
1908	chr4	73596224	73595774	73596674	HG02587	HG02585	HG02586	task1908_HG02587_HG02585_HG02586_chr4_73596224
1909	chr4	76316986	76316536	76317436	NA18925	NA18923	NA18924	task1909_NA18925_NA18923_NA18924_chr4_76316986
1910	chr4	77572919	77572469	77573369	HG03251	HG03249	HG03250	task1910_HG03251_HG03249_HG03250_chr4_77572919
1911	chr4	79962339	79961889	79962789	HG02701	HG02699	HG02700	task1911_HG02701_HG02699_HG02700_chr4_79962339
1912	chr4	82014976	82014526	82015426	HG03310	HG03311	HG03309	task1912_HG03310_HG03311_HG03309_chr4_82014976
1913	chr4	82403853	82403403	82404303	HG03834	HG03833	HG03832	task1913_HG03834_HG03833_HG03832_chr4_82403853
1914	chr4	82470030	82469580	82470480	HG02770	HG02768	HG02769	task1914_HG02770_HG02768_HG02769_chr4_82470030
1915	chr4	84298599	84298149	84299049	HG00465	HG00463	HG00464	task1915_HG00465_HG00463_HG00464_chr4_84298599
1916	chr4	84554780	84554330	84555230	HG02321	HG02281	HG02282	task1916_HG02321_HG02281_HG02282_chr4_84554780
1917	chr4	84554780	84554330	84555230	HG03831	HG03830	HG03829	task1917_HG03831_HG03830_HG03829_chr4_84554780
1918	chr4	87762859	87762409	87763309	HG03801	HG03800	HG03799	task1918_HG03801_HG03800_HG03799_chr4_87762859
1919	chr4	91367494	91367044	91367944	HG02321	HG02281	HG02282	task1919_HG02321_HG02281_HG02282_chr4_91367494
1920	chr4	91367494	91367044	91367944	HG02590	HG02588	HG02589	task1920_HG02590_HG02588_HG02589_chr4_91367494
1921	chr4	91367494	91367044	91367944	HG03374	HG03373	HG03372	task1921_HG03374_HG03373_HG03372_chr4_91367494
1922	chr4	92412678	92412228	92413128	NA19103	NA19101	NA19102	task1922_NA19103_NA19101_NA19102_chr4_92412678
1923	chr4	92460050	92459600	92460500	NA19120	NA19119	NA19116	task1923_NA19120_NA19119_NA19116_chr4_92460050
1924	chr4	93401149	93400699	93401599	NA18857	NA18856	NA18855	task1924_NA18857_NA18856_NA18855_chr4_93401149
1925	chr4	93401149	93400699	93401599	NA20279	NA20278	NA20282	task1925_NA20279_NA20278_NA20282_chr4_93401149
1926	chr4	94449632	94449182	94450082	HG02145	HG02143	HG02144	task1926_HG02145_HG02143_HG02144_chr4_94449632
1927	chr4	94622284	94621834	94622734	HG03516	HG03515	HG03514	task1927_HG03516_HG03515_HG03514_chr4_94622284
1928	chr4	96534397	96533947	96534847	HG02316	HG02317	HG02318	task1928_HG02316_HG02317_HG02318_chr4_96534397
1929	chr4	97125074	97124624	97125524	HG02280	HG02307	HG02308	task1929_HG02280_HG02307_HG02308_chr4_97125074
1930	chr4	98693969	98693519	98694419	HG03310	HG03311	HG03309	task1930_HG03310_HG03311_HG03309_chr4_98693969
1931	chr4	101454910	101454460	101455360	HG02625	HG02623	HG02624	task1931_HG02625_HG02623_HG02624_chr4_101454910
1932	chr4	102391030	102390580	102391480	HG01172	HG01170	HG01171	task1932_HG01172_HG01170_HG01171_chr4_102391030
1933	chr4	103057269	103056819	103057719	HG02596	HG02594	HG02595	task1933_HG02596_HG02594_HG02595_chr4_103057269
1934	chr4	103057269	103056819	103057719	HG02647	HG02645	HG02646	task1934_HG02647_HG02645_HG02646_chr4_103057269
1935	chr4	103057269	103056819	103057719	NA18857	NA18856	NA18855	task1935_NA18857_NA18856_NA18855_chr4_103057269
1936	chr4	103480966	103480516	103481416	HG02647	HG02645	HG02646	task1936_HG02647_HG02645_HG02646_chr4_103480966
1937	chr4	107944842	107944392	107945292	NA19683	NA19682	NA19681	task1937_NA19683_NA19682_NA19681_chr4_107944842
1938	chr4	107944842	107944392	107945292	NA20129	NA19920	NA19921	task1938_NA20129_NA19920_NA19921_chr4_107944842
1939	chr4	108068131	108067681	108068581	HG00642	HG00640	HG00641	task1939_HG00642_HG00640_HG00641_chr4_108068131
1940	chr4	108068131	108067681	108068581	HG01891	HG01890	HG01889	task1940_HG01891_HG01890_HG01889_chr4_108068131
1941	chr4	108068131	108067681	108068581	HG02303	HG02302	HG02301	task1941_HG02303_HG02302_HG02301_chr4_108068131
1942	chr4	108068131	108067681	108068581	NA19173	NA19171	NA19172	task1942_NA19173_NA19171_NA19172_chr4_108068131
1943	chr4	108518421	108517971	108518871	HG02889	HG02887	HG02888	task1943_HG02889_HG02887_HG02888_chr4_108518421
1944	chr4	108518421	108517971	108518871	NA19115	NA19113	NA19114	task1944_NA19115_NA19113_NA19114_chr4_108518421
1945	chr4	112256051	112255601	112256501	HG03540	HG03538	HG03539	task1945_HG03540_HG03538_HG03539_chr4_112256051
1946	chr4	112256051	112255601	112256501	NA18521	NA18522	NA18523	task1946_NA18521_NA18522_NA18523_chr4_112256051
1947	chr4	112256051	112255601	112256501	NA19103	NA19101	NA19102	task1947_NA19103_NA19101_NA19102_chr4_112256051
1948	chr4	112556141	112555691	112556591	HG00420	HG00418	HG00419	task1948_HG00420_HG00418_HG00419_chr4_112556141
1949	chr4	112897584	112897134	112898034	HG01891	HG01890	HG01889	task1949_HG01891_HG01890_HG01889_chr4_112897584
1950	chr4	112897584	112897134	112898034	HG02644	HG02642	HG02643	task1950_HG02644_HG02642_HG02643_chr4_112897584
1951	chr4	113563103	113562653	113563553	HG02761	HG02759	HG02760	task1951_HG02761_HG02759_HG02760_chr4_113563103
1952	chr4	114075333	114074883	114075783	HG02954	HG02953	HG02952	task1952_HG02954_HG02953_HG02952_chr4_114075333
1953	chr4	114075333	114074883	114075783	HG03368	HG03367	HG03366	task1953_HG03368_HG03367_HG03366_chr4_114075333
1954	chr4	114121923	114121473	114122373	HG01972	HG01970	HG01971	task1954_HG01972_HG01970_HG01971_chr4_114121923
1955	chr4	114121923	114121473	114122373	HG02279	HG02277	HG02278	task1955_HG02279_HG02277_HG02278_chr4_114121923
1956	chr4	114361191	114360741	114361641	HG02785	HG02783	HG02784	task1956_HG02785_HG02783_HG02784_chr4_114361191
1957	chr4	115094126	115093676	115094576	NA19677	NA19676	NA19675	task1957_NA19677_NA19676_NA19675_chr4_115094126
1958	chr4	116232410	116231960	116232860	HG02563	HG02561	HG02562	task1958_HG02563_HG02561_HG02562_chr4_116232410
1959	chr4	116404283	116403833	116404733	HG03098	HG03096	HG03097	task1959_HG03098_HG03096_HG03097_chr4_116404283
1960	chr4	116631610	116631160	116632060	NA19202	NA19200	NA19201	task1960_NA19202_NA19200_NA19201_chr4_116631610
1961	chr4	117129981	117129531	117130431	HG01367	HG01365	HG01366	task1961_HG01367_HG01365_HG01366_chr4_117129981
1962	chr4	117236425	117235975	117236875	NA19154	NA19153	NA19152	task1962_NA19154_NA19153_NA19152_chr4_117236425
1963	chr4	118828688	118828238	118829138	HG02622	HG02620	HG02621	task1963_HG02622_HG02620_HG02621_chr4_118828688
1964	chr4	123870249	123869799	123870699	HG01888	HG01882	HG01883	task1964_HG01888_HG01882_HG01883_chr4_123870249
1965	chr4	125902996	125902546	125903446	NA18854	NA18853	NA18852	task1965_NA18854_NA18853_NA18852_chr4_125902996
1966	chr4	127223497	127223047	127223947	HG00639	HG00637	HG00638	task1966_HG00639_HG00637_HG00638_chr4_127223497
1967	chr4	127754503	127754053	127754953	HG02068	HG02070	HG02069	task1967_HG02068_HG02070_HG02069_chr4_127754503
1968	chr4	128622741	128622291	128623191	HG02717	HG02715	HG02716	task1968_HG02717_HG02715_HG02716_chr4_128622741
1969	chr4	128622741	128622291	128623191	NA18906	NA18877	NA18876	task1969_NA18906_NA18877_NA18876_chr4_128622741
1970	chr4	130728035	130727585	130728485	HG02841	HG02839	HG02840	task1970_HG02841_HG02839_HG02840_chr4_130728035
1971	chr4	130728035	130727585	130728485	NA19115	NA19113	NA19114	task1971_NA19115_NA19113_NA19114_chr4_130728035
1972	chr4	132342595	132342145	132343045	HG03065	HG03063	HG03064	task1972_HG03065_HG03063_HG03064_chr4_132342595
1973	chr4	132601226	132600776	132601676	HG02853	HG02851	HG02852	task1973_HG02853_HG02851_HG02852_chr4_132601226
1974	chr4	133197377	133196927	133197827	HG02083	HG02085	HG02084	task1974_HG02083_HG02085_HG02084_chr4_133197377
1975	chr4	134264034	134263584	134264484	HG01780	HG01781	HG01779	task1975_HG01780_HG01781_HG01779_chr4_134264034
1976	chr4	134532607	134532157	134533057	NA19249	NA19248	NA19247	task1976_NA19249_NA19248_NA19247_chr4_134532607
1977	chr4	136848242	136847792	136848692	HG02316	HG02317	HG02318	task1977_HG02316_HG02317_HG02318_chr4_136848242
1978	chr4	136848242	136847792	136848692	HG03170	HG03169	HG03168	task1978_HG03170_HG03169_HG03168_chr4_136848242
1979	chr4	137512911	137512461	137513361	NA19705	NA19703	NA19704	task1979_NA19705_NA19703_NA19704_chr4_137512911
1980	chr4	138632166	138631716	138632616	NA12344	NA12347	NA12348	task1980_NA12344_NA12347_NA12348_chr4_138632166
1981	chr4	141541782	141541332	141542232	HG03302	HG03301	HG03300	task1981_HG03302_HG03301_HG03300_chr4_141541782
1982	chr4	142001662	142001212	142002112	HG02806	HG02804	HG02805	task1982_HG02806_HG02804_HG02805_chr4_142001662
1983	chr4	142720760	142720310	142721210	HG03308	HG03307	HG03306	task1983_HG03308_HG03307_HG03306_chr4_142720760
1984	chr4	144067641	144067191	144068091	NA19132	NA19130	NA19131	task1984_NA19132_NA19130_NA19131_chr4_144067641
1985	chr4	144556465	144556015	144556915	HG02948	HG02947	HG02946	task1985_HG02948_HG02947_HG02946_chr4_144556465
1986	chr4	147312991	147312541	147313441	NA19173	NA19171	NA19172	task1986_NA19173_NA19171_NA19172_chr4_147312991
1987	chr4	148337323	148336873	148337773	HG03131	HG03130	HG03129	task1987_HG03131_HG03130_HG03129_chr4_148337323
1988	chr4	151311146	151310696	151311596	HG02704	HG02702	HG02703	task1988_HG02704_HG02702_HG02703_chr4_151311146
1989	chr4	151311146	151310696	151311596	HG02945	HG02944	HG02943	task1989_HG02945_HG02944_HG02943_chr4_151311146
1990	chr4	151944820	151944370	151945270	HG01249	HG01110	HG01111	task1990_HG01249_HG01110_HG01111_chr4_151944820
1991	chr4	153267113	153266663	153267563	HG00567	HG00565	HG00566	task1991_HG00567_HG00565_HG00566_chr4_153267113
1992	chr4	154765429	154764979	154765879	HG03248	HG03246	HG03247	task1992_HG03248_HG03246_HG03247_chr4_154765429
1993	chr4	154765429	154764979	154765879	HG03310	HG03311	HG03309	task1993_HG03310_HG03311_HG03309_chr4_154765429
1994	chr4	155874162	155873712	155874612	NA18521	NA18522	NA18523	task1994_NA18521_NA18522_NA18523_chr4_155874162
1995	chr4	157146672	157146222	157147122	HG01884	HG01885	HG01956	task1995_HG01884_HG01885_HG01956_chr4_157146672
1996	chr4	157146672	157146222	157147122	HG02612	HG02610	HG02611	task1996_HG02612_HG02610_HG02611_chr4_157146672
1997	chr4	158484526	158484076	158484976	NA19727	NA19726	NA19725	task1997_NA19727_NA19726_NA19725_chr4_158484526
1998	chr4	160054811	160054361	160055261	HG03579	HG03577	HG03578	task1998_HG03579_HG03577_HG03578_chr4_160054811
1999	chr4	161252322	161251872	161252772	HG03134	HG03133	HG03132	task1999_HG03134_HG03133_HG03132_chr4_161252322
2000	chr4	163090813	163090363	163091263	NA10860	NA11992	NA11993	task2000_NA10860_NA11992_NA11993_chr4_163090813
2001	chr4	164573107	164572657	164573557	HG00532	HG00530	HG00531	task2001_HG00532_HG00530_HG00531_chr4_164573107
2002	chr4	164573107	164572657	164573557	HG00609	HG00607	HG00608	task2002_HG00609_HG00607_HG00608_chr4_164573107
2003	chr4	164573107	164572657	164573557	HG00612	HG00610	HG00611	task2003_HG00612_HG00610_HG00611_chr4_164573107
2004	chr4	164573107	164572657	164573557	HG02514	HG02512	HG02513	task2004_HG02514_HG02512_HG02513_chr4_164573107
2005	chr4	164602210	164601760	164602660	HG02723	HG02721	HG02722	task2005_HG02723_HG02721_HG02722_chr4_164602210
2006	chr4	166218918	166218468	166219368	NA20279	NA20278	NA20282	task2006_NA20279_NA20278_NA20282_chr4_166218918
2007	chr4	166640336	166639886	166640786	NA20358	NA20356	NA20357	task2007_NA20358_NA20356_NA20357_chr4_166640336
2008	chr4	166801485	166801035	166801935	HG02584	HG02582	HG02583	task2008_HG02584_HG02582_HG02583_chr4_166801485
2009	chr4	167205630	167205180	167206080	HG01261	HG01259	HG01260	task2009_HG01261_HG01259_HG01260_chr4_167205630
2010	chr4	167205630	167205180	167206080	HG01279	HG01277	HG01278	task2010_HG01279_HG01277_HG01278_chr4_167205630
2011	chr4	167205630	167205180	167206080	HG03164	HG03163	HG03162	task2011_HG03164_HG03163_HG03162_chr4_167205630
2012	chr4	167205630	167205180	167206080	HG03909	HG03908	HG03907	task2012_HG03909_HG03908_HG03907_chr4_167205630
2013	chr4	167205630	167205180	167206080	NA10837	NA12272	NA12273	task2013_NA10837_NA12272_NA12273_chr4_167205630
2014	chr4	167205630	167205180	167206080	NA18521	NA18522	NA18523	task2014_NA18521_NA18522_NA18523_chr4_167205630
2015	chr4	167205630	167205180	167206080	NA18869	NA18868	NA18867	task2015_NA18869_NA18868_NA18867_chr4_167205630
2016	chr4	167205630	167205180	167206080	NA19132	NA19130	NA19131	task2016_NA19132_NA19130_NA19131_chr4_167205630
2017	chr4	167635192	167634742	167635642	NA19677	NA19676	NA19675	task2017_NA19677_NA19676_NA19675_chr4_167635192
2018	chr4	168940011	168939561	168940461	HG02316	HG02317	HG02318	task2018_HG02316_HG02317_HG02318_chr4_168940011
2019	chr4	170411536	170411086	170411986	HG03579	HG03577	HG03578	task2019_HG03579_HG03577_HG03578_chr4_170411536
2020	chr4	170880651	170880201	170881101	HG03522	HG03521	HG03520	task2020_HG03522_HG03521_HG03520_chr4_170880651
2021	chr4	171392700	171392250	171393150	NA18914	NA18913	NA18912	task2021_NA18914_NA18913_NA18912_chr4_171392700
2022	chr4	171422339	171421889	171422789	NA19174	NA19117	NA19118	task2022_NA19174_NA19117_NA19118_chr4_171422339
2023	chr4	171639461	171639011	171639911	HG01493	HG01491	HG01492	task2023_HG01493_HG01491_HG01492_chr4_171639461
2024	chr4	171931821	171931371	171932271	NA19142	NA19141	NA19140	task2024_NA19142_NA19141_NA19140_chr4_171931821
2025	chr4	174629139	174628689	174629589	HG00582	HG00580	HG00581	task2025_HG00582_HG00580_HG00581_chr4_174629139
2026	chr4	174888842	174888392	174889292	HG02704	HG02702	HG02703	task2026_HG02704_HG02702_HG02703_chr4_174888842
2027	chr4	174888842	174888392	174889292	NA19924	NA19922	NA19923	task2027_NA19924_NA19922_NA19923_chr4_174888842
2028	chr4	175309100	175308650	175309550	HG03579	HG03577	HG03578	task2028_HG03579_HG03577_HG03578_chr4_175309100
2029	chr4	178507951	178507501	178508401	NA18872	NA18871	NA18870	task2029_NA18872_NA18871_NA18870_chr4_178507951
2030	chr4	179441978	179441528	179442428	NA19132	NA19130	NA19131	task2030_NA19132_NA19130_NA19131_chr4_179441978
2031	chr4	179750191	179749741	179750641	HG01081	HG01079	HG01080	task2031_HG01081_HG01079_HG01080_chr4_179750191
2032	chr4	180751564	180751114	180752014	HG02889	HG02887	HG02888	task2032_HG02889_HG02887_HG02888_chr4_180751564
2033	chr4	181120633	181120183	181121083	HG02055	HG02053	HG02054	task2033_HG02055_HG02053_HG02054_chr4_181120633
2034	chr4	181120633	181120183	181121083	HG02587	HG02585	HG02586	task2034_HG02587_HG02585_HG02586_chr4_181120633
2035	chr4	181120633	181120183	181121083	HG03296	HG03295	HG03294	task2035_HG03296_HG03295_HG03294_chr4_181120633
2036	chr4	181946021	181945571	181946471	HG01493	HG01491	HG01492	task2036_HG01493_HG01491_HG01492_chr4_181946021
2037	chr4	182424518	182424068	182424968	HG03110	HG03109	HG03108	task2037_HG03110_HG03109_HG03108_chr4_182424518
2038	chr4	184057079	184056629	184057529	HG01053	HG01051	HG01052	task2038_HG01053_HG01051_HG01052_chr4_184057079
2039	chr4	187278596	187278146	187279046	HG01955	HG01953	HG01954	task2039_HG01955_HG01953_HG01954_chr4_187278596
2040	chr4	189303287	189302837	189303737	HG00465	HG00463	HG00464	task2040_HG00465_HG00463_HG00464_chr4_189303287
2041	chr5	343496	343046	343946	HG03137	HG03136	HG03135	task2041_HG03137_HG03136_HG03135_chr5_343496
2042	chr5	343496	343046	343946	NA19662	NA19661	NA19660	task2042_NA19662_NA19661_NA19660_chr5_343496
2043	chr5	343496	343046	343946	NA19733	NA19732	NA19731	task2043_NA19733_NA19732_NA19731_chr5_343496
2044	chr5	365652	365202	366102	HG03314	HG03313	HG03312	task2044_HG03314_HG03313_HG03312_chr5_365652
2045	chr5	1081275	1080825	1081725	HG01916	HG01914	HG01915	task2045_HG01916_HG01914_HG01915_chr5_1081275
2046	chr5	1096058	1095608	1096508	HG02225	HG02224	HG02223	task2046_HG02225_HG02224_HG02223_chr5_1096058
2047	chr5	2198624	2198174	2199074	HG03272	HG03271	HG03270	task2047_HG03272_HG03271_HG03270_chr5_2198624
2048	chr5	2198624	2198174	2199074	NA19139	NA19138	NA19137	task2048_NA19139_NA19138_NA19137_chr5_2198624
2049	chr5	2684600	2684150	2685050	HG02129	HG02131	HG02130	task2049_HG02129_HG02131_HG02130_chr5_2684600
2050	chr5	6230046	6229596	6230496	HG03302	HG03301	HG03300	task2050_HG03302_HG03301_HG03300_chr5_6230046
2051	chr5	10913416	10912966	10913866	HG02770	HG02768	HG02769	task2051_HG02770_HG02768_HG02769_chr5_10913416
2052	chr5	10913416	10912966	10913866	HG02773	HG02771	HG02772	task2052_HG02773_HG02771_HG02772_chr5_10913416
2053	chr5	10913416	10912966	10913866	HG03041	HG03039	HG03040	task2053_HG03041_HG03039_HG03040_chr5_10913416
2054	chr5	10913416	10912966	10913866	HG02770	HG02768	HG02769	task2054_HG02770_HG02768_HG02769_chr5_10913416
2055	chr5	10913416	10912966	10913866	HG02773	HG02771	HG02772	task2055_HG02773_HG02771_HG02772_chr5_10913416
2056	chr5	10913416	10912966	10913866	HG03041	HG03039	HG03040	task2056_HG03041_HG03039_HG03040_chr5_10913416
2057	chr5	11136518	11136068	11136968	HG02615	HG02613	HG02614	task2057_HG02615_HG02613_HG02614_chr5_11136518
2058	chr5	12242392	12241942	12242842	HG03350	HG03352	HG03351	task2058_HG03350_HG03352_HG03351_chr5_12242392
2059	chr5	16818376	16817926	16818826	NA19258	NA19256	NA19257	task2059_NA19258_NA19256_NA19257_chr5_16818376
2060	chr5	16882930	16882480	16883380	HG02723	HG02721	HG02722	task2060_HG02723_HG02721_HG02722_chr5_16882930
2061	chr5	16953822	16953372	16954272	HG03519	HG03518	HG03517	task2061_HG03519_HG03518_HG03517_chr5_16953822
2062	chr5	18152550	18152100	18153000	NA19258	NA19256	NA19257	task2062_NA19258_NA19256_NA19257_chr5_18152550
2063	chr5	18152593	18152143	18153043	HG01987	HG01990	HG02012	task2063_HG01987_HG01990_HG02012_chr5_18152593
2064	chr5	18152593	18152143	18153043	HG02972	HG02971	HG02970	task2064_HG02972_HG02971_HG02970_chr5_18152593
2065	chr5	18152593	18152143	18153043	HG03272	HG03271	HG03270	task2065_HG03272_HG03271_HG03270_chr5_18152593
2066	chr5	19180290	19179840	19180740	NA10852	NA12045	NA12046	task2066_NA10852_NA12045_NA12046_chr5_19180290
2067	chr5	21245005	21244555	21245455	HG01881	HG01879	HG01880	task2067_HG01881_HG01879_HG01880_chr5_21245005
2068	chr5	22166181	22165731	22166631	NA19115	NA19113	NA19114	task2068_NA19115_NA19113_NA19114_chr5_22166181
2069	chr5	22659410	22658960	22659860	NA10865	NA11891	NA11892	task2069_NA10865_NA11891_NA11892_chr5_22659410
2070	chr5	22706145	22705695	22706595	HG02514	HG02512	HG02513	task2070_HG02514_HG02512_HG02513_chr5_22706145
2071	chr5	26392765	26392315	26393215	NA18914	NA18913	NA18912	task2071_NA18914_NA18913_NA18912_chr5_26392765
2072	chr5	26574515	26574065	26574965	HG02622	HG02620	HG02621	task2072_HG02622_HG02620_HG02621_chr5_26574515
2073	chr5	27351134	27350684	27351584	HG03308	HG03307	HG03306	task2073_HG03308_HG03307_HG03306_chr5_27351134
2074	chr5	29025724	29025274	29026174	NA20279	NA20278	NA20282	task2074_NA20279_NA20278_NA20282_chr5_29025724
2075	chr5	31233256	31232806	31233706	HG02818	HG02816	HG02817	task2075_HG02818_HG02816_HG02817_chr5_31233256
2076	chr5	31292870	31292420	31293320	HG02701	HG02699	HG02700	task2076_HG02701_HG02699_HG02700_chr5_31292870
2077	chr5	39231754	39231304	39232204	NA19177	NA19175	NA19176	task2077_NA19177_NA19175_NA19176_chr5_39231754
2078	chr5	39511891	39511441	39512341	HG01887	HG02014	HG01886	task2078_HG01887_HG02014_HG01886_chr5_39511891
2079	chr5	39838112	39837662	39838562	NA19662	NA19661	NA19660	task2079_NA19662_NA19661_NA19660_chr5_39838112
2080	chr5	39838112	39837662	39838562	NA19685	NA19661	NA19660	task2080_NA19685_NA19661_NA19660_chr5_39838112
2081	chr5	41859905	41859455	41860355	HG01674	HG01675	HG01673	task2081_HG01674_HG01675_HG01673_chr5_41859905
2082	chr5	41859905	41859455	41860355	HG02647	HG02645	HG02646	task2082_HG02647_HG02645_HG02646_chr5_41859905
2083	chr5	42701661	42701211	42702111	NA19902	NA19900	NA19901	task2083_NA19902_NA19900_NA19901_chr5_42701661
2084	chr5	43076545	43076095	43076995	HG00655	HG00653	HG00654	task2084_HG00655_HG00653_HG00654_chr5_43076545
2085	chr5	43076545	43076095	43076995	HG01919	HG01917	HG01918	task2085_HG01919_HG01917_HG01918_chr5_43076545
2086	chr5	43076545	43076095	43076995	HG01946	HG01944	HG01945	task2086_HG01946_HG01944_HG01945_chr5_43076545
2087	chr5	43186298	43185848	43186748	HG02622	HG02620	HG02621	task2087_HG02622_HG02620_HG02621_chr5_43186298
2088	chr5	43186298	43185848	43186748	NA19177	NA19175	NA19176	task2088_NA19177_NA19175_NA19176_chr5_43186298
2089	chr5	43420080	43419630	43420530	HG02980	HG02981	HG02979	task2089_HG02980_HG02981_HG02979_chr5_43420080
2090	chr5	43420080	43419630	43420530	HG03101	HG03100	HG03099	task2090_HG03101_HG03100_HG03099_chr5_43420080
2091	chr5	43620599	43620149	43621049	HG01897	HG02013	HG01896	task2091_HG01897_HG02013_HG01896_chr5_43620599
2092	chr5	43620599	43620149	43621049	HG02680	HG02678	HG02679	task2092_HG02680_HG02678_HG02679_chr5_43620599
2093	chr5	43620599	43620149	43621049	HG03200	HG03199	HG03198	task2093_HG03200_HG03199_HG03198_chr5_43620599
2094	chr5	43620599	43620149	43621049	HG03344	HG03343	HG03342	task2094_HG03344_HG03343_HG03342_chr5_43620599
2095	chr5	43620599	43620149	43621049	HG03368	HG03367	HG03366	task2095_HG03368_HG03367_HG03366_chr5_43620599
2096	chr5	43620599	43620149	43621049	NA19191	NA19189	NA19190	task2096_NA19191_NA19189_NA19190_chr5_43620599
2097	chr5	45076860	45076410	45077310	HG03197	HG03196	HG03195	task2097_HG03197_HG03196_HG03195_chr5_45076860
2098	chr5	54230990	54230540	54231440	HG01895	HG01912	HG01894	task2098_HG01895_HG01912_HG01894_chr5_54230990
2099	chr5	54355378	54354928	54355828	HG02605	HG02603	HG02604	task2099_HG02605_HG02603_HG02604_chr5_54355378
2100	chr5	55659254	55658804	55659704	HG03035	HG03033	HG03034	task2100_HG03035_HG03033_HG03034_chr5_55659254
2101	chr5	55659254	55658804	55659704	NA18860	NA18859	NA18858	task2101_NA18860_NA18859_NA18858_chr5_55659254
2102	chr5	56868855	56868405	56869305	HG02258	HG02314	HG02315	task2102_HG02258_HG02314_HG02315_chr5_56868855
2103	chr5	57096472	57096022	57096922	NA19919	NA19908	NA19909	task2103_NA19919_NA19908_NA19909_chr5_57096472
2104	chr5	57660624	57660174	57661074	HG03161	HG03160	HG03159	task2104_HG03161_HG03160_HG03159_chr5_57660624
2105	chr5	57766381	57765931	57766831	HG02659	HG02657	HG02658	task2105_HG02659_HG02657_HG02658_chr5_57766381
2106	chr5	60151808	60151358	60152258	NA19733	NA19732	NA19731	task2106_NA19733_NA19732_NA19731_chr5_60151808
2107	chr5	64643608	64643158	64644058	HG02924	HG02923	HG02922	task2107_HG02924_HG02923_HG02922_chr5_64643608
2108	chr5	64643608	64643158	64644058	HG03248	HG03246	HG03247	task2108_HG03248_HG03246_HG03247_chr5_64643608
2109	chr5	67328965	67328515	67329415	HG02770	HG02768	HG02769	task2109_HG02770_HG02768_HG02769_chr5_67328965
2110	chr5	73083449	73082999	73083899	HG01192	HG01190	HG01191	task2110_HG01192_HG01190_HG01191_chr5_73083449
2111	chr5	74617050	74616600	74617500	HG03035	HG03033	HG03034	task2111_HG03035_HG03033_HG03034_chr5_74617050
2112	chr5	75482966	75482516	75483416	HG01084	HG01082	HG01083	task2112_HG01084_HG01082_HG01083_chr5_75482966
2113	chr5	76040900	76040450	76041350	HG01898	HG01892	HG01893	task2113_HG01898_HG01892_HG01893_chr5_76040900
2114	chr5	82401119	82400669	82401569	HG01881	HG01879	HG01880	task2114_HG01881_HG01879_HG01880_chr5_82401119
2115	chr5	83200572	83200122	83201022	HG00664	HG00662	HG00663	task2115_HG00664_HG00662_HG00663_chr5_83200572
2116	chr5	87154090	87153640	87154540	NA19123	NA19121	NA19122	task2116_NA19123_NA19121_NA19122_chr5_87154090
2117	chr5	89422262	89421812	89422712	HG03230	HG03228	HG03229	task2117_HG03230_HG03228_HG03229_chr5_89422262
2118	chr5	89927337	89926887	89927787	HG02806	HG02804	HG02805	task2118_HG02806_HG02804_HG02805_chr5_89927337
2119	chr5	89927337	89926887	89927787	NA19191	NA19189	NA19190	task2119_NA19191_NA19189_NA19190_chr5_89927337
2120	chr5	91297183	91296733	91297633	NA19202	NA19200	NA19201	task2120_NA19202_NA19200_NA19201_chr5_91297183
2121	chr5	93575472	93575022	93575922	HG02978	HG02977	HG02976	task2121_HG02978_HG02977_HG02976_chr5_93575472
2122	chr5	95748140	95747690	95748590	HG01109	HG01107	HG01108	task2122_HG01109_HG01107_HG01108_chr5_95748140
2123	chr5	95978035	95977585	95978485	HG02704	HG02702	HG02703	task2123_HG02704_HG02702_HG02703_chr5_95978035
2124	chr5	95978035	95977585	95978485	HG03371	HG03370	HG03369	task2124_HG03371_HG03370_HG03369_chr5_95978035
2125	chr5	95978035	95977585	95978485	NA18872	NA18871	NA18870	task2125_NA18872_NA18871_NA18870_chr5_95978035
2126	chr5	101178138	101177688	101178588	HG02800	HG02798	HG02799	task2126_HG02800_HG02798_HG02799_chr5_101178138
2127	chr5	102264656	102264206	102265106	NA19224	NA19226	NA19225	task2127_NA19224_NA19226_NA19225_chr5_102264656
2128	chr5	104125498	104125048	104125948	HG02605	HG02603	HG02604	task2128_HG02605_HG02603_HG02604_chr5_104125498
2129	chr5	104125498	104125048	104125948	HG02686	HG02684	HG02685	task2129_HG02686_HG02684_HG02685_chr5_104125498
2130	chr5	105360244	105359794	105360694	HG03710	HG03708	HG03709	task2130_HG03710_HG03708_HG03709_chr5_105360244
2131	chr5	106749258	106748808	106749708	NA19094	NA19092	NA19093	task2131_NA19094_NA19092_NA19093_chr5_106749258
2132	chr5	108794682	108794232	108795132	NA18935	NA18934	NA18933	task2132_NA18935_NA18934_NA18933_chr5_108794682
2133	chr5	109992014	109991564	109992464	HG03137	HG03136	HG03135	task2133_HG03137_HG03136_HG03135_chr5_109992014
2134	chr5	110234337	110233887	110234787	HG03161	HG03160	HG03159	task2134_HG03161_HG03160_HG03159_chr5_110234337
2135	chr5	110491181	110490731	110491631	HG03134	HG03133	HG03132	task2135_HG03134_HG03133_HG03132_chr5_110491181
2136	chr5	110623217	110622767	110623667	HG02800	HG02798	HG02799	task2136_HG02800_HG02798_HG02799_chr5_110623217
2137	chr5	113399685	113399235	113400135	NA19139	NA19138	NA19137	task2137_NA19139_NA19138_NA19137_chr5_113399685
2138	chr5	114694726	114694276	114695176	HG03795	HG03794	HG03793	task2138_HG03795_HG03794_HG03793_chr5_114694726
2139	chr5	116332634	116332184	116333084	HG03056	HG03054	HG03055	task2139_HG03056_HG03054_HG03055_chr5_116332634
2140	chr5	116332634	116332184	116333084	NA19142	NA19141	NA19140	task2140_NA19142_NA19141_NA19140_chr5_116332634
2141	chr5	118398335	118397885	118398785	HG00447	HG00445	HG00446	task2141_HG00447_HG00445_HG00446_chr5_118398335
2142	chr5	118398335	118397885	118398785	NA19730	NA19729	NA19728	task2142_NA19730_NA19729_NA19728_chr5_118398335
2143	chr5	119550263	119549813	119550713	HG03302	HG03301	HG03300	task2143_HG03302_HG03301_HG03300_chr5_119550263
2144	chr5	119550263	119549813	119550713	NA19154	NA19153	NA19152	task2144_NA19154_NA19153_NA19152_chr5_119550263
2145	chr5	119708263	119707813	119708713	HG02975	HG02973	HG02974	task2145_HG02975_HG02973_HG02974_chr5_119708263
2146	chr5	119713128	119712678	119713578	HG02883	HG02881	HG02882	task2146_HG02883_HG02881_HG02882_chr5_119713128
2147	chr5	122717160	122716710	122717610	NA19787	NA19786	NA19785	task2147_NA19787_NA19786_NA19785_chr5_122717160
2148	chr5	124343823	124343373	124344273	HG03035	HG03033	HG03034	task2148_HG03035_HG03033_HG03034_chr5_124343823
2149	chr5	125644642	125644192	125645092	NA19778	NA19777	NA19776	task2149_NA19778_NA19777_NA19776_chr5_125644642
2150	chr5	128035635	128035185	128036085	HG02258	HG02314	HG02315	task2150_HG02258_HG02314_HG02315_chr5_128035635
2151	chr5	129050178	129049728	129050628	HG01391	HG01389	HG01390	task2151_HG01391_HG01389_HG01390_chr5_129050178
2152	chr5	130971410	130970960	130971860	HG01252	HG01250	HG01251	task2152_HG01252_HG01250_HG01251_chr5_130971410
2153	chr5	134721397	134720947	134721847	HG01895	HG01912	HG01894	task2153_HG01895_HG01912_HG01894_chr5_134721397
2154	chr5	135928231	135927781	135928681	NA19161	NA19160	NA19159	task2154_NA19161_NA19160_NA19159_chr5_135928231
2155	chr5	139597077	139596627	139597527	HG02622	HG02620	HG02621	task2155_HG02622_HG02620_HG02621_chr5_139597077
2156	chr5	139597077	139596627	139597527	HG02809	HG02807	HG02808	task2156_HG02809_HG02807_HG02808_chr5_139597077
2157	chr5	139597077	139596627	139597527	NA18875	NA18874	NA18873	task2157_NA18875_NA18874_NA18873_chr5_139597077
2158	chr5	140067372	140066922	140067822	HG00627	HG00625	HG00626	task2158_HG00627_HG00625_HG00626_chr5_140067372
2159	chr5	142656235	142655785	142656685	HG03579	HG03577	HG03578	task2159_HG03579_HG03577_HG03578_chr5_142656235
2160	chr5	142989961	142989511	142990411	HG02126	HG02128	HG02127	task2160_HG02126_HG02128_HG02127_chr5_142989961
2161	chr5	142989961	142989511	142990411	HG03654	HG03652	HG03653	task2161_HG03654_HG03652_HG03653_chr5_142989961
2162	chr5	145713601	145713151	145714051	HG02011	HG02009	HG02010	task2162_HG02011_HG02009_HG02010_chr5_145713601
2163	chr5	148990279	148989829	148990729	HG02853	HG02851	HG02852	task2163_HG02853_HG02851_HG02852_chr5_148990279
2164	chr5	151171342	151170892	151171792	HG02258	HG02314	HG02315	task2164_HG02258_HG02314_HG02315_chr5_151171342
2165	chr5	152403752	152403302	152404202	HG01895	HG01912	HG01894	task2165_HG01895_HG01912_HG01894_chr5_152403752
2166	chr5	156166214	156165764	156166664	HG01674	HG01675	HG01673	task2166_HG01674_HG01675_HG01673_chr5_156166214
2167	chr5	156798284	156797834	156798734	HG02800	HG02798	HG02799	task2167_HG02800_HG02798_HG02799_chr5_156798284
2168	chr5	160824708	160824258	160825158	HG02978	HG02977	HG02976	task2168_HG02978_HG02977_HG02976_chr5_160824708
2169	chr5	160824708	160824258	160825158	NA18863	NA18862	NA18861	task2169_NA18863_NA18862_NA18861_chr5_160824708
2170	chr5	160845366	160844916	160845816	HG04151	HG04149	HG04150	task2170_HG04151_HG04149_HG04150_chr5_160845366
2171	chr5	161739399	161738949	161739849	HG00591	HG00589	HG00590	task2171_HG00591_HG00589_HG00590_chr5_161739399
2172	chr5	163758088	163757638	163758538	HG02055	HG02053	HG02054	task2172_HG02055_HG02053_HG02054_chr5_163758088
2173	chr5	163758088	163757638	163758538	HG03197	HG03196	HG03195	task2173_HG03197_HG03196_HG03195_chr5_163758088
2174	chr5	166577575	166577125	166578025	HG02924	HG02923	HG02922	task2174_HG02924_HG02923_HG02922_chr5_166577575
2175	chr5	166587370	166586920	166587820	HG02818	HG02816	HG02817	task2175_HG02818_HG02816_HG02817_chr5_166587370
2176	chr5	166926010	166925560	166926460	HG02924	HG02923	HG02922	task2176_HG02924_HG02923_HG02922_chr5_166926010
2177	chr5	167791457	167791007	167791907	HG02135	HG02137	HG02136	task2177_HG02135_HG02137_HG02136_chr5_167791457
2178	chr5	174297446	174296996	174297896	HG01243	HG01241	HG01242	task2178_HG01243_HG01241_HG01242_chr5_174297446
2179	chr5	174297446	174296996	174297896	HG03047	HG03045	HG03046	task2179_HG03047_HG03045_HG03046_chr5_174297446
2180	chr5	174297446	174296996	174297896	NA19215	NA19213	NA19214	task2180_NA19215_NA19213_NA19214_chr5_174297446
2181	chr5	175365144	175364694	175365594	HG02647	HG02645	HG02646	task2181_HG02647_HG02645_HG02646_chr5_175365144
2182	chr6	344214	343764	344664	HG02630	HG02628	HG02629	task2182_HG02630_HG02628_HG02629_chr6_344214
2183	chr6	1615453	1615003	1615903	HG01884	HG01885	HG01956	task2183_HG01884_HG01885_HG01956_chr6_1615453
2184	chr6	3010231	3009781	3010681	HG02972	HG02971	HG02970	task2184_HG02972_HG02971_HG02970_chr6_3010231
2185	chr6	3355949	3355499	3356399	NA19919	NA19908	NA19909	task2185_NA19919_NA19908_NA19909_chr6_3355949
2186	chr6	3875810	3875360	3876260	NA19258	NA19256	NA19257	task2186_NA19258_NA19256_NA19257_chr6_3875810
2187	chr6	4518361	4517911	4518811	HG02812	HG02810	HG02811	task2187_HG02812_HG02810_HG02811_chr6_4518361
2188	chr6	4900832	4900382	4901282	HG02572	HG02570	HG02571	task2188_HG02572_HG02570_HG02571_chr6_4900832
2189	chr6	4900832	4900382	4901282	HG02612	HG02610	HG02611	task2189_HG02612_HG02610_HG02611_chr6_4900832
2190	chr6	4900832	4900382	4901282	HG02625	HG02623	HG02624	task2190_HG02625_HG02623_HG02624_chr6_4900832
2191	chr6	4900832	4900382	4901282	HG02871	HG02869	HG02870	task2191_HG02871_HG02869_HG02870_chr6_4900832
2192	chr6	5386377	5385927	5386827	HG03041	HG03039	HG03040	task2192_HG03041_HG03039_HG03040_chr6_5386377
2193	chr6	5386377	5385927	5386827	NA18875	NA18874	NA18873	task2193_NA18875_NA18874_NA18873_chr6_5386377
2194	chr6	8523946	8523496	8524396	NA19918	NA19916	NA19917	task2194_NA19918_NA19916_NA19917_chr6_8523946
2195	chr6	10146132	10145682	10146582	HG03816	HG03815	HG03814	task2195_HG03816_HG03815_HG03814_chr6_10146132
2196	chr6	12628604	12628154	12629054	HG01567	HG01565	HG01566	task2196_HG01567_HG01565_HG01566_chr6_12628604
2197	chr6	13730467	13730017	13730917	HG03272	HG03271	HG03270	task2197_HG03272_HG03271_HG03270_chr6_13730467
2198	chr6	15190198	15189748	15190648	HG02726	HG02724	HG02725	task2198_HG02726_HG02724_HG02725_chr6_15190198
2199	chr6	15693175	15692725	15693625	NA18875	NA18874	NA18873	task2199_NA18875_NA18874_NA18873_chr6_15693175
2200	chr6	15693175	15692725	15693625	NA19828	NA19818	NA19819	task2200_NA19828_NA19818_NA19819_chr6_15693175
2201	chr6	16862123	16861673	16862573	HG00453	HG00451	HG00452	task2201_HG00453_HG00451_HG00452_chr6_16862123
2202	chr6	16862123	16861673	16862573	HG00642	HG00640	HG00641	task2202_HG00642_HG00640_HG00641_chr6_16862123
2203	chr6	16862123	16861673	16862573	HG01184	HG01182	HG01183	task2203_HG01184_HG01182_HG01183_chr6_16862123
2204	chr6	16862123	16861673	16862573	HG01367	HG01365	HG01366	task2204_HG01367_HG01365_HG01366_chr6_16862123
2205	chr6	16862123	16861673	16862573	HG01897	HG02013	HG01896	task2205_HG01897_HG02013_HG01896_chr6_16862123
2206	chr6	16862123	16861673	16862573	HG02273	HG02271	HG02272	task2206_HG02273_HG02271_HG02272_chr6_16862123
2207	chr6	16862123	16861673	16862573	HG03374	HG03373	HG03372	task2207_HG03374_HG03373_HG03372_chr6_16862123
2208	chr6	16862123	16861673	16862573	NA19721	NA19720	NA19719	task2208_NA19721_NA19720_NA19719_chr6_16862123
2209	chr6	16862123	16861673	16862573	NA19757	NA19756	NA19755	task2209_NA19757_NA19756_NA19755_chr6_16862123
2210	chr6	22417749	22417299	22418199	NA19787	NA19786	NA19785	task2210_NA19787_NA19786_NA19785_chr6_22417749
2211	chr6	22438164	22437714	22438614	NA19154	NA19153	NA19152	task2211_NA19154_NA19153_NA19152_chr6_22438164
2212	chr6	24000892	24000442	24001342	NA10864	NA11893	NA11894	task2212_NA10864_NA11893_NA11894_chr6_24000892
2213	chr6	24778650	24778200	24779100	NA19237	NA19236	NA19235	task2213_NA19237_NA19236_NA19235_chr6_24778650
2214	chr6	25494154	25493704	25494604	HG03579	HG03577	HG03578	task2214_HG03579_HG03577_HG03578_chr6_25494154
2215	chr6	28971762	28971312	28972212	HG01096	HG01094	HG01095	task2215_HG01096_HG01094_HG01095_chr6_28971762
2216	chr6	28971762	28971312	28972212	HG01667	HG01669	HG01668	task2216_HG01667_HG01669_HG01668_chr6_28971762
2217	chr6	28971762	28971312	28972212	HG01888	HG01882	HG01883	task2217_HG01888_HG01882_HG01883_chr6_28971762
2218	chr6	28971762	28971312	28972212	NA10857	NA12043	NA12044	task2218_NA10857_NA12043_NA12044_chr6_28971762
2219	chr6	28971762	28971312	28972212	NA19237	NA19236	NA19235	task2219_NA19237_NA19236_NA19235_chr6_28971762
2220	chr6	29460815	29460365	29461265	HG03915	HG03914	HG03913	task2220_HG03915_HG03914_HG03913_chr6_29460815
2221	chr6	33388338	33387888	33388788	HG01276	HG01274	HG01275	task2221_HG01276_HG01274_HG01275_chr6_33388338
2222	chr6	33388338	33387888	33388788	HG03930	HG03929	HG03928	task2222_HG03930_HG03929_HG03928_chr6_33388338
2223	chr6	33388338	33387888	33388788	NA19174	NA19117	NA19118	task2223_NA19174_NA19117_NA19118_chr6_33388338
2224	chr6	35594701	35594251	35595151	HG02630	HG02628	HG02629	task2224_HG02630_HG02628_HG02629_chr6_35594701
2225	chr6	35959401	35958951	35959851	NA19208	NA19207	NA19206	task2225_NA19208_NA19207_NA19206_chr6_35959401
2226	chr6	36129750	36129300	36130200	HG03248	HG03246	HG03247	task2226_HG03248_HG03246_HG03247_chr6_36129750
2227	chr6	38019449	38018999	38019899	HG01189	HG01187	HG01188	task2227_HG01189_HG01187_HG01188_chr6_38019449
2228	chr6	42742559	42742109	42743009	HG03116	HG03115	HG03114	task2228_HG03116_HG03115_HG03114_chr6_42742559
2229	chr6	46972918	46972468	46973368	HG03576	HG03574	HG03575	task2229_HG03576_HG03574_HG03575_chr6_46972918
2230	chr6	47918528	47918078	47918978	HG03251	HG03249	HG03250	task2230_HG03251_HG03249_HG03250_chr6_47918528
2231	chr6	48395006	48394556	48395456	NA18875	NA18874	NA18873	task2231_NA18875_NA18874_NA18873_chr6_48395006
2232	chr6	54301279	54300829	54301729	HG02723	HG02721	HG02722	task2232_HG02723_HG02721_HG02722_chr6_54301279
2233	chr6	65553717	65553267	65554167	NA19258	NA19256	NA19257	task2233_NA19258_NA19256_NA19257_chr6_65553717
2234	chr6	67907262	67906812	67907712	HG00703	HG00701	HG00702	task2234_HG00703_HG00701_HG00702_chr6_67907262
2235	chr6	71594940	71594490	71595390	HG03269	HG03268	HG03267	task2235_HG03269_HG03268_HG03267_chr6_71594940
2236	chr6	74048968	74048518	74049418	NA19100	NA19098	NA19099	task2236_NA19100_NA19098_NA19099_chr6_74048968
2237	chr6	75069784	75069334	75070234	NA07349	NA07347	NA07346	task2237_NA07349_NA07347_NA07346_chr6_75069784
2238	chr6	75069784	75069334	75070234	NA19659	NA19658	NA19657	task2238_NA19659_NA19658_NA19657_chr6_75069784
2239	chr6	75296680	75296230	75297130	HG03134	HG03133	HG03132	task2239_HG03134_HG03133_HG03132_chr6_75296680
2240	chr6	75296680	75296230	75297130	NA19836	NA19834	NA19835	task2240_NA19836_NA19834_NA19835_chr6_75296680
2241	chr6	75396062	75395612	75396512	HG02584	HG02582	HG02583	task2241_HG02584_HG02582_HG02583_chr6_75396062
2242	chr6	80056954	80056504	80057404	HG02821	HG02819	HG02820	task2242_HG02821_HG02819_HG02820_chr6_80056954
2243	chr6	80432009	80431559	80432459	HG02287	HG02285	HG02286	task2243_HG02287_HG02285_HG02286_chr6_80432009
2244	chr6	80746261	80745811	80746711	HG02897	HG02895	HG02896	task2244_HG02897_HG02895_HG02896_chr6_80746261
2245	chr6	81098404	81097954	81098854	NA18875	NA18874	NA18873	task2245_NA18875_NA18874_NA18873_chr6_81098404
2246	chr6	81323231	81322781	81323681	NA18935	NA18934	NA18933	task2246_NA18935_NA18934_NA18933_chr6_81323231
2247	chr6	82545380	82544930	82545830	HG02856	HG02854	HG02855	task2247_HG02856_HG02854_HG02855_chr6_82545380
2248	chr6	82545380	82544930	82545830	HG03344	HG03343	HG03342	task2248_HG03344_HG03343_HG03342_chr6_82545380
2249	chr6	84846573	84846123	84847023	HG03272	HG03271	HG03270	task2249_HG03272_HG03271_HG03270_chr6_84846573
2250	chr6	85676927	85676477	85677377	HG03453	HG03451	HG03452	task2250_HG03453_HG03451_HG03452_chr6_85676927
2251	chr6	90296344	90295894	90296794	HG02030	HG02032	HG02031	task2251_HG02030_HG02032_HG02031_chr6_90296344
2252	chr6	91170831	91170381	91171281	HG04228	HG04229	HG04227	task2252_HG04228_HG04229_HG04227_chr6_91170831
2253	chr6	91769894	91769444	91770344	HG02686	HG02684	HG02685	task2253_HG02686_HG02684_HG02685_chr6_91769894
2254	chr6	91769894	91769444	91770344	HG02735	HG02733	HG02734	task2254_HG02735_HG02733_HG02734_chr6_91769894
2255	chr6	93926804	93926354	93927254	HG03047	HG03045	HG03046	task2255_HG03047_HG03045_HG03046_chr6_93926804
2256	chr6	94230252	94229802	94230702	HG03098	HG03096	HG03097	task2256_HG03098_HG03096_HG03097_chr6_94230252
2257	chr6	94230252	94229802	94230702	NA18914	NA18913	NA18912	task2257_NA18914_NA18913_NA18912_chr6_94230252
2258	chr6	94230252	94229802	94230702	NA19100	NA19098	NA19099	task2258_NA19100_NA19098_NA19099_chr6_94230252
2259	chr6	94534929	94534479	94535379	HG03050	HG03048	HG03049	task2259_HG03050_HG03048_HG03049_chr6_94534929
2260	chr6	96219109	96218659	96219559	HG03131	HG03130	HG03129	task2260_HG03131_HG03130_HG03129_chr6_96219109
2261	chr6	97264388	97263938	97264838	HG03110	HG03109	HG03108	task2261_HG03110_HG03109_HG03108_chr6_97264388
2262	chr6	97264388	97263938	97264838	NA19151	NA19150	NA19149	task2262_NA19151_NA19150_NA19149_chr6_97264388
2263	chr6	98163509	98163059	98163959	HG01895	HG01912	HG01894	task2263_HG01895_HG01912_HG01894_chr6_98163509
2264	chr6	98466932	98466482	98467382	HG03041	HG03039	HG03040	task2264_HG03041_HG03039_HG03040_chr6_98466932
2265	chr6	100643838	100643388	100644288	NA19221	NA19223	NA19222	task2265_NA19221_NA19223_NA19222_chr6_100643838
2266	chr6	102281627	102281177	102282077	HG03041	HG03039	HG03040	task2266_HG03041_HG03039_HG03040_chr6_102281627
2267	chr6	104357441	104356991	104357891	NA19775	NA19774	NA19773	task2267_NA19775_NA19774_NA19773_chr6_104357441
2268	chr6	111828587	111828137	111829037	HG01514	HG01512	HG01513	task2268_HG01514_HG01512_HG01513_chr6_111828587
2269	chr6	111828587	111828137	111829037	HG01514	HG01512	HG01513	task2269_HG01514_HG01512_HG01513_chr6_111828587
2270	chr6	113038245	113037795	113038695	HG03170	HG03169	HG03168	task2270_HG03170_HG03169_HG03168_chr6_113038245
2271	chr6	113038245	113037795	113038695	NA18503	NA18504	NA18505	task2271_NA18503_NA18504_NA18505_chr6_113038245
2272	chr6	113623252	113622802	113623702	HG03041	HG03039	HG03040	task2272_HG03041_HG03039_HG03040_chr6_113623252
2273	chr6	114856450	114856000	114856900	HG02812	HG02810	HG02811	task2273_HG02812_HG02810_HG02811_chr6_114856450
2274	chr6	115906053	115905603	115906503	HG01493	HG01491	HG01492	task2274_HG01493_HG01491_HG01492_chr6_115906053
2275	chr6	115906053	115905603	115906503	HG03368	HG03367	HG03366	task2275_HG03368_HG03367_HG03366_chr6_115906053
2276	chr6	116135866	116135416	116136316	NA19139	NA19138	NA19137	task2276_NA19139_NA19138_NA19137_chr6_116135866
2277	chr6	116566230	116565780	116566680	HG03239	HG03237	HG03238	task2277_HG03239_HG03237_HG03238_chr6_116566230
2278	chr6	121003376	121002926	121003826	HG02717	HG02715	HG02716	task2278_HG02717_HG02715_HG02716_chr6_121003376
2279	chr6	124028733	124028283	124029183	HG02466	HG02464	HG02465	task2279_HG02466_HG02464_HG02465_chr6_124028733
2280	chr6	124028733	124028283	124029183	HG03035	HG03033	HG03034	task2280_HG03035_HG03033_HG03034_chr6_124028733
2281	chr6	124028733	124028283	124029183	HG03272	HG03271	HG03270	task2281_HG03272_HG03271_HG03270_chr6_124028733
2282	chr6	124028733	124028283	124029183	NA19215	NA19213	NA19214	task2282_NA19215_NA19213_NA19214_chr6_124028733
2283	chr6	124028733	124028283	124029183	NA19249	NA19248	NA19247	task2283_NA19249_NA19248_NA19247_chr6_124028733
2284	chr6	126361719	126361269	126362169	HG03456	HG03454	HG03455	task2284_HG03456_HG03454_HG03455_chr6_126361719
2285	chr6	128012980	128012530	128013430	HG01103	HG01101	HG01102	task2285_HG01103_HG01101_HG01102_chr6_128012980
2286	chr6	128464818	128464368	128465268	NA07348	NA07357	NA07345	task2286_NA07348_NA07357_NA07345_chr6_128464818
2287	chr6	128464818	128464368	128465268	NA10865	NA11891	NA11892	task2287_NA10865_NA11891_NA11892_chr6_128464818
2288	chr6	129411704	129411254	129412154	HG03050	HG03048	HG03049	task2288_HG03050_HG03048_HG03049_chr6_129411704
2289	chr6	131103607	131103157	131104057	HG02853	HG02851	HG02852	task2289_HG02853_HG02851_HG02852_chr6_131103607
2290	chr6	132095329	132094879	132095779	NA18925	NA18923	NA18924	task2290_NA18925_NA18923_NA18924_chr6_132095329
2291	chr6	132514128	132513678	132514578	HG03113	HG03112	HG03111	task2291_HG03113_HG03112_HG03111_chr6_132514128
2292	chr6	133876978	133876528	133877428	HG02975	HG02973	HG02974	task2292_HG02975_HG02973_HG02974_chr6_133876978
2293	chr6	134222727	134222277	134223177	HG01376	HG01374	HG01375	task2293_HG01376_HG01374_HG01375_chr6_134222727
2294	chr6	134316216	134315766	134316666	HG00429	HG00427	HG00428	task2294_HG00429_HG00427_HG00428_chr6_134316216
2295	chr6	136528896	136528446	136529346	HG03453	HG03451	HG03452	task2295_HG03453_HG03451_HG03452_chr6_136528896
2296	chr6	136704079	136703629	136704529	HG02800	HG02798	HG02799	task2296_HG02800_HG02798_HG02799_chr6_136704079
2297	chr6	137263567	137263117	137264017	HG02316	HG02317	HG02318	task2297_HG02316_HG02317_HG02318_chr6_137263567
2298	chr6	138376390	138375940	138376840	HG03310	HG03311	HG03309	task2298_HG03310_HG03311_HG03309_chr6_138376390
2299	chr6	138376390	138375940	138376840	NA19120	NA19119	NA19116	task2299_NA19120_NA19119_NA19116_chr6_138376390
2300	chr6	138652755	138652305	138653205	HG01984	HG01982	HG01983	task2300_HG01984_HG01982_HG01983_chr6_138652755
2301	chr6	138827574	138827124	138828024	HG02495	HG02493	HG02494	task2301_HG02495_HG02493_HG02494_chr6_138827574
2302	chr6	138827574	138827124	138828024	NA06995	NA07435	NA07037	task2302_NA06995_NA07435_NA07037_chr6_138827574
2303	chr6	139318500	139318050	139318950	NA19202	NA19200	NA19201	task2303_NA19202_NA19200_NA19201_chr6_139318500
2304	chr6	139351986	139351536	139352436	NA19215	NA19213	NA19214	task2304_NA19215_NA19213_NA19214_chr6_139351986
2305	chr6	143372361	143371911	143372811	HG00652	HG00650	HG00651	task2305_HG00652_HG00650_HG00651_chr6_143372361
2306	chr6	143372361	143371911	143372811	HG00664	HG00662	HG00663	task2306_HG00664_HG00662_HG00663_chr6_143372361
2307	chr6	147057284	147056834	147057734	HG03310	HG03311	HG03309	task2307_HG03310_HG03311_HG03309_chr6_147057284
2308	chr6	147837970	147837520	147838420	HG03029	HG03027	HG03028	task2308_HG03029_HG03027_HG03028_chr6_147837970
2309	chr6	152731235	152730785	152731685	NA19132	NA19130	NA19131	task2309_NA19132_NA19130_NA19131_chr6_152731235
2310	chr6	152731235	152730785	152731685	NA19145	NA19144	NA19143	task2310_NA19145_NA19144_NA19143_chr6_152731235
2311	chr6	157180292	157179842	157180742	HG03576	HG03574	HG03575	task2311_HG03576_HG03574_HG03575_chr6_157180292
2312	chr6	157774238	157773788	157774688	HG00477	HG00475	HG00476	task2312_HG00477_HG00475_HG00476_chr6_157774238
2313	chr6	157774238	157773788	157774688	HG02590	HG02588	HG02589	task2313_HG02590_HG02588_HG02589_chr6_157774238
2314	chr6	157774238	157773788	157774688	HG04160	HG04158	HG04159	task2314_HG04160_HG04158_HG04159_chr6_157774238
2315	chr6	157774238	157773788	157774688	NA19145	NA19144	NA19143	task2315_NA19145_NA19144_NA19143_chr6_157774238
2316	chr6	159529625	159529175	159530075	HG01367	HG01365	HG01366	task2316_HG01367_HG01365_HG01366_chr6_159529625
2317	chr6	159529625	159529175	159530075	HG02883	HG02881	HG02882	task2317_HG02883_HG02881_HG02882_chr6_159529625
2318	chr6	160012759	160012309	160013209	HG02584	HG02582	HG02583	task2318_HG02584_HG02582_HG02583_chr6_160012759
2319	chr6	160012759	160012309	160013209	HG02590	HG02588	HG02589	task2319_HG02590_HG02588_HG02589_chr6_160012759
2320	chr6	162450414	162449964	162450864	HG02636	HG02634	HG02635	task2320_HG02636_HG02634_HG02635_chr6_162450414
2321	chr6	162450414	162449964	162450864	NA18484	NA18486	NA18488	task2321_NA18484_NA18486_NA18488_chr6_162450414
2322	chr6	162457576	162457126	162458026	HG02975	HG02973	HG02974	task2322_HG02975_HG02973_HG02974_chr6_162457576
2323	chr6	165157480	165157030	165157930	HG02880	HG02878	HG02879	task2323_HG02880_HG02878_HG02879_chr6_165157480
2324	chr6	166930620	166930170	166931070	HG02630	HG02628	HG02629	task2324_HG02630_HG02628_HG02629_chr6_166930620
2325	chr6	167131012	167130562	167131462	HG01755	HG01756	HG01757	task2325_HG01755_HG01756_HG01757_chr6_167131012
2326	chr6	167131012	167130562	167131462	HG02680	HG02678	HG02679	task2326_HG02680_HG02678_HG02679_chr6_167131012
2327	chr6	167131012	167130562	167131462	HG02841	HG02839	HG02840	task2327_HG02841_HG02839_HG02840_chr6_167131012
2328	chr6	167131012	167130562	167131462	HG02856	HG02854	HG02855	task2328_HG02856_HG02854_HG02855_chr6_167131012
2329	chr6	167131012	167130562	167131462	HG02954	HG02953	HG02952	task2329_HG02954_HG02953_HG02952_chr6_167131012
2330	chr6	167131012	167130562	167131462	HG03170	HG03169	HG03168	task2330_HG03170_HG03169_HG03168_chr6_167131012
2331	chr6	167131012	167130562	167131462	HG03299	HG03298	HG03297	task2331_HG03299_HG03298_HG03297_chr6_167131012
2332	chr6	167131012	167130562	167131462	NA18515	NA18516	NA18517	task2332_NA18515_NA18516_NA18517_chr6_167131012
2333	chr6	167131012	167130562	167131462	NA19173	NA19171	NA19172	task2333_NA19173_NA19171_NA19172_chr6_167131012
2334	chr7	401734	401284	402184	HG02316	HG02317	HG02318	task2334_HG02316_HG02317_HG02318_chr7_401734
2335	chr7	566395	565945	566845	HG02237	HG02236	HG02235	task2335_HG02237_HG02236_HG02235_chr7_566395
2336	chr7	566395	565945	566845	HG03056	HG03054	HG03055	task2336_HG03056_HG03054_HG03055_chr7_566395
2337	chr7	566395	565945	566845	HG03492	HG03490	HG03491	task2337_HG03492_HG03490_HG03491_chr7_566395
2338	chr7	1089951	1089501	1090401	HG02897	HG02895	HG02896	task2338_HG02897_HG02895_HG02896_chr7_1089951
2339	chr7	1089951	1089501	1090401	NA19120	NA19119	NA19116	task2339_NA19120_NA19119_NA19116_chr7_1089951
2340	chr7	6241602	6241152	6242052	HG01087	HG01085	HG01086	task2340_HG01087_HG01085_HG01086_chr7_6241602
2341	chr7	7474082	7473632	7474532	HG00502	HG00500	HG00501	task2341_HG00502_HG00500_HG00501_chr7_7474082
2342	chr7	7575916	7575466	7576366	HG02015	HG02017	HG02016	task2342_HG02015_HG02017_HG02016_chr7_7575916
2343	chr7	10548690	10548240	10549140	HG01189	HG01187	HG01188	task2343_HG01189_HG01187_HG01188_chr7_10548690
2344	chr7	11109433	11108983	11109883	HG01084	HG01082	HG01083	task2344_HG01084_HG01082_HG01083_chr7_11109433
2345	chr7	11839588	11839138	11840038	HG02523	HG02521	HG02522	task2345_HG02523_HG02521_HG02522_chr7_11839588
2346	chr7	12685535	12685085	12685985	HG01273	HG01271	HG01272	task2346_HG01273_HG01271_HG01272_chr7_12685535
2347	chr7	14206955	14206505	14207405	HG02897	HG02895	HG02896	task2347_HG02897_HG02895_HG02896_chr7_14206955
2348	chr7	14461334	14460884	14461784	NA18911	NA18910	NA18909	task2348_NA18911_NA18910_NA18909_chr7_14461334
2349	chr7	14878902	14878452	14879352	NA19132	NA19130	NA19131	task2349_NA19132_NA19130_NA19131_chr7_14878902
2350	chr7	14954288	14953838	14954738	HG02575	HG02573	HG02574	task2350_HG02575_HG02573_HG02574_chr7_14954288
2351	chr7	15166195	15165745	15166645	HG03131	HG03130	HG03129	task2351_HG03131_HG03130_HG03129_chr7_15166195
2352	chr7	15166195	15165745	15166645	NA18863	NA18862	NA18861	task2352_NA18863_NA18862_NA18861_chr7_15166195
2353	chr7	15166195	15165745	15166645	HG03131	HG03130	HG03129	task2353_HG03131_HG03130_HG03129_chr7_15166195
2354	chr7	15166195	15165745	15166645	NA18863	NA18862	NA18861	task2354_NA18863_NA18862_NA18861_chr7_15166195
2355	chr7	17813121	17812671	17813571	NA18935	NA18934	NA18933	task2355_NA18935_NA18934_NA18933_chr7_17813121
2356	chr7	19281021	19280571	19281471	HG02015	HG02017	HG02016	task2356_HG02015_HG02017_HG02016_chr7_19281021
2357	chr7	21789505	21789055	21789955	HG02129	HG02131	HG02130	task2357_HG02129_HG02131_HG02130_chr7_21789505
2358	chr7	22653244	22652794	22653694	HG03116	HG03115	HG03114	task2358_HG03116_HG03115_HG03114_chr7_22653244
2359	chr7	24379672	24379222	24380122	NA19097	NA19096	NA19095	task2359_NA19097_NA19096_NA19095_chr7_24379672
2360	chr7	25191656	25191206	25192106	HG03816	HG03815	HG03814	task2360_HG03816_HG03815_HG03814_chr7_25191656
2361	chr7	28343540	28343090	28343990	HG03047	HG03045	HG03046	task2361_HG03047_HG03045_HG03046_chr7_28343540
2362	chr7	28910945	28910495	28911395	NA19249	NA19248	NA19247	task2362_NA19249_NA19248_NA19247_chr7_28910945
2363	chr7	33243936	33243486	33244386	HG02466	HG02464	HG02465	task2363_HG02466_HG02464_HG02465_chr7_33243936
2364	chr7	33243936	33243486	33244386	HG02821	HG02819	HG02820	task2364_HG02821_HG02819_HG02820_chr7_33243936
2365	chr7	40890330	40889880	40890780	HG01952	HG01950	HG01951	task2365_HG01952_HG01950_HG01951_chr7_40890330
2366	chr7	40890330	40889880	40890780	HG01975	HG01974	HG01973	task2366_HG01975_HG01974_HG01973_chr7_40890330
2367	chr7	42275822	42275372	42276272	HG02821	HG02819	HG02820	task2367_HG02821_HG02819_HG02820_chr7_42275822
2368	chr7	44776678	44776228	44777128	NA18518	NA18519	NA18520	task2368_NA18518_NA18519_NA18520_chr7_44776678
2369	chr7	46563562	46563112	46564012	HG02889	HG02887	HG02888	task2369_HG02889_HG02887_HG02888_chr7_46563562
2370	chr7	46788096	46787646	46788546	HG02590	HG02588	HG02589	task2370_HG02590_HG02588_HG02589_chr7_46788096
2371	chr7	48960415	48959965	48960865	NA18925	NA18923	NA18924	task2371_NA18925_NA18923_NA18924_chr7_48960415
2372	chr7	50060234	50059784	50060684	HG02316	HG02317	HG02318	task2372_HG02316_HG02317_HG02318_chr7_50060234
2373	chr7	51873289	51872839	51873739	NA19145	NA19144	NA19143	task2373_NA19145_NA19144_NA19143_chr7_51873289
2374	chr7	51911177	51910727	51911627	HG02647	HG02645	HG02646	task2374_HG02647_HG02645_HG02646_chr7_51911177
2375	chr7	51911177	51910727	51911627	HG03047	HG03045	HG03046	task2375_HG03047_HG03045_HG03046_chr7_51911177
2376	chr7	53371698	53371248	53372148	NA19115	NA19113	NA19114	task2376_NA19115_NA19113_NA19114_chr7_53371698
2377	chr7	56084773	56084323	56085223	HG02815	HG02813	HG02814	task2377_HG02815_HG02813_HG02814_chr7_56084773
2378	chr7	56211164	56210714	56211614	HG04115	HG03896	HG03894	task2378_HG04115_HG03896_HG03894_chr7_56211164
2379	chr7	56811884	56811434	56812334	NA19249	NA19248	NA19247	task2379_NA19249_NA19248_NA19247_chr7_56811884
2380	chr7	58207616	58207166	58208066	HG02451	HG02449	HG02450	task2380_HG02451_HG02449_HG02450_chr7_58207616
2381	chr7	58207616	58207166	58208066	NA18518	NA18519	NA18520	task2381_NA18518_NA18519_NA18520_chr7_58207616
2382	chr7	59146091	59145641	59146541	NA18875	NA18874	NA18873	task2382_NA18875_NA18874_NA18873_chr7_59146091
2383	chr7	62359645	62359195	62360095	HG03134	HG03133	HG03132	task2383_HG03134_HG03133_HG03132_chr7_62359645
2384	chr7	64068207	64067757	64068657	HG01141	HG01139	HG01140	task2384_HG01141_HG01139_HG01140_chr7_64068207
2385	chr7	64577894	64577444	64578344	HG03251	HG03249	HG03250	task2385_HG03251_HG03249_HG03250_chr7_64577894
2386	chr7	64596944	64596494	64597394	HG01604	HG01606	HG01605	task2386_HG01604_HG01606_HG01605_chr7_64596944
2387	chr7	65123258	65122808	65123708	HG01763	HG01761	HG01762	task2387_HG01763_HG01761_HG01762_chr7_65123258
2388	chr7	65158710	65158260	65159160	HG03305	HG03304	HG03303	task2388_HG03305_HG03304_HG03303_chr7_65158710
2389	chr7	65158710	65158260	65159160	NA19145	NA19144	NA19143	task2389_NA19145_NA19144_NA19143_chr7_65158710
2390	chr7	65572794	65572344	65573244	NA12878	NA12891	NA12892	task2390_NA12878_NA12891_NA12892_chr7_65572794
2391	chr7	65777718	65777268	65778168	HG02615	HG02613	HG02614	task2391_HG02615_HG02613_HG02614_chr7_65777718
2392	chr7	65777718	65777268	65778168	HG03305	HG03304	HG03303	task2392_HG03305_HG03304_HG03303_chr7_65777718
2393	chr7	65777718	65777268	65778168	NA19123	NA19121	NA19122	task2393_NA19123_NA19121_NA19122_chr7_65777718
2394	chr7	68452057	68451607	68452507	HG02704	HG02702	HG02703	task2394_HG02704_HG02702_HG02703_chr7_68452057
2395	chr7	68452057	68451607	68452507	NA19191	NA19189	NA19190	task2395_NA19191_NA19189_NA19190_chr7_68452057
2396	chr7	69004963	69004513	69005413	HG02563	HG02561	HG02562	task2396_HG02563_HG02561_HG02562_chr7_69004963
2397	chr7	69004963	69004513	69005413	HG03047	HG03045	HG03046	task2397_HG03047_HG03045_HG03046_chr7_69004963
2398	chr7	69004963	69004513	69005413	HG03260	HG03258	HG03259	task2398_HG03260_HG03258_HG03259_chr7_69004963
2399	chr7	69004963	69004513	69005413	HG03456	HG03454	HG03455	task2399_HG03456_HG03454_HG03455_chr7_69004963
2400	chr7	70255816	70255366	70256266	HG01538	HG01536	HG01537	task2400_HG01538_HG01536_HG01537_chr7_70255816
2401	chr7	70608773	70608323	70609223	HG02625	HG02623	HG02624	task2401_HG02625_HG02623_HG02624_chr7_70608773
2402	chr7	71992061	71991611	71992511	HG01433	HG01431	HG01432	task2402_HG01433_HG01431_HG01432_chr7_71992061
2403	chr7	72884591	72884141	72885041	HG01258	HG01256	HG01257	task2403_HG01258_HG01256_HG01257_chr7_72884591
2404	chr7	79099158	79098708	79099608	HG03134	HG03133	HG03132	task2404_HG03134_HG03133_HG03132_chr7_79099158
2405	chr7	79099158	79098708	79099608	NA19983	NA19982	NA19713	task2405_NA19983_NA19982_NA19713_chr7_79099158
2406	chr7	82051435	82050985	82051885	HG02954	HG02953	HG02952	task2406_HG02954_HG02953_HG02952_chr7_82051435
2407	chr7	82982619	82982169	82983069	NA18906	NA18877	NA18876	task2407_NA18906_NA18877_NA18876_chr7_82982619
2408	chr7	83903293	83902843	83903743	HG00639	HG00637	HG00638	task2408_HG00639_HG00637_HG00638_chr7_83903293
2409	chr7	83903293	83902843	83903743	HG03041	HG03039	HG03040	task2409_HG03041_HG03039_HG03040_chr7_83903293
2410	chr7	83903293	83902843	83903743	NA19828	NA19818	NA19819	task2410_NA19828_NA19818_NA19819_chr7_83903293
2411	chr7	85598338	85597888	85598788	HG02463	HG02461	HG02462	task2411_HG02463_HG02461_HG02462_chr7_85598338
2412	chr7	85984978	85984528	85985428	HG01084	HG01082	HG01083	task2412_HG01084_HG01082_HG01083_chr7_85984978
2413	chr7	87223100	87222650	87223550	HG01919	HG01917	HG01918	task2413_HG01919_HG01917_HG01918_chr7_87223100
2414	chr7	90188146	90187696	90188596	HG01898	HG01892	HG01893	task2414_HG01898_HG01892_HG01893_chr7_90188146
2415	chr7	91579572	91579122	91580022	HG01677	HG01678	HG01676	task2415_HG01677_HG01678_HG01676_chr7_91579572
2416	chr7	91579572	91579122	91580022	HG02237	HG02236	HG02235	task2416_HG02237_HG02236_HG02235_chr7_91579572
2417	chr7	92724880	92724430	92725330	NA12335	NA12340	NA12341	task2417_NA12335_NA12340_NA12341_chr7_92724880
2418	chr7	94037004	94036554	94037454	HG02761	HG02759	HG02760	task2418_HG02761_HG02759_HG02760_chr7_94037004
2419	chr7	96673422	96672972	96673872	NA19115	NA19113	NA19114	task2419_NA19115_NA19113_NA19114_chr7_96673422
2420	chr7	96711773	96711323	96712223	HG02723	HG02721	HG02722	task2420_HG02723_HG02721_HG02722_chr7_96711773
2421	chr7	96711773	96711323	96712223	HG03197	HG03196	HG03195	task2421_HG03197_HG03196_HG03195_chr7_96711773
2422	chr7	96916231	96915781	96916681	HG03453	HG03451	HG03452	task2422_HG03453_HG03451_HG03452_chr7_96916231
2423	chr7	100076147	100075697	100076597	HG01703	HG01705	HG01704	task2423_HG01703_HG01705_HG01704_chr7_100076147
2424	chr7	100117686	100117236	100118136	NA10855	NA11831	NA11832	task2424_NA10855_NA11831_NA11832_chr7_100117686
2425	chr7	102674286	102673836	102674736	HG02590	HG02588	HG02589	task2425_HG02590_HG02588_HG02589_chr7_102674286
2426	chr7	102674286	102673836	102674736	NA19120	NA19119	NA19116	task2426_NA19120_NA19119_NA19116_chr7_102674286
2427	chr7	102674286	102673836	102674736	NA19186	NA19184	NA19185	task2427_NA19186_NA19184_NA19185_chr7_102674286
2428	chr7	103747884	103747434	103748334	NA18872	NA18871	NA18870	task2428_NA18872_NA18871_NA18870_chr7_103747884
2429	chr7	103747884	103747434	103748334	NA19211	NA19210	NA19209	task2429_NA19211_NA19210_NA19209_chr7_103747884
2430	chr7	105039878	105039428	105040328	HG02287	HG02285	HG02286	task2430_HG02287_HG02285_HG02286_chr7_105039878
2431	chr7	105159470	105159020	105159920	HG01888	HG01882	HG01883	task2431_HG01888_HG01882_HG01883_chr7_105159470
2432	chr7	108594982	108594532	108595432	HG02889	HG02887	HG02888	task2432_HG02889_HG02887_HG02888_chr7_108594982
2433	chr7	108877431	108876981	108877881	HG02625	HG02623	HG02624	task2433_HG02625_HG02623_HG02624_chr7_108877431
2434	chr7	108877431	108876981	108877881	HG02838	HG02836	HG02837	task2434_HG02838_HG02836_HG02837_chr7_108877431
2435	chr7	109595886	109595436	109596336	HG01062	HG01060	HG01061	task2435_HG01062_HG01060_HG01061_chr7_109595886
2436	chr7	109707155	109706705	109707605	HG02818	HG02816	HG02817	task2436_HG02818_HG02816_HG02817_chr7_109707155
2437	chr7	111113648	111113198	111114098	HG02809	HG02807	HG02808	task2437_HG02809_HG02807_HG02808_chr7_111113648
2438	chr7	113368552	113368102	113369002	HG00552	HG01075	HG00551	task2438_HG00552_HG01075_HG00551_chr7_113368552
2439	chr7	114062159	114061709	114062609	HG01376	HG01374	HG01375	task2439_HG01376_HG01374_HG01375_chr7_114062159
2440	chr7	115728312	115727862	115728762	NA19205	NA19203	NA19204	task2440_NA19205_NA19203_NA19204_chr7_115728312
2441	chr7	115728312	115727862	115728762	NA19686	NA19685	NA19684	task2441_NA19686_NA19685_NA19684_chr7_115728312
2442	chr7	116965776	116965326	116966226	HG03041	HG03039	HG03040	task2442_HG03041_HG03039_HG03040_chr7_116965776
2443	chr7	117326104	117325654	117326554	NA18860	NA18859	NA18858	task2443_NA18860_NA18859_NA18858_chr7_117326104
2444	chr7	119551632	119551182	119552082	NA19097	NA19096	NA19095	task2444_NA19097_NA19096_NA19095_chr7_119551632
2445	chr7	120679512	120679062	120679962	NA19675	NA19679	NA19678	task2445_NA19675_NA19679_NA19678_chr7_120679512
2446	chr7	124451634	124451184	124452084	HG01952	HG01950	HG01951	task2446_HG01952_HG01950_HG01951_chr7_124451634
2447	chr7	129944909	129944459	129945359	NA19174	NA19117	NA19118	task2447_NA19174_NA19117_NA19118_chr7_129944909
2448	chr7	134947190	134946740	134947640	HG03804	HG03803	HG03802	task2448_HG03804_HG03803_HG03802_chr7_134947190
2449	chr7	135452298	135451848	135452748	HG04122	HG04127	HG04075	task2449_HG04122_HG04127_HG04075_chr7_135452298
2450	chr7	138683889	138683439	138684339	HG02575	HG02573	HG02574	task2450_HG02575_HG02573_HG02574_chr7_138683889
2451	chr7	138683889	138683439	138684339	NA19211	NA19210	NA19209	task2451_NA19211_NA19210_NA19209_chr7_138683889
2452	chr7	140476695	140476245	140477145	NA19173	NA19171	NA19172	task2452_NA19173_NA19171_NA19172_chr7_140476695
2453	chr7	142549682	142549232	142550132	HG02625	HG02623	HG02624	task2453_HG02625_HG02623_HG02624_chr7_142549682
2454	chr7	143950767	143950317	143951217	HG02587	HG02585	HG02586	task2454_HG02587_HG02585_HG02586_chr7_143950767
2455	chr7	143950767	143950317	143951217	HG02871	HG02869	HG02870	task2455_HG02871_HG02869_HG02870_chr7_143950767
2456	chr7	144123122	144122672	144123572	HG02806	HG02804	HG02805	task2456_HG02806_HG02804_HG02805_chr7_144123122
2457	chr7	144123122	144122672	144123572	HG03371	HG03370	HG03369	task2457_HG03371_HG03370_HG03369_chr7_144123122
2458	chr7	145691146	145690696	145691596	HG03314	HG03313	HG03312	task2458_HG03314_HG03313_HG03312_chr7_145691146
2459	chr7	145754988	145754538	145755438	HG03026	HG03024	HG03025	task2459_HG03026_HG03024_HG03025_chr7_145754988
2460	chr7	150305009	150304559	150305459	HG02841	HG02839	HG02840	task2460_HG02841_HG02839_HG02840_chr7_150305009
2461	chr7	150305009	150304559	150305459	HG02886	HG02884	HG02885	task2461_HG02886_HG02884_HG02885_chr7_150305009
2462	chr7	150305009	150304559	150305459	NA18914	NA18913	NA18912	task2462_NA18914_NA18913_NA18912_chr7_150305009
2463	chr7	153131251	153130801	153131701	HG00552	HG01075	HG00551	task2463_HG00552_HG01075_HG00551_chr7_153131251
2464	chr7	154493531	154493081	154493981	HG04122	HG04127	HG04075	task2464_HG04122_HG04127_HG04075_chr7_154493531
2465	chr7	155091480	155091030	155091930	HG04133	HG04131	HG04132	task2465_HG04133_HG04131_HG04132_chr7_155091480
2466	chr7	156374566	156374116	156375016	HG01782	HG01783	HG01784	task2466_HG01782_HG01783_HG01784_chr7_156374566
2467	chr7	157299969	157299519	157300419	HG02605	HG02603	HG02604	task2467_HG02605_HG02603_HG02604_chr7_157299969
2468	chr7	157299969	157299519	157300419	HG03942	HG03941	HG03940	task2468_HG03942_HG03941_HG03940_chr7_157299969
2469	chr7	157299969	157299519	157300419	NA19103	NA19101	NA19102	task2469_NA19103_NA19101_NA19102_chr7_157299969
2470	chr7	157299969	157299519	157300419	NA19151	NA19150	NA19149	task2470_NA19151_NA19150_NA19149_chr7_157299969
2471	chr7	157299969	157299519	157300419	NA19258	NA19256	NA19257	task2471_NA19258_NA19256_NA19257_chr7_157299969
2472	chr7	157808198	157807748	157808648	HG02984	HG02982	HG02983	task2472_HG02984_HG02982_HG02983_chr7_157808198
2473	chr7	158924628	158924178	158925078	HG02055	HG02053	HG02054	task2473_HG02055_HG02053_HG02054_chr7_158924628
2474	chr7	158930183	158929733	158930633	HG02972	HG02971	HG02970	task2474_HG02972_HG02971_HG02970_chr7_158930183
2475	chr8	305624	305174	306074	NA12739	NA12748	NA12749	task2475_NA12739_NA12748_NA12749_chr8_305624
2476	chr8	802137	801687	802587	HG01532	HG01530	HG01531	task2476_HG01532_HG01530_HG01531_chr8_802137
2477	chr8	802137	801687	802587	HG02644	HG02642	HG02643	task2477_HG02644_HG02642_HG02643_chr8_802137
2478	chr8	802137	801687	802587	HG03540	HG03538	HG03539	task2478_HG03540_HG03538_HG03539_chr8_802137
2479	chr8	802137	801687	802587	HG03688	HG03885	HG03886	task2479_HG03688_HG03885_HG03886_chr8_802137
2480	chr8	802137	801687	802587	NA18506	NA18507	NA18508	task2480_NA18506_NA18507_NA18508_chr8_802137
2481	chr8	802137	801687	802587	NA19191	NA19189	NA19190	task2481_NA19191_NA19189_NA19190_chr8_802137
2482	chr8	1227168	1226718	1227618	NA19240	NA19239	NA19238	task2482_NA19240_NA19239_NA19238_chr8_1227168
2483	chr8	1553501	1553051	1553951	HG02027	HG02029	HG02028	task2483_HG02027_HG02029_HG02028_chr8_1553501
2484	chr8	3655257	3654807	3655707	NA19775	NA19774	NA19773	task2484_NA19775_NA19774_NA19773_chr8_3655257
2485	chr8	6150874	6150424	6151324	NA18500	NA18501	NA18502	task2485_NA18500_NA18501_NA18502_chr8_6150874
2486	chr8	8482633	8482183	8483083	HG03191	HG03190	HG03189	task2486_HG03191_HG03190_HG03189_chr8_8482633
2487	chr8	8695853	8695403	8696303	NA18914	NA18913	NA18912	task2487_NA18914_NA18913_NA18912_chr8_8695853
2488	chr8	11169220	11168770	11169670	HG00558	HG00556	HG00557	task2488_HG00558_HG00556_HG00557_chr8_11169220
2489	chr8	17246923	17246473	17247373	HG01532	HG01530	HG01531	task2489_HG01532_HG01530_HG01531_chr8_17246923
2490	chr8	18875446	18874996	18875896	NA19924	NA19922	NA19923	task2490_NA19924_NA19922_NA19923_chr8_18875446
2491	chr8	18915047	18914597	18915497	HG03654	HG03652	HG03653	task2491_HG03654_HG03652_HG03653_chr8_18915047
2492	chr8	20333832	20333382	20334282	HG01978	HG01977	HG01976	task2492_HG01978_HG01977_HG01976_chr8_20333832
2493	chr8	22078089	22077639	22078539	HG01106	HG01104	HG01105	task2493_HG01106_HG01104_HG01105_chr8_22078089
2494	chr8	22078089	22077639	22078539	HG01701	HG01700	HG01702	task2494_HG01701_HG01700_HG01702_chr8_22078089
2495	chr8	22078089	22077639	22078539	HG02225	HG02224	HG02223	task2495_HG02225_HG02224_HG02223_chr8_22078089
2496	chr8	24306354	24305904	24306804	HG03248	HG03246	HG03247	task2496_HG03248_HG03246_HG03247_chr8_24306354
2497	chr8	25330806	25330356	25331256	HG01891	HG01890	HG01889	task2497_HG01891_HG01890_HG01889_chr8_25330806
2498	chr8	27512799	27512349	27513249	HG02055	HG02053	HG02054	task2498_HG02055_HG02053_HG02054_chr8_27512799
2499	chr8	28258542	28258092	28258992	HG01141	HG01139	HG01140	task2499_HG01141_HG01139_HG01140_chr8_28258542
2500	chr8	28258542	28258092	28258992	HG02761	HG02759	HG02760	task2500_HG02761_HG02759_HG02760_chr8_28258542
2501	chr8	30309882	30309432	30310332	HG02677	HG02675	HG02676	task2501_HG02677_HG02675_HG02676_chr8_30309882
2502	chr8	33755694	33755244	33756144	NA19148	NA19146	NA19147	task2502_NA19148_NA19146_NA19147_chr8_33755694
2503	chr8	33993945	33993495	33994395	NA19174	NA19117	NA19118	task2503_NA19174_NA19117_NA19118_chr8_33993945
2504	chr8	36287091	36286641	36287541	HG03641	HG03639	HG03640	task2504_HG03641_HG03639_HG03640_chr8_36287091
2505	chr8	42111093	42110643	42111543	NA19161	NA19160	NA19159	task2505_NA19161_NA19160_NA19159_chr8_42111093
2506	chr8	42597091	42596641	42597541	HG02856	HG02854	HG02855	task2506_HG02856_HG02854_HG02855_chr8_42597091
2507	chr8	48216273	48215823	48216723	NA19109	NA19107	NA19108	task2507_NA19109_NA19107_NA19108_chr8_48216273
2508	chr8	48216273	48215823	48216723	NA19191	NA19189	NA19190	task2508_NA19191_NA19189_NA19190_chr8_48216273
2509	chr8	55667765	55667315	55668215	HG03519	HG03518	HG03517	task2509_HG03519_HG03518_HG03517_chr8_55667765
2510	chr8	60424556	60424106	60425006	HG02853	HG02851	HG02852	task2510_HG02853_HG02851_HG02852_chr8_60424556
2511	chr8	62544612	62544162	62545062	HG02853	HG02851	HG02852	task2511_HG02853_HG02851_HG02852_chr8_62544612
2512	chr8	62544612	62544162	62545062	HG03191	HG03190	HG03189	task2512_HG03191_HG03190_HG03189_chr8_62544612
2513	chr8	62544612	62544162	62545062	NA19103	NA19101	NA19102	task2513_NA19103_NA19101_NA19102_chr8_62544612
2514	chr8	63213967	63213517	63214417	NA19721	NA19720	NA19719	task2514_NA19721_NA19720_NA19719_chr8_63213967
2515	chr8	63213967	63213517	63214417	NA19781	NA19780	NA19779	task2515_NA19781_NA19780_NA19779_chr8_63213967
2516	chr8	63988550	63988100	63989000	HG02785	HG02783	HG02784	task2516_HG02785_HG02783_HG02784_chr8_63988550
2517	chr8	63988687	63988237	63989137	HG02791	HG02789	HG02790	task2517_HG02791_HG02789_HG02790_chr8_63988687
2518	chr8	64894928	64894478	64895378	HG02622	HG02620	HG02621	task2518_HG02622_HG02620_HG02621_chr8_64894928
2519	chr8	64894928	64894478	64895378	HG03251	HG03249	HG03250	task2519_HG03251_HG03249_HG03250_chr8_64894928
2520	chr8	64938869	64938419	64939319	HG01960	HG01988	HG01989	task2520_HG01960_HG01988_HG01989_chr8_64938869
2521	chr8	66693740	66693290	66694190	HG03137	HG03136	HG03135	task2521_HG03137_HG03136_HG03135_chr8_66693740
2522	chr8	66720620	66720170	66721070	HG02812	HG02810	HG02811	task2522_HG02812_HG02810_HG02811_chr8_66720620
2523	chr8	66720620	66720170	66721070	HG03101	HG03100	HG03099	task2523_HG03101_HG03100_HG03099_chr8_66720620
2524	chr8	66720620	66720170	66721070	HG03131	HG03130	HG03129	task2524_HG03131_HG03130_HG03129_chr8_66720620
2525	chr8	66720620	66720170	66721070	HG03308	HG03307	HG03306	task2525_HG03308_HG03307_HG03306_chr8_66720620
2526	chr8	66720620	66720170	66721070	HG03516	HG03515	HG03514	task2526_HG03516_HG03515_HG03514_chr8_66720620
2527	chr8	66720620	66720170	66721070	HG03579	HG03577	HG03578	task2527_HG03579_HG03577_HG03578_chr8_66720620
2528	chr8	66720620	66720170	66721070	NA19208	NA19207	NA19206	task2528_NA19208_NA19207_NA19206_chr8_66720620
2529	chr8	66720620	66720170	66721070	NA19211	NA19210	NA19209	task2529_NA19211_NA19210_NA19209_chr8_66720620
2530	chr8	66720620	66720170	66721070	NA19249	NA19248	NA19247	task2530_NA19249_NA19248_NA19247_chr8_66720620
2531	chr8	66720620	66720170	66721070	NA19757	NA19756	NA19755	task2531_NA19757_NA19756_NA19755_chr8_66720620
2532	chr8	67625560	67625110	67626010	HG03831	HG03830	HG03829	task2532_HG03831_HG03830_HG03829_chr8_67625560
2533	chr8	67669805	67669355	67670255	HG02883	HG02881	HG02882	task2533_HG02883_HG02881_HG02882_chr8_67669805
2534	chr8	67669805	67669355	67670255	HG03296	HG03295	HG03294	task2534_HG03296_HG03295_HG03294_chr8_67669805
2535	chr8	69045832	69045382	69046282	NA19902	NA19900	NA19901	task2535_NA19902_NA19900_NA19901_chr8_69045832
2536	chr8	70159238	70158788	70159688	HG00741	HG00739	HG00740	task2536_HG00741_HG00739_HG00740_chr8_70159238
2537	chr8	70159238	70158788	70159688	HG01567	HG01565	HG01566	task2537_HG01567_HG01565_HG01566_chr8_70159238
2538	chr8	70159238	70158788	70159688	HG02237	HG02236	HG02235	task2538_HG02237_HG02236_HG02235_chr8_70159238
2539	chr8	70159238	70158788	70159688	HG03626	HG03624	HG03625	task2539_HG03626_HG03624_HG03625_chr8_70159238
2540	chr8	70159238	70158788	70159688	NA10859	NA11881	NA11882	task2540_NA10859_NA11881_NA11882_chr8_70159238
2541	chr8	70159238	70158788	70159688	NA19787	NA19786	NA19785	task2541_NA19787_NA19786_NA19785_chr8_70159238
2542	chr8	70159242	70158792	70159692	HG01343	HG01341	HG01342	task2542_HG01343_HG01341_HG01342_chr8_70159242
2543	chr8	70159242	70158792	70159692	HG02853	HG02851	HG02852	task2543_HG02853_HG02851_HG02852_chr8_70159242
2544	chr8	70159242	70158792	70159692	NA19665	NA19664	NA19663	task2544_NA19665_NA19664_NA19663_chr8_70159242
2545	chr8	70159242	70158792	70159692	NA19775	NA19774	NA19773	task2545_NA19775_NA19774_NA19773_chr8_70159242
2546	chr8	70159242	70158792	70159692	HG02853	HG02851	HG02852	task2546_HG02853_HG02851_HG02852_chr8_70159242
2547	chr8	71659106	71658656	71659556	HG02563	HG02561	HG02562	task2547_HG02563_HG02561_HG02562_chr8_71659106
2548	chr8	72153155	72152705	72153605	HG00591	HG00589	HG00590	task2548_HG00591_HG00589_HG00590_chr8_72153155
2549	chr8	72153155	72152705	72153605	HG01573	HG01571	HG01572	task2549_HG01573_HG01571_HG01572_chr8_72153155
2550	chr8	72153155	72152705	72153605	HG01891	HG01890	HG01889	task2550_HG01891_HG01890_HG01889_chr8_72153155
2551	chr8	72153155	72152705	72153605	HG01952	HG01950	HG01951	task2551_HG01952_HG01950_HG01951_chr8_72153155
2552	chr8	72153155	72152705	72153605	HG01959	HG01986	HG01958	task2552_HG01959_HG01986_HG01958_chr8_72153155
2553	chr8	72153155	72152705	72153605	HG02812	HG02810	HG02811	task2553_HG02812_HG02810_HG02811_chr8_72153155
2554	chr8	72153155	72152705	72153605	HG02871	HG02869	HG02870	task2554_HG02871_HG02869_HG02870_chr8_72153155
2555	chr8	72153155	72152705	72153605	HG03374	HG03373	HG03372	task2555_HG03374_HG03373_HG03372_chr8_72153155
2556	chr8	72153155	72152705	72153605	HG03804	HG03803	HG03802	task2556_HG03804_HG03803_HG03802_chr8_72153155
2557	chr8	72153155	72152705	72153605	NA10836	NA12274	NA12275	task2557_NA10836_NA12274_NA12275_chr8_72153155
2558	chr8	72153155	72152705	72153605	NA18875	NA18874	NA18873	task2558_NA18875_NA18874_NA18873_chr8_72153155
2559	chr8	72153155	72152705	72153605	NA19730	NA19729	NA19728	task2559_NA19730_NA19729_NA19728_chr8_72153155
2560	chr8	72153155	72152705	72153605	NA19763	NA19762	NA19761	task2560_NA19763_NA19762_NA19761_chr8_72153155
2561	chr8	73742250	73741800	73742700	NA18500	NA18501	NA18502	task2561_NA18500_NA18501_NA18502_chr8_73742250
2562	chr8	73742250	73741800	73742700	NA19208	NA19207	NA19206	task2562_NA19208_NA19207_NA19206_chr8_73742250
2563	chr8	74221283	74220833	74221733	HG03831	HG03830	HG03829	task2563_HG03831_HG03830_HG03829_chr8_74221283
2564	chr8	75646436	75645986	75646886	HG01490	HG01488	HG01489	task2564_HG01490_HG01488_HG01489_chr8_75646436
2565	chr8	78203431	78202981	78203881	HG02463	HG02461	HG02462	task2565_HG02463_HG02461_HG02462_chr8_78203431
2566	chr8	78203431	78202981	78203881	HG02815	HG02813	HG02814	task2566_HG02815_HG02813_HG02814_chr8_78203431
2567	chr8	78970402	78969952	78970852	NA18857	NA18856	NA18855	task2567_NA18857_NA18856_NA18855_chr8_78970402
2568	chr8	80170637	80170187	80171087	HG01376	HG01374	HG01375	task2568_HG01376_HG01374_HG01375_chr8_80170637
2569	chr8	81924142	81923692	81924592	HG01538	HG01536	HG01537	task2569_HG01538_HG01536_HG01537_chr8_81924142
2570	chr8	84612550	84612100	84613000	HG02704	HG02702	HG02703	task2570_HG02704_HG02702_HG02703_chr8_84612550
2571	chr8	86350469	86350019	86350919	HG03098	HG03096	HG03097	task2571_HG03098_HG03096_HG03097_chr8_86350469
2572	chr8	86838912	86838462	86839362	NA19757	NA19756	NA19755	task2572_NA19757_NA19756_NA19755_chr8_86838912
2573	chr8	88148234	88147784	88148684	HG02704	HG02702	HG02703	task2573_HG02704_HG02702_HG02703_chr8_88148234
2574	chr8	88709445	88708995	88709895	HG02680	HG02678	HG02679	task2574_HG02680_HG02678_HG02679_chr8_88709445
2575	chr8	88709445	88708995	88709895	NA19177	NA19175	NA19176	task2575_NA19177_NA19175_NA19176_chr8_88709445
2576	chr8	90573040	90572590	90573490	HG02770	HG02768	HG02769	task2576_HG02770_HG02768_HG02769_chr8_90573040
2577	chr8	92813097	92812647	92813547	NA19211	NA19210	NA19209	task2577_NA19211_NA19210_NA19209_chr8_92813097
2578	chr8	92813097	92812647	92813547	NA19924	NA19922	NA19923	task2578_NA19924_NA19922_NA19923_chr8_92813097
2579	chr8	94049359	94048909	94049809	HG01937	HG01935	HG01936	task2579_HG01937_HG01935_HG01936_chr8_94049359
2580	chr8	94049359	94048909	94049809	HG02027	HG02029	HG02028	task2580_HG02027_HG02029_HG02028_chr8_94049359
2581	chr8	94049359	94048909	94049809	HG02800	HG02798	HG02799	task2581_HG02800_HG02798_HG02799_chr8_94049359
2582	chr8	94049359	94048909	94049809	NA12865	NA12874	NA12875	task2582_NA12865_NA12874_NA12875_chr8_94049359
2583	chr8	95684457	95684007	95684907	HG02853	HG02851	HG02852	task2583_HG02853_HG02851_HG02852_chr8_95684457
2584	chr8	95684457	95684007	95684907	HG03029	HG03027	HG03028	task2584_HG03029_HG03027_HG03028_chr8_95684457
2585	chr8	95684457	95684007	95684907	NA19983	NA19982	NA19713	task2585_NA19983_NA19982_NA19713_chr8_95684457
2586	chr8	96062267	96061817	96062717	HG02838	HG02836	HG02837	task2586_HG02838_HG02836_HG02837_chr8_96062267
2587	chr8	96428737	96428287	96429187	HG02668	HG02666	HG02667	task2587_HG02668_HG02666_HG02667_chr8_96428737
2588	chr8	96428737	96428287	96429187	NA19154	NA19153	NA19152	task2588_NA19154_NA19153_NA19152_chr8_96428737
2589	chr8	96428737	96428287	96429187	NA19778	NA19777	NA19776	task2589_NA19778_NA19777_NA19776_chr8_96428737
2590	chr8	96709439	96708989	96709889	NA10846	NA12144	NA12145	task2590_NA10846_NA12144_NA12145_chr8_96709439
2591	chr8	97012875	97012425	97013325	NA19983	NA19982	NA19713	task2591_NA19983_NA19982_NA19713_chr8_97012875
2592	chr8	100573918	100573468	100574368	HG01391	HG01389	HG01390	task2592_HG01391_HG01389_HG01390_chr8_100573918
2593	chr8	101379165	101378715	101379615	HG02761	HG02759	HG02760	task2593_HG02761_HG02759_HG02760_chr8_101379165
2594	chr8	103517517	103517067	103517967	HG02615	HG02613	HG02614	task2594_HG02615_HG02613_HG02614_chr8_103517517
2595	chr8	103822215	103821765	103822665	HG04204	HG03679	HG03642	task2595_HG04204_HG03679_HG03642_chr8_103822215
2596	chr8	104028158	104027708	104028608	HG03305	HG03304	HG03303	task2596_HG03305_HG03304_HG03303_chr8_104028158
2597	chr8	105534140	105533690	105534590	HG04215	HG03679	HG03642	task2597_HG04215_HG03679_HG03642_chr8_105534140
2598	chr8	106551814	106551364	106552264	HG01987	HG01990	HG02012	task2598_HG01987_HG01990_HG02012_chr8_106551814
2599	chr8	106551814	106551364	106552264	NA19240	NA19239	NA19238	task2599_NA19240_NA19239_NA19238_chr8_106551814
2600	chr8	106703721	106703271	106704171	HG03308	HG03307	HG03306	task2600_HG03308_HG03307_HG03306_chr8_106703721
2601	chr8	107823251	107822801	107823701	HG03248	HG03246	HG03247	task2601_HG03248_HG03246_HG03247_chr8_107823251
2602	chr8	108215213	108214763	108215663	HG02812	HG02810	HG02811	task2602_HG02812_HG02810_HG02811_chr8_108215213
2603	chr8	108215213	108214763	108215663	HG03584	HG03582	HG03583	task2603_HG03584_HG03582_HG03583_chr8_108215213
2604	chr8	108342179	108341729	108342629	HG01960	HG01988	HG01989	task2604_HG01960_HG01988_HG01989_chr8_108342179
2605	chr8	108800808	108800358	108801258	HG01508	HG01506	HG01507	task2605_HG01508_HG01506_HG01507_chr8_108800808
2606	chr8	108800808	108800358	108801258	NA12485	NA12413	NA12414	task2606_NA12485_NA12413_NA12414_chr8_108800808
2607	chr8	108800808	108800358	108801258	NA12832	NA12842	NA12843	task2607_NA12832_NA12842_NA12843_chr8_108800808
2608	chr8	109936159	109935709	109936609	HG02924	HG02923	HG02922	task2608_HG02924_HG02923_HG02922_chr8_109936159
2609	chr8	111619631	111619181	111620081	HG02975	HG02973	HG02974	task2609_HG02975_HG02973_HG02974_chr8_111619631
2610	chr8	111901363	111900913	111901813	NA07048	NA07034	NA07055	task2610_NA07048_NA07034_NA07055_chr8_111901363
2611	chr8	114013519	114013069	114013969	HG03050	HG03048	HG03049	task2611_HG03050_HG03048_HG03049_chr8_114013519
2612	chr8	114013519	114013069	114013969	HG04215	HG03679	HG03642	task2612_HG04215_HG03679_HG03642_chr8_114013519
2613	chr8	114242195	114241745	114242645	HG02806	HG02804	HG02805	task2613_HG02806_HG02804_HG02805_chr8_114242195
2614	chr8	114242195	114241745	114242645	NA18518	NA18519	NA18520	task2614_NA18518_NA18519_NA18520_chr8_114242195
2615	chr8	114274613	114274163	114275063	HG03579	HG03577	HG03578	task2615_HG03579_HG03577_HG03578_chr8_114274613
2616	chr8	116911706	116911256	116912156	HG03620	HG03618	HG03619	task2616_HG03620_HG03618_HG03619_chr8_116911706
2617	chr8	117920283	117919833	117920733	NA12329	NA06984	NA06989	task2617_NA12329_NA06984_NA06989_chr8_117920283
2618	chr8	120276202	120275752	120276652	HG02812	HG02810	HG02811	task2618_HG02812_HG02810_HG02811_chr8_120276202
2619	chr8	125860694	125860244	125861144	HG03579	HG03577	HG03578	task2619_HG03579_HG03577_HG03578_chr8_125860694
2620	chr8	125860694	125860244	125861144	NA19094	NA19092	NA19093	task2620_NA19094_NA19092_NA19093_chr8_125860694
2621	chr8	129605771	129605321	129606221	HG03191	HG03190	HG03189	task2621_HG03191_HG03190_HG03189_chr8_129605771
2622	chr8	129769695	129769245	129770145	HG03170	HG03169	HG03168	task2622_HG03170_HG03169_HG03168_chr8_129769695
2623	chr8	132520230	132519780	132520680	NA19177	NA19175	NA19176	task2623_NA19177_NA19175_NA19176_chr8_132520230
2624	chr8	135914816	135914366	135915266	HG02853	HG02851	HG02852	task2624_HG02853_HG02851_HG02852_chr8_135914816
2625	chr8	137737080	137736630	137737530	HG02761	HG02759	HG02760	task2625_HG02761_HG02759_HG02760_chr8_137737080
2626	chr8	137844766	137844316	137845216	HG02886	HG02884	HG02885	task2626_HG02886_HG02884_HG02885_chr8_137844766
2627	chr8	140272151	140271701	140272601	HG02773	HG02771	HG02772	task2627_HG02773_HG02771_HG02772_chr8_140272151
2628	chr8	140272151	140271701	140272601	HG02818	HG02816	HG02817	task2628_HG02818_HG02816_HG02817_chr8_140272151
2629	chr8	140272151	140271701	140272601	HG03344	HG03343	HG03342	task2629_HG03344_HG03343_HG03342_chr8_140272151
2630	chr8	140272151	140271701	140272601	HG03368	HG03367	HG03366	task2630_HG03368_HG03367_HG03366_chr8_140272151
2631	chr8	140272151	140271701	140272601	NA19109	NA19107	NA19108	task2631_NA19109_NA19107_NA19108_chr8_140272151
2632	chr8	140272151	140271701	140272601	NA19199	NA19198	NA19197	task2632_NA19199_NA19198_NA19197_chr8_140272151
2633	chr8	140349295	140348845	140349745	HG02924	HG02923	HG02922	task2633_HG02924_HG02923_HG02922_chr8_140349295
2634	chr8	140427450	140427000	140427900	NA19103	NA19101	NA19102	task2634_NA19103_NA19101_NA19102_chr8_140427450
2635	chr8	142603612	142603162	142604062	HG02698	HG02696	HG02697	task2635_HG02698_HG02696_HG02697_chr8_142603612
2636	chr8	144021310	144020860	144021760	HG00465	HG00463	HG00464	task2636_HG00465_HG00463_HG00464_chr8_144021310
2637	chr8	144021310	144020860	144021760	HG00582	HG00580	HG00581	task2637_HG00582_HG00580_HG00581_chr8_144021310
2638	chr8	144021310	144020860	144021760	HG00627	HG00625	HG00626	task2638_HG00627_HG00625_HG00626_chr8_144021310
2639	chr8	144021310	144020860	144021760	HG02584	HG02582	HG02583	task2639_HG02584_HG02582_HG02583_chr8_144021310
2640	chr8	144021310	144020860	144021760	HG03942	HG03941	HG03940	task2640_HG03942_HG03941_HG03940_chr8_144021310
2641	chr8	144021310	144020860	144021760	NA10863	NA12264	NA12234	task2641_NA10863_NA12264_NA12234_chr8_144021310
2642	chr8	144021310	144020860	144021760	NA19757	NA19756	NA19755	task2642_NA19757_NA19756_NA19755_chr8_144021310
2643	chr9	400976	400526	401426	HG02240	HG02238	HG02239	task2643_HG02240_HG02238_HG02239_chr9_400976
2644	chr9	400976	400526	401426	HG02886	HG02884	HG02885	task2644_HG02886_HG02884_HG02885_chr9_400976
2645	chr9	400976	400526	401426	NA19109	NA19107	NA19108	task2645_NA19109_NA19107_NA19108_chr9_400976
2646	chr9	1277778	1277328	1278228	HG01601	HG01603	HG01602	task2646_HG01601_HG01603_HG01602_chr9_1277778
2647	chr9	5103316	5102866	5103766	HG02596	HG02594	HG02595	task2647_HG02596_HG02594_HG02595_chr9_5103316
2648	chr9	5103316	5102866	5103766	HG02806	HG02804	HG02805	task2648_HG02806_HG02804_HG02805_chr9_5103316
2649	chr9	5103316	5102866	5103766	HG02818	HG02816	HG02817	task2649_HG02818_HG02816_HG02817_chr9_5103316
2650	chr9	5103316	5102866	5103766	HG03041	HG03039	HG03040	task2650_HG03041_HG03039_HG03040_chr9_5103316
2651	chr9	5103316	5102866	5103766	HG03248	HG03246	HG03247	task2651_HG03248_HG03246_HG03247_chr9_5103316
2652	chr9	5103316	5102866	5103766	HG03540	HG03538	HG03539	task2652_HG03540_HG03538_HG03539_chr9_5103316
2653	chr9	5103316	5102866	5103766	NA19097	NA19096	NA19095	task2653_NA19097_NA19096_NA19095_chr9_5103316
2654	chr9	5103316	5102866	5103766	NA19123	NA19121	NA19122	task2654_NA19123_NA19121_NA19122_chr9_5103316
2655	chr9	5103316	5102866	5103766	NA19177	NA19175	NA19176	task2655_NA19177_NA19175_NA19176_chr9_5103316
2656	chr9	6120572	6120122	6121022	HG01614	HG01615	HG01613	task2656_HG01614_HG01615_HG01613_chr9_6120572
2657	chr9	8991870	8991420	8992320	HG02587	HG02585	HG02586	task2657_HG02587_HG02585_HG02586_chr9_8991870
2658	chr9	9131842	9131392	9132292	HG02701	HG02699	HG02700	task2658_HG02701_HG02699_HG02700_chr9_9131842
2659	chr9	10449087	10448637	10449537	HG02862	HG02860	HG02861	task2659_HG02862_HG02860_HG02861_chr9_10449087
2660	chr9	10449087	10448637	10449537	HG03116	HG03115	HG03114	task2660_HG03116_HG03115_HG03114_chr9_10449087
2661	chr9	11431372	11430922	11431822	HG03098	HG03096	HG03097	task2661_HG03098_HG03096_HG03097_chr9_11431372
2662	chr9	12686485	12686035	12686935	NA19208	NA19207	NA19206	task2662_NA19208_NA19207_NA19206_chr9_12686485
2663	chr9	15767817	15767367	15768267	HG01952	HG01950	HG01951	task2663_HG01952_HG01950_HG01951_chr9_15767817
2664	chr9	15767817	15767367	15768267	HG03047	HG03045	HG03046	task2664_HG03047_HG03045_HG03046_chr9_15767817
2665	chr9	15767817	15767367	15768267	HG03456	HG03454	HG03455	task2665_HG03456_HG03454_HG03455_chr9_15767817
2666	chr9	15767817	15767367	15768267	NA18935	NA18934	NA18933	task2666_NA18935_NA18934_NA18933_chr9_15767817
2667	chr9	15767817	15767367	15768267	NA19757	NA19756	NA19755	task2667_NA19757_NA19756_NA19755_chr9_15767817
2668	chr9	17392883	17392433	17393333	HG03519	HG03518	HG03517	task2668_HG03519_HG03518_HG03517_chr9_17392883
2669	chr9	23366689	23366239	23367139	HG01496	HG01494	HG01495	task2669_HG01496_HG01494_HG01495_chr9_23366689
2670	chr9	23802895	23802445	23803345	HG03579	HG03577	HG03578	task2670_HG03579_HG03577_HG03578_chr9_23802895
2671	chr9	27483024	27482574	27483474	HG02761	HG02759	HG02760	task2671_HG02761_HG02759_HG02760_chr9_27483024
2672	chr9	27483024	27482574	27483474	HG02856	HG02854	HG02855	task2672_HG02856_HG02854_HG02855_chr9_27483024
2673	chr9	27823533	27823083	27823983	HG02809	HG02807	HG02808	task2673_HG02809_HG02807_HG02808_chr9_27823533
2674	chr9	28073893	28073443	28074343	NA12864	NA12872	NA12873	task2674_NA12864_NA12872_NA12873_chr9_28073893
2675	chr9	29555671	29555221	29556121	HG03164	HG03163	HG03162	task2675_HG03164_HG03163_HG03162_chr9_29555671
2676	chr9	29865508	29865058	29865958	HG01523	HG01521	HG01522	task2676_HG01523_HG01521_HG01522_chr9_29865508
2677	chr9	31978717	31978267	31979167	NA19775	NA19774	NA19773	task2677_NA19775_NA19774_NA19773_chr9_31978717
2678	chr9	66054112	66053662	66054562	NA19154	NA19153	NA19152	task2678_NA19154_NA19153_NA19152_chr9_66054112
2679	chr9	66054112	66053662	66054562	NA19671	NA19670	NA19669	task2679_NA19671_NA19670_NA19669_chr9_66054112
2680	chr9	69379038	69378588	69379488	HG02622	HG02620	HG02621	task2680_HG02622_HG02620_HG02621_chr9_69379038
2681	chr9	69956663	69956213	69957113	HG02622	HG02620	HG02621	task2681_HG02622_HG02620_HG02621_chr9_69956663
2682	chr9	70358719	70358269	70359169	NA18497	NA18498	NA18499	task2682_NA18497_NA18498_NA18499_chr9_70358719
2683	chr9	70358719	70358269	70359169	NA18500	NA18501	NA18502	task2683_NA18500_NA18501_NA18502_chr9_70358719
2684	chr9	71240635	71240185	71241085	NA19177	NA19175	NA19176	task2684_NA19177_NA19175_NA19176_chr9_71240635
2685	chr9	72227509	72227059	72227959	HG02871	HG02869	HG02870	task2685_HG02871_HG02869_HG02870_chr9_72227509
2686	chr9	73375759	73375309	73376209	NA18506	NA18507	NA18508	task2686_NA18506_NA18507_NA18508_chr9_73375759
2687	chr9	75454877	75454427	75455327	HG02622	HG02620	HG02621	task2687_HG02622_HG02620_HG02621_chr9_75454877
2688	chr9	75511827	75511377	75512277	HG01391	HG01389	HG01390	task2688_HG01391_HG01389_HG01390_chr9_75511827
2689	chr9	76926625	76926175	76927075	HG02980	HG02981	HG02979	task2689_HG02980_HG02981_HG02979_chr9_76926625
2690	chr9	76996794	76996344	76997244	HG03122	HG03120	HG03121	task2690_HG03122_HG03120_HG03121_chr9_76996794
2691	chr9	77277760	77277310	77278210	NA19249	NA19248	NA19247	task2691_NA19249_NA19248_NA19247_chr9_77277760
2692	chr9	77331938	77331488	77332388	HG01919	HG01917	HG01918	task2692_HG01919_HG01917_HG01918_chr9_77331938
2693	chr9	77836536	77836086	77836986	NA18863	NA18862	NA18861	task2693_NA18863_NA18862_NA18861_chr9_77836536
2694	chr9	78451749	78451299	78452199	HG01169	HG01167	HG01168	task2694_HG01169_HG01167_HG01168_chr9_78451749
2695	chr9	78451749	78451299	78452199	HG02764	HG02762	HG02763	task2695_HG02764_HG02762_HG02763_chr9_78451749
2696	chr9	79054544	79054094	79054994	HG00474	HG00472	HG00473	task2696_HG00474_HG00472_HG00473_chr9_79054544
2697	chr9	79805849	79805399	79806299	HG02883	HG02881	HG02882	task2697_HG02883_HG02881_HG02882_chr9_79805849
2698	chr9	79880208	79879758	79880658	HG02612	HG02610	HG02611	task2698_HG02612_HG02610_HG02611_chr9_79880208
2699	chr9	80036690	80036240	80037140	HG02975	HG02973	HG02974	task2699_HG02975_HG02973_HG02974_chr9_80036690
2700	chr9	80036690	80036240	80037140	NA19103	NA19101	NA19102	task2700_NA19103_NA19101_NA19102_chr9_80036690
2701	chr9	80973685	80973235	80974135	HG03035	HG03033	HG03034	task2701_HG03035_HG03033_HG03034_chr9_80973685
2702	chr9	82576717	82576267	82577167	HG00685	HG00683	HG00684	task2702_HG00685_HG00683_HG00684_chr9_82576717
2703	chr9	85754873	85754423	85755323	NA18860	NA18859	NA18858	task2703_NA18860_NA18859_NA18858_chr9_85754873
2704	chr9	85754873	85754423	85755323	NA19148	NA19146	NA19147	task2704_NA19148_NA19146_NA19147_chr9_85754873
2705	chr9	85969284	85968834	85969734	HG01916	HG01914	HG01915	task2705_HG01916_HG01914_HG01915_chr9_85969284
2706	chr9	86149039	86148589	86149489	HG02055	HG02053	HG02054	task2706_HG02055_HG02053_HG02054_chr9_86149039
2707	chr9	86775214	86774764	86775664	HG01884	HG01885	HG01956	task2707_HG01884_HG01885_HG01956_chr9_86775214
2708	chr9	86775214	86774764	86775664	NA20279	NA20278	NA20282	task2708_NA20279_NA20278_NA20282_chr9_86775214
2709	chr9	88458332	88457882	88458782	NA18914	NA18913	NA18912	task2709_NA18914_NA18913_NA18912_chr9_88458332
2710	chr9	96792506	96792056	96792956	NA19656	NA19655	NA19654	task2710_NA19656_NA19655_NA19654_chr9_96792506
2711	chr9	98662054	98661604	98662504	HG00735	HG01047	HG00734	task2711_HG00735_HG01047_HG00734_chr9_98662054
2712	chr9	100502029	100501579	100502479	NA19983	NA19982	NA19713	task2712_NA19983_NA19982_NA19713_chr9_100502029
2713	chr9	101238295	101237845	101238745	HG02717	HG02715	HG02716	task2713_HG02717_HG02715_HG02716_chr9_101238295
2714	chr9	101238295	101237845	101238745	NA12865	NA12874	NA12875	task2714_NA12865_NA12874_NA12875_chr9_101238295
2715	chr9	101285302	101284852	101285752	NA19173	NA19171	NA19172	task2715_NA19173_NA19171_NA19172_chr9_101285302
2716	chr9	102418403	102417953	102418853	NA18484	NA18486	NA18488	task2716_NA18484_NA18486_NA18488_chr9_102418403
2717	chr9	102418403	102417953	102418853	NA19177	NA19175	NA19176	task2717_NA19177_NA19175_NA19176_chr9_102418403
2718	chr9	106210544	106210094	106210994	NA19139	NA19138	NA19137	task2718_NA19139_NA19138_NA19137_chr9_106210544
2719	chr9	109036155	109035705	109036605	HG02924	HG02923	HG02922	task2719_HG02924_HG02923_HG02922_chr9_109036155
2720	chr9	110244351	110243901	110244801	HG02463	HG02461	HG02462	task2720_HG02463_HG02461_HG02462_chr9_110244351
2721	chr9	110837904	110837454	110838354	HG03576	HG03574	HG03575	task2721_HG03576_HG03574_HG03575_chr9_110837904
2722	chr9	111887582	111887132	111888032	NA10857	NA12043	NA12044	task2722_NA10857_NA12043_NA12044_chr9_111887582
2723	chr9	115150071	115149621	115150521	HG02612	HG02610	HG02611	task2723_HG02612_HG02610_HG02611_chr9_115150071
2724	chr9	115732808	115732358	115733258	HG02770	HG02768	HG02769	task2724_HG02770_HG02768_HG02769_chr9_115732808
2725	chr9	117215483	117215033	117215933	HG02258	HG02314	HG02315	task2725_HG02258_HG02314_HG02315_chr9_117215483
2726	chr9	117215483	117215033	117215933	HG02321	HG02281	HG02282	task2726_HG02321_HG02281_HG02282_chr9_117215483
2727	chr9	117215483	117215033	117215933	NA18506	NA18507	NA18508	task2727_NA18506_NA18507_NA18508_chr9_117215483
2728	chr9	117215483	117215033	117215933	NA18935	NA18934	NA18933	task2728_NA18935_NA18934_NA18933_chr9_117215483
2729	chr9	117453819	117453369	117454269	HG02622	HG02620	HG02621	task2729_HG02622_HG02620_HG02621_chr9_117453819
2730	chr9	125113623	125113173	125114073	NA19139	NA19138	NA19137	task2730_NA19139_NA19138_NA19137_chr9_125113623
2731	chr9	125113623	125113173	125114073	NA19139	NA19138	NA19137	task2731_NA19139_NA19138_NA19137_chr9_125113623
2732	chr9	126943079	126942629	126943529	HG01955	HG01953	HG01954	task2732_HG01955_HG01953_HG01954_chr9_126943079
2733	chr9	128763135	128762685	128763585	NA19787	NA19786	NA19785	task2733_NA19787_NA19786_NA19785_chr9_128763135
2734	chr9	133077317	133076867	133077767	HG03035	HG03033	HG03034	task2734_HG03035_HG03033_HG03034_chr9_133077317
2735	chr9	133218150	133217700	133218600	HG04122	HG04127	HG04075	task2735_HG04122_HG04127_HG04075_chr9_133218150
2736	chr9	133337740	133337290	133338190	HG02677	HG02675	HG02676	task2736_HG02677_HG02675_HG02676_chr9_133337740
2737	chr9	133337740	133337290	133338190	HG02680	HG02678	HG02679	task2737_HG02680_HG02678_HG02679_chr9_133337740
2738	chr9	133337740	133337290	133338190	NA19103	NA19101	NA19102	task2738_NA19103_NA19101_NA19102_chr9_133337740
2739	chr9	134492897	134492447	134493347	NA19177	NA19175	NA19176	task2739_NA19177_NA19175_NA19176_chr9_134492897
2740	chr9	137382068	137381618	137382518	HG02838	HG02836	HG02837	task2740_HG02838_HG02836_HG02837_chr9_137382068
2741	chr9	137382068	137381618	137382518	NA19145	NA19144	NA19143	task2741_NA19145_NA19144_NA19143_chr9_137382068
2742	chr9	137382068	137381618	137382518	NA19148	NA19146	NA19147	task2742_NA19148_NA19146_NA19147_chr9_137382068
2743	chr9	137382068	137381618	137382518	NA19215	NA19213	NA19214	task2743_NA19215_NA19213_NA19214_chr9_137382068
2744	chr9	137698087	137697637	137698537	HG03453	HG03451	HG03452	task2744_HG03453_HG03451_HG03452_chr9_137698087
2745	chrX	563464	563014	563914	NA10854	NA11839	NA11840	task2745_NA10854_NA11839_NA11840_chrX_563464
2746	chrX	1634067	1633617	1634517	HG02966	HG02965	HG02964	task2746_HG02966_HG02965_HG02964_chrX_1634067
2747	chrX	1634067	1633617	1634517	NA18484	NA18486	NA18488	task2747_NA18484_NA18486_NA18488_chrX_1634067
2748	chrX	1634067	1633617	1634517	NA18906	NA18877	NA18876	task2748_NA18906_NA18877_NA18876_chrX_1634067
2749	chrX	1894521	1894071	1894971	HG01897	HG02013	HG01896	task2749_HG01897_HG02013_HG01896_chrX_1894521
2750	chrX	1894521	1894071	1894971	HG03992	HG03943	HG03944	task2750_HG03992_HG03943_HG03944_chrX_1894521
2751	chrX	2385479	2385029	2385929	HG02526	HG02524	HG02525	task2751_HG02526_HG02524_HG02525_chrX_2385479
2752	chrX	2610835	2610385	2611285	HG01276	HG01274	HG01275	task2752_HG01276_HG01274_HG01275_chrX_2610835
2753	chrX	13149531	13149081	13149981	HG03310	HG03311	HG03309	task2753_HG03310_HG03311_HG03309_chrX_13149531
2754	chrX	14401328	14400878	14401778	HG01881	HG01879	HG01880	task2754_HG01881_HG01879_HG01880_chrX_14401328
2755	chrX	16923804	16923354	16924254	HG01361	HG01359	HG01360	task2755_HG01361_HG01359_HG01360_chrX_16923804
2756	chrX	17537301	17536851	17537751	NA18911	NA18910	NA18909	task2756_NA18911_NA18910_NA18909_chrX_17537301
2757	chrX	22942134	22941684	22942584	HG02622	HG02620	HG02621	task2757_HG02622_HG02620_HG02621_chrX_22942134
2758	chrX	26397668	26397218	26398118	NA19730	NA19729	NA19728	task2758_NA19730_NA19729_NA19728_chrX_26397668
2759	chrX	26621932	26621482	26622382	HG00444	HG00442	HG00443	task2759_HG00444_HG00442_HG00443_chrX_26621932
2760	chrX	26621932	26621482	26622382	HG01677	HG01678	HG01676	task2760_HG01677_HG01678_HG01676_chrX_26621932
2761	chrX	26621932	26621482	26622382	NA18860	NA18859	NA18858	task2761_NA18860_NA18859_NA18858_chrX_26621932
2762	chrX	26621932	26621482	26622382	NA18935	NA18934	NA18933	task2762_NA18935_NA18934_NA18933_chrX_26621932
2763	chrX	27635847	27635397	27636297	HG02735	HG02733	HG02734	task2763_HG02735_HG02733_HG02734_chrX_27635847
2764	chrX	28428392	28427942	28428842	NA12878	NA12891	NA12892	task2764_NA12878_NA12891_NA12892_chrX_28428392
2765	chrX	29044760	29044310	29045210	HG02723	HG02721	HG02722	task2765_HG02723_HG02721_HG02722_chrX_29044760
2766	chrX	29252032	29251582	29252482	HG03296	HG03295	HG03294	task2766_HG03296_HG03295_HG03294_chrX_29252032
2767	chrX	29606959	29606509	29607409	NA18925	NA18923	NA18924	task2767_NA18925_NA18923_NA18924_chrX_29606959
2768	chrX	35248843	35248393	35249293	HG03041	HG03039	HG03040	task2768_HG03041_HG03039_HG03040_chrX_35248843
2769	chrX	35502002	35501552	35502452	NA18484	NA18486	NA18488	task2769_NA18484_NA18486_NA18488_chrX_35502002
2770	chrX	38561277	38560827	38561727	HG02776	HG02774	HG02775	task2770_HG02776_HG02774_HG02775_chrX_38561277
2771	chrX	40610843	40610393	40611293	NA19145	NA19144	NA19143	task2771_NA19145_NA19144_NA19143_chrX_40610843
2772	chrX	44702257	44701807	44702707	NA19775	NA19774	NA19773	task2772_NA19775_NA19774_NA19773_chrX_44702257
2773	chrX	45896683	45896233	45897133	HG01184	HG01182	HG01183	task2773_HG01184_HG01182_HG01183_chrX_45896683
2774	chrX	45896683	45896233	45897133	HG03137	HG03136	HG03135	task2774_HG03137_HG03136_HG03135_chrX_45896683
2775	chrX	47326677	47326227	47327127	HG01532	HG01530	HG01531	task2775_HG01532_HG01530_HG01531_chrX_47326677
2776	chrX	47326677	47326227	47327127	HG01609	HG01608	HG01607	task2776_HG01609_HG01608_HG01607_chrX_47326677
2777	chrX	47326677	47326227	47327127	HG01884	HG01885	HG01956	task2777_HG01884_HG01885_HG01956_chrX_47326677
2778	chrX	47326677	47326227	47327127	HG03239	HG03237	HG03238	task2778_HG03239_HG03237_HG03238_chrX_47326677
2779	chrX	47326677	47326227	47327127	HG03579	HG03577	HG03578	task2779_HG03579_HG03577_HG03578_chrX_47326677
2780	chrX	47335225	47334775	47335675	NA18935	NA18934	NA18933	task2780_NA18935_NA18934_NA18933_chrX_47335225
2781	chrX	51253026	51252576	51253476	NA19097	NA19096	NA19095	task2781_NA19097_NA19096_NA19095_chrX_51253026
2782	chrX	52990779	52990329	52991229	HG02841	HG02839	HG02840	task2782_HG02841_HG02839_HG02840_chrX_52990779
2783	chrX	67167622	67167172	67168072	HG00453	HG00451	HG00452	task2783_HG00453_HG00451_HG00452_chrX_67167622
2784	chrX	72531747	72531297	72532197	NA19115	NA19113	NA19114	task2784_NA19115_NA19113_NA19114_chrX_72531747
2785	chrX	76172137	76171687	76172587	HG02024	HG02026	HG02025	task2785_HG02024_HG02026_HG02025_chrX_76172137
2786	chrX	78792146	78791696	78792596	NA19237	NA19236	NA19235	task2786_NA19237_NA19236_NA19235_chrX_78792146
2787	chrX	80315762	80315312	80316212	HG02055	HG02053	HG02054	task2787_HG02055_HG02053_HG02054_chrX_80315762
2788	chrX	81489363	81488913	81489813	HG01881	HG01879	HG01880	task2788_HG01881_HG01879_HG01880_chrX_81489363
2789	chrX	94125989	94125539	94126439	NA10837	NA12272	NA12273	task2789_NA10837_NA12272_NA12273_chrX_94125989
2790	chrX	94351608	94351158	94352058	HG02590	HG02588	HG02589	task2790_HG02590_HG02588_HG02589_chrX_94351608
2791	chrX	95784248	95783798	95784698	NA19177	NA19175	NA19176	task2791_NA19177_NA19175_NA19176_chrX_95784248
2792	chrX	106643401	106642951	106643851	HG02055	HG02053	HG02054	task2792_HG02055_HG02053_HG02054_chrX_106643401
2793	chrX	110882561	110882111	110883011	HG02321	HG02281	HG02282	task2793_HG02321_HG02281_HG02282_chrX_110882561
2794	chrX	111028039	111027589	111028489	HG01087	HG01085	HG01086	task2794_HG01087_HG01085_HG01086_chrX_111028039
2795	chrX	111028039	111027589	111028489	NA07048	NA07034	NA07055	task2795_NA07048_NA07034_NA07055_chrX_111028039
2796	chrX	116557711	116557261	116558161	HG00558	HG00556	HG00557	task2796_HG00558_HG00556_HG00557_chrX_116557711
2797	chrX	116655095	116654645	116655545	HG03119	HG03118	HG03117	task2797_HG03119_HG03118_HG03117_chrX_116655095
2798	chrX	119069434	119068984	119069884	HG03296	HG03295	HG03294	task2798_HG03296_HG03295_HG03294_chrX_119069434
2799	chrX	119332589	119332139	119333039	HG03116	HG03115	HG03114	task2799_HG03116_HG03115_HG03114_chrX_119332589
2800	chrX	121394370	121393920	121394820	HG00444	HG00442	HG00443	task2800_HG00444_HG00442_HG00443_chrX_121394370
2801	chrX	121394370	121393920	121394820	HG00526	HG00524	HG00525	task2801_HG00526_HG00524_HG00525_chrX_121394370
2802	chrX	121394370	121393920	121394820	HG00567	HG00565	HG00566	task2802_HG00567_HG00565_HG00566_chrX_121394370
2803	chrX	121394370	121393920	121394820	HG02523	HG02521	HG02522	task2803_HG02523_HG02521_HG02522_chrX_121394370
2804	chrX	122626258	122625808	122626708	HG01463	HG01461	HG01462	task2804_HG01463_HG01461_HG01462_chrX_122626258
2805	chrX	123738878	123738428	123739328	HG02717	HG02715	HG02716	task2805_HG02717_HG02715_HG02716_chrX_123738878
2806	chrX	123738878	123738428	123739328	HG03584	HG03582	HG03583	task2806_HG03584_HG03582_HG03583_chrX_123738878
2807	chrX	123738878	123738428	123739328	NA18503	NA18504	NA18505	task2807_NA18503_NA18504_NA18505_chrX_123738878
2808	chrX	123738878	123738428	123739328	NA18518	NA18519	NA18520	task2808_NA18518_NA18519_NA18520_chrX_123738878
2809	chrX	123738878	123738428	123739328	NA19103	NA19101	NA19102	task2809_NA19103_NA19101_NA19102_chrX_123738878
2810	chrX	123738878	123738428	123739328	NA19221	NA19223	NA19222	task2810_NA19221_NA19223_NA19222_chrX_123738878
2811	chrX	123738878	123738428	123739328	NA19224	NA19226	NA19225	task2811_NA19224_NA19226_NA19225_chrX_123738878
2812	chrX	123747336	123746886	123747786	NA18911	NA18910	NA18909	task2812_NA18911_NA18910_NA18909_chrX_123747336
2813	chrX	124226573	124226123	124227023	HG02889	HG02887	HG02888	task2813_HG02889_HG02887_HG02888_chrX_124226573
2814	chrX	128222161	128221711	128222611	HG02662	HG02660	HG02661	task2814_HG02662_HG02660_HG02661_chrX_128222161
2815	chrX	129429948	129429498	129430398	HG02897	HG02895	HG02896	task2815_HG02897_HG02895_HG02896_chrX_129429948
2816	chrX	133870624	133870174	133871074	HG03540	HG03538	HG03539	task2816_HG03540_HG03538_HG03539_chrX_133870624
2817	chrX	133870624	133870174	133871074	HG03576	HG03574	HG03575	task2817_HG03576_HG03574_HG03575_chrX_133870624
2818	chrX	138984708	138984258	138985158	HG00558	HG00556	HG00557	task2818_HG00558_HG00556_HG00557_chrX_138984708
2819	chrX	138984708	138984258	138985158	HG01511	HG01509	HG01510	task2819_HG01511_HG01509_HG01510_chrX_138984708
2820	chrX	138984708	138984258	138985158	HG01755	HG01756	HG01757	task2820_HG01755_HG01756_HG01757_chrX_138984708
2821	chrX	138984708	138984258	138985158	HG01972	HG01970	HG01971	task2821_HG01972_HG01970_HG01971_chrX_138984708
2822	chrX	138984708	138984258	138985158	HG02841	HG02839	HG02840	task2822_HG02841_HG02839_HG02840_chrX_138984708
2823	chrX	138984708	138984258	138985158	NA19686	NA19685	NA19684	task2823_NA19686_NA19685_NA19684_chrX_138984708
2824	chrX	138984708	138984258	138985158	NA19748	NA19747	NA19746	task2824_NA19748_NA19747_NA19746_chrX_138984708
2825	chrX	139689654	139689204	139690104	HG02862	HG02860	HG02861	task2825_HG02862_HG02860_HG02861_chrX_139689654
2826	chrX	143411351	143410901	143411801	NA19221	NA19223	NA19222	task2826_NA19221_NA19223_NA19222_chrX_143411351
2827	chrX	143411351	143410901	143411801	NA19240	NA19239	NA19238	task2827_NA19240_NA19239_NA19238_chrX_143411351
2828	chrX	145048643	145048193	145049093	NA19177	NA19175	NA19176	task2828_NA19177_NA19175_NA19176_chrX_145048643
2829	chrX	146677131	146676681	146677581	HG02280	HG02307	HG02308	task2829_HG02280_HG02307_HG02308_chrX_146677131
2830	chrX	146677131	146676681	146677581	NA18869	NA18868	NA18867	task2830_NA18869_NA18868_NA18867_chrX_146677131
2831	chrX	152050297	152049847	152050747	HG03251	HG03249	HG03250	task2831_HG03251_HG03249_HG03250_chrX_152050297
2832	chrX	153584592	153584142	153585042	HG00555	HG00553	HG00554	task2832_HG00555_HG00553_HG00554_chrX_153584592
2833	chrX	153584592	153584142	153585042	HG02126	HG02128	HG02127	task2833_HG02126_HG02128_HG02127_chrX_153584592
