chrom	pos	end	id	ref	alt	child_insertion_alt	svtype	svlen	filter	cohort_af	cohort_af_source	child	father	mother	child_gt	father_gt	mother_gt	child_gq	father_gq	mother_gq
chr1	1885918	1885953	HGSV_306	N	<INS:ME:ALU>	<INS:ME:ALU>	INS	280	PASS	0.002504	INFO_AF	HG01891	HG01890	HG01889	0/1	0/0	0/0	1	999	999
chr1	1885918	1885953	HGSV_306	N	<INS:ME:ALU>	<INS:ME:ALU>	INS	280	PASS	0.002504	INFO_AF	HG03200	HG03199	HG03198	0/1	0/0	0/0	1	999	999
chr1	1885918	1885953	HGSV_306	N	<INS:ME:ALU>	<INS:ME:ALU>	INS	280	PASS	0.002504	INFO_AF	HG03368	HG03367	HG03366	0/1	0/0	0/0	1	999	999
chr1	1885918	1885953	HGSV_306	N	<INS:ME:ALU>	<INS:ME:ALU>	INS	280	PASS	0.002504	INFO_AF	NA18914	NA18913	NA18912	0/1	0/0	0/0	1	999	999
chr1	1885918	1885953	HGSV_306	N	<INS:ME:ALU>	<INS:ME:ALU>	INS	280	PASS	0.002504	INFO_AF	NA19132	NA19130	NA19131	0/1	0/0	0/0	1	999	999
chr1	1885918	1885953	HGSV_306	N	<INS:ME:ALU>	<INS:ME:ALU>	INS	280	PASS	0.002504	INFO_AF	NA19173	NA19171	NA19172	0/1	0/0	0/0	1	999	999
chr1	2335838	2335879	HGSV_378	N	<INS>	<INS>	INS	55	PASS	0.009268	INFO_AF	HG01897	HG02013	HG01896	0/1	0/0	0/0	1	999	999
chr1	2335838	2335879	HGSV_378	N	<INS>	<INS>	INS	55	PASS	0.009268	INFO_AF	HG01959	HG01986	HG01958	0/1	0/0	0/0	1	999	999
chr1	2335838	2335879	HGSV_378	N	<INS>	<INS>	INS	55	PASS	0.009268	INFO_AF	HG01987	HG01990	HG02012	0/1	0/0	0/0	1	999	999
chr1	2335838	2335879	HGSV_378	N	<INS>	<INS>	INS	55	PASS	0.009268	INFO_AF	HG03260	HG03258	HG03259	0/1	0/0	0/0	1	999	999
chr1	2335838	2335879	HGSV_378	N	<INS>	<INS>	INS	55	PASS	0.009268	INFO_AF	NA18503	NA18504	NA18505	0/1	0/0	0/0	1	999	999
chr1	2335838	2335879	HGSV_378	N	<INS>	<INS>	INS	55	PASS	0.009268	INFO_AF	NA19094	NA19092	NA19093	0/1	0/0	0/0	1	999	999
chr1	2335843	2335879	HGSV_379	N	<INS>	<INS>	INS	50	PASS	0.009306	INFO_AF	HG02590	HG02588	HG02589	0/1	0/0	0/0	1	999	999
chr1	2335843	2335879	HGSV_379	N	<INS>	<INS>	INS	50	PASS	0.009306	INFO_AF	HG02815	HG02813	HG02814	0/1	0/0	0/0	1	999	999
chr1	2335843	2335879	HGSV_379	N	<INS>	<INS>	INS	50	PASS	0.009306	INFO_AF	HG03065	HG03063	HG03064	0/1	0/0	0/0	1	999	999
chr1	2335843	2335879	HGSV_379	N	<INS>	<INS>	INS	50	PASS	0.009306	INFO_AF	HG03260	HG03258	HG03259	0/1	0/0	0/0	1	999	999
chr1	2335843	2335879	HGSV_379	N	<INS>	<INS>	INS	50	PASS	0.009306	INFO_AF	NA18911	NA18910	NA18909	0/1	0/0	0/0	1	999	999
chr1	2335843	2335879	HGSV_379	N	<INS>	<INS>	INS	50	PASS	0.009306	INFO_AF	NA19902	NA19900	NA19901	0/1	0/0	0/0	1	999	999
chr1	6789207	6789258	HGSV_822	N	<INS:ME:ALU>	<INS:ME:ALU>	INS	280	PASS	0.00563	INFO_AF	HG03248	HG03246	HG03247	0/1	0/0	0/0	667	999	999
chr1	6789207	6789258	HGSV_822	N	<INS:ME:ALU>	<INS:ME:ALU>	INS	280	PASS	0.00563	INFO_AF	NA19202	NA19200	NA19201	0/1	0/0	0/0	1	999	999
chr1	8026944	8026975	HGSV_937	N	<INS>	<INS>	INS	61	PASS	0.00485	INFO_AF	HG00703	HG00701	HG00702	0/1	0/0	0/0	1	999	999
chr1	8026944	8026975	HGSV_937	N	<INS>	<INS>	INS	61	PASS	0.00485	INFO_AF	HG02975	HG02973	HG02974	0/1	0/0	0/0	1	999	999
chr1	8026944	8026975	HGSV_937	N	<INS>	<INS>	INS	61	PASS	0.00485	INFO_AF	HG04184	HG04182	HG04183	0/1	0/0	0/0	1	999	999
chr1	8026944	8026975	HGSV_937	N	<INS>	<INS>	INS	61	PASS	0.00485	INFO_AF	NA19733	NA19732	NA19731	0/1	0/0	0/0	1	999	999
chr1	8220228	8220262	HGSV_972	N	<INS>	<INS>	INS	52	PASS	0.003611	INFO_AF	HG02451	HG02449	HG02450	0/1	0/0	0/0	1	999	999
chr1	8220228	8220262	HGSV_972	N	<INS>	<INS>	INS	52	PASS	0.003611	INFO_AF	HG02622	HG02620	HG02621	0/1	0/0	0/0	1	999	999
chr1	8220228	8220262	HGSV_972	N	<INS>	<INS>	INS	52	PASS	0.003611	INFO_AF	HG02841	HG02839	HG02840	0/1	0/0	0/0	1	999	999
chr1	8220228	8220262	HGSV_972	N	<INS>	<INS>	INS	52	PASS	0.003611	INFO_AF	HG03272	HG03271	HG03270	0/1	0/0	0/0	1	999	999
chr1	8220228	8220262	HGSV_972	N	<INS>	<INS>	INS	52	PASS	0.003611	INFO_AF	HG03540	HG03538	HG03539	0/1	0/0	0/0	1	999	999
chr1	8220228	8220262	HGSV_972	N	<INS>	<INS>	INS	52	PASS	0.003611	INFO_AF	NA18857	NA18856	NA18855	0/1	0/0	0/0	1	999	999
chr1	8220228	8220262	HGSV_972	N	<INS>	<INS>	INS	52	PASS	0.003611	INFO_AF	NA19109	NA19107	NA19108	0/1	0/0	0/0	1	999	999
chr1	8617396	8617423	HGSV_1021	N	<INS:ME:ALU>	<INS:ME:ALU>	INS	281	PASS	0.002191	INFO_AF	HG02257	HG02255	HG02256	0/1	0/0	0/0	1	999	999
chr1	8617396	8617423	HGSV_1021	N	<INS:ME:ALU>	<INS:ME:ALU>	INS	281	PASS	0.002191	INFO_AF	HG03137	HG03136	HG03135	0/1	0/0	0/0	1	999	999
chr1	8617396	8617423	HGSV_1021	N	<INS:ME:ALU>	<INS:ME:ALU>	INS	281	PASS	0.002191	INFO_AF	NA18484	NA18486	NA18488	0/1	0/0	0/0	1	999	999
chr1	10059245	10059282	HGSV_1208	N	<INS>	<INS>	INS	292	PASS	0.007337	INFO_AF	HG03272	HG03271	HG03270	0/1	0/0	0/0	1	999	999
chr1	10059245	10059282	HGSV_1208	N	<INS>	<INS>	INS	292	PASS	0.007337	INFO_AF	HG03299	HG03298	HG03297	0/1	0/0	0/0	1	999	999
chr1	10783376	10783427	HGSV_1265	N	<INS:ME:ALU>	<INS:ME:ALU>	INS	279	PASS	0.009288	INFO_AF	HG01172	HG01170	HG01171	0/1	0/0	0/0	1	999	999
chr1	10783376	10783427	HGSV_1265	N	<INS:ME:ALU>	<INS:ME:ALU>	INS	279	PASS	0.009288	INFO_AF	HG02704	HG02702	HG02703	0/1	0/0	0/0	85	999	999
chr1	11152441	11152492	HGSV_1309	N	<INS:ME:ALU>	<INS:ME:ALU>	INS	280	PASS	0.009522	INFO_AF	HG01960	HG01988	HG01989	0/1	0/0	0/0	113	999	999
chr1	11152441	11152492	HGSV_1309	N	<INS:ME:ALU>	<INS:ME:ALU>	INS	280	PASS	0.009522	INFO_AF	HG03308	HG03307	HG03306	0/1	0/0	0/0	1	999	999
chr1	13560756	13560765	HGSV_1586	N	<INS>	<INS>	INS	84	PASS	0.000312	INFO_AF	HG01106	HG01104	HG01105	0/1	0/0	0/0	1	999	999
chr1	13560756	13560765	HGSV_1586	N	<INS>	<INS>	INS	84	PASS	0.000312	INFO_AF	NA18906	NA18877	NA18876	0/1	0/0	0/0	1	999	999
chr1	18005009	18005060	HGSV_1981	N	<INS:ME:ALU>	<INS:ME:ALU>	INS	281	PASS	0.006418	INFO_AF	NA18872	NA18871	NA18870	0/1	0/0	0/0	1	999	999
chr1	19836415	19836432	HGSV_2140	N	<INS>	<INS>	INS	50	PASS	0.008766	INFO_AF	HG03371	HG03370	HG03369	0/1	0/0	0/0	1	999	999
chr1	19836415	19836432	HGSV_2140	N	<INS>	<INS>	INS	50	PASS	0.008766	INFO_AF	NA19120	NA19119	NA19116	0/1	0/0	0/0	1	999	999
chr1	20427695	20427705	HGSV_2193	N	<INS>	<INS>	INS	313	PASS	0.001249	INFO_AF	HG02984	HG02982	HG02983	0/1	0/0	0/0	1	999	999
chr1	21741232	21741283	HGSV_2336	N	<INS:ME:ALU>	<INS:ME:ALU>	INS	281	PASS	0.000156	INFO_AF	NA18518	NA18519	NA18520	0/1	0/0	0/0	1	999	999
chr1	23104934	23104985	HGSV_2454	N	<INS:ME:ALU>	<INS:ME:ALU>	INS	280	PASS	0.000156	INFO_AF	HG02605	HG02603	HG02604	0/1	0/0	0/0	1	999	999
chr1	26488542	26488610	HGSV_2807	N	<INS>	<INS>	INS	92	PASS	0.004724	INFO_AF	HG00438	HG00436	HG00437	0/1	0/0	0/0	1	999	999
chr1	26488542	26488610	HGSV_2807	N	<INS>	<INS>	INS	92	PASS	0.004724	INFO_AF	HG02316	HG02317	HG02318	0/1	0/0	0/0	1	999	999
chr1	26488542	26488610	HGSV_2807	N	<INS>	<INS>	INS	92	PASS	0.004724	INFO_AF	HG02726	HG02724	HG02725	0/1	0/0	0/0	1	999	999
chr1	26814646	26814697	HGSV_2835	N	<INS:ME:ALU>	<INS:ME:ALU>	INS	279	PASS	0.001873	INFO_AF	HG01349	HG01347	HG01348	0/1	0/0	0/0	1	999	999
chr1	34323909	34323912	HGSV_3578	N	<INS>	<INS>	INS	56	PASS	0.009048	INFO_AF	HG02584	HG02582	HG02583	0/1	0/0	0/0	1	999	999
chr1	34323909	34323912	HGSV_3578	N	<INS>	<INS>	INS	56	PASS	0.009048	INFO_AF	NA18930	NA18917	NA18916	0/1	0/0	0/0	1	999	999
chr1	36715888	36715910	HGSV_3777	N	<INS>	<INS>	INS	66	PASS	0.001561	INFO_AF	HG01496	HG01494	HG01495	0/1	0/0	0/0	1	999	999
chr1	39798063	39798098	HGSV_4036	N	<INS>	<INS>	INS	330	PASS	0.00406	INFO_AF	HG01189	HG01187	HG01188	0/1	0/0	0/0	203	999	999
chr1	39798063	39798098	HGSV_4036	N	<INS>	<INS>	INS	330	PASS	0.00406	INFO_AF	NA19097	NA19096	NA19095	0/1	0/0	0/0	1	999	999
chr1	39798063	39798098	HGSV_4036	N	<INS>	<INS>	INS	330	PASS	0.00406	INFO_AF	NA19191	NA19189	NA19190	0/1	0/0	0/0	1	999	999
chr1	40606931	40606948	HGSV_4126	N	<INS>	<INS>	INS	65	PASS	0.004084	INFO_AF	HG03164	HG03163	HG03162	0/1	0/0	0/0	1	999	999
chr1	42811154	42811199	HGSV_4286	N	<INS>	<INS>	INS	323	PASS	0.004069	INFO_AF	HG03453	HG03451	HG03452	0/1	0/0	0/0	1	999	999
chr1	42811154	42811199	HGSV_4286	N	<INS>	<INS>	INS	323	PASS	0.004069	INFO_AF	NA19174	NA19117	NA19118	0/1	0/0	0/0	1	999	999
chr1	42817611	42817662	HGSV_4288	N	<INS:ME:ALU>	<INS:ME:ALU>	INS	280	PASS	0.007337	INFO_AF	HG03197	HG03196	HG03195	0/1	0/0	0/0	364	999	999
chr1	43328653	43328690	HGSV_4327	N	<INS:ME:ALU>	<INS:ME:ALU>	INS	279	PASS	0.005776	INFO_AF	HG02321	HG02281	HG02282	0/1	0/0	0/0	1	999	999
chr1	43328653	43328690	HGSV_4327	N	<INS:ME:ALU>	<INS:ME:ALU>	INS	279	PASS	0.005776	INFO_AF	HG02463	HG02461	HG02462	0/1	0/0	0/0	1	999	999
chr1	43328653	43328690	HGSV_4327	N	<INS:ME:ALU>	<INS:ME:ALU>	INS	279	PASS	0.005776	INFO_AF	NA19983	NA19982	NA19713	0/1	0/0	0/0	1	999	999
chr1	43656653	43656671	HGSV_4360	N	<INS>	<INS>	INS	326	PASS	0.001562	INFO_AF	HG03299	HG03298	HG03297	0/1	0/0	0/0	1	999	999
chr1	44753612	44753621	HGSV_4439	N	<INS:ME:ALU>	<INS:ME:ALU>	INS	74	PASS	0.006088	INFO_AF	HG01687	HG01686	HG01685	0/1	0/0	0/0	1	999	999
chr1	50165702	50165728	HGSV_4887	N	<INS>	<INS>	INS	80	PASS	0.006103	INFO_AF	HG03617	HG03615	HG03616	0/1	0/0	0/0	1	999	999
chr1	52389500	52389551	HGSV_5064	N	<INS:ME:ALU>	<INS:ME:ALU>	INS	281	PASS	0.000625	INFO_AF	HG02132	HG02134	HG02133	0/1	0/0	0/0	1	999	999
chr1	53935553	53935604	HGSV_5195	N	<INS:ME:ALU>	<INS:ME:ALU>	INS	277	PASS	0.004228	INFO_AF	HG02924	HG02923	HG02922	0/1	0/0	0/0	49	999	999
chr1	53935553	53935604	HGSV_5195	N	<INS:ME:ALU>	<INS:ME:ALU>	INS	277	PASS	0.004228	INFO_AF	HG03522	HG03521	HG03520	0/1	0/0	0/0	1	999	999
chr1	55002897	55002936	HGSV_5303	N	<INS>	<INS>	INS	90	PASS	0.000781	INFO_AF	HG01106	HG01104	HG01105	0/1	0/0	0/0	1	999	999
chr1	55002897	55002936	HGSV_5303	N	<INS>	<INS>	INS	90	PASS	0.000781	INFO_AF	HG02237	HG02236	HG02235	0/1	0/0	0/0	1	999	999
chr1	58038425	58038476	HGSV_5497	N	<INS:ME:ALU>	<INS:ME:ALU>	INS	95	PASS	0.003756	INFO_AF	NA19191	NA19189	NA19190	0/1	0/0	0/0	1	999	999
chr1	58482521	58482572	HGSV_5529	N	<INS:ME:ALU>	<INS:ME:ALU>	INS	277	PASS	0.000937	INFO_AF	HG01667	HG01669	HG01668	0/1	0/0	0/0	1	999	999
chr1	62192168	62192210	HGSV_5803	N	<INS>	<INS>	INS	314	PASS	0.008006	INFO_AF	NA10839	NA12005	NA12006	0/1	0/0	0/0	1	999	999
chr1	62192168	62192210	HGSV_5803	N	<INS>	<INS>	INS	314	PASS	0.008006	INFO_AF	NA10855	NA11831	NA11832	0/1	0/0	0/0	113	999	999
chr1	63721550	63721601	HGSV_5925	N	<INS:ME:ALU>	<INS:ME:ALU>	INS	280	PASS	0.003904	INFO_AF	NA19240	NA19239	NA19238	0/1	0/0	0/0	1	999	999
chr1	64512429	64512460	HGSV_5973	N	<INS:ME:ALU>	<INS:ME:ALU>	INS	194	PASS	0.001565	INFO_AF	HG02978	HG02977	HG02976	0/1	0/0	0/0	414	999	999
chr1	64587983	64588034	HGSV_5976	N	<INS:ME:ALU>	<INS:ME:ALU>	INS	280	PASS	0.000469	INFO_AF	HG01100	HG01247	HG01248	0/1	0/0	0/0	1	999	999
chr1	66045752	66045803	HGSV_6099	N	<INS:ME:LINE1>	<INS:ME:LINE1>	INS	292	PASS	0.002817	INFO_AF	HG02321	HG02281	HG02282	0/1	0/0	0/0	1	999	999
chr1	66127190	66127226	HGSV_6107	N	<INS>	<INS>	INS	212	PASS	0.000624	INFO_AF	HG03098	HG03096	HG03097	0/1	0/0	0/0	1	999	999
chr1	66958452	66958503	HGSV_6166	N	<INS:ME:ALU>	<INS:ME:ALU>	INS	281	PASS	0.000781	INFO_AF	HG03584	HG03582	HG03583	0/1	0/0	0/0	1	999	999
chr1	67085879	67085930	HGSV_6177	N	<INS:ME:ALU>	<INS:ME:ALU>	INS	279	PASS	0.000156	INFO_AF	HG00526	HG00524	HG00525	0/1	0/0	0/0	1	999	999
chr1	70461339	70461390	HGSV_6422	N	<INS:ME:ALU>	<INS:ME:ALU>	INS	279	PASS	0.000468	INFO_AF	NA19775	NA19774	NA19773	0/1	0/0	0/0	1	999	999
chr1	72552895	72552946	HGSV_6603	N	<INS:ME:ALU>	<INS:ME:ALU>	INS	281	PASS	0.007805	INFO_AF	NA10846	NA12144	NA12145	0/1	0/0	0/0	365	999	999
chr1	74442876	74442927	HGSV_6762	N	<INS:ME:ALU>	<INS:ME:ALU>	INS	281	PASS	0.005627	INFO_AF	HG03101	HG03100	HG03099	0/1	0/0	0/0	1	999	999
chr1	75337161	75337212	HGSV_6833	N	<INS:ME:ALU>	<INS:ME:ALU>	INS	280	PASS	0.004237	INFO_AF	HG01249	HG01110	HG01111	0/1	0/0	0/0	1	999	999
chr1	75563125	75563133	HGSV_6855	N	<INS:ME:ALU>	<INS:ME:ALU>	INS	113	PASS	0.000156	INFO_AF	HG02495	HG02493	HG02494	0/1	0/0	0/0	1	999	999
chr1	76668674	76668690	HGSV_6944	N	<INS:ME:ALU>	<INS:ME:ALU>	INS	280	PASS	0.005951	INFO_AF	HG02806	HG02804	HG02805	0/1	0/0	0/0	1	999	999
chr1	76668674	76668690	HGSV_6944	N	<INS:ME:ALU>	<INS:ME:ALU>	INS	280	PASS	0.005951	INFO_AF	HG03516	HG03515	HG03514	0/1	0/0	0/0	484	999	999
chr1	78564388	78564423	HGSV_7104	N	<INS>	<INS>	INS	130	PASS	0.006903	INFO_AF	HG01178	HG01176	HG01177	0/1	0/0	0/0	1	999	999
chr1	78564388	78564423	HGSV_7104	N	<INS>	<INS>	INS	130	PASS	0.006903	INFO_AF	HG02258	HG02314	HG02315	0/1	0/0	0/0	1	999	999
chr1	78564388	78564423	HGSV_7104	N	<INS>	<INS>	INS	130	PASS	0.006903	INFO_AF	HG03239	HG03237	HG03238	0/1	0/0	0/0	25	999	999
chr1	78564388	78564423	HGSV_7104	N	<INS>	<INS>	INS	130	PASS	0.006903	INFO_AF	HG03651	HG03649	HG03650	0/1	0/0	0/0	1	999	999
chr1	78564388	78564423	HGSV_7104	N	<INS>	<INS>	INS	130	PASS	0.006903	INFO_AF	NA18521	NA18522	NA18523	0/1	0/0	0/0	1	999	999
chr1	79001254	79001261	HGSV_7149	N	<INS>	<INS>	INS	52	PASS	0.005027	INFO_AF	HG02630	HG02628	HG02629	0/1	0/0	0/0	1	999	999
chr1	79001254	79001261	HGSV_7149	N	<INS>	<INS>	INS	52	PASS	0.005027	INFO_AF	NA19191	NA19189	NA19190	0/1	0/0	0/0	1	999	999
chr1	79067729	79067780	HGSV_7161	N	<INS:ME:ALU>	<INS:ME:ALU>	INS	281	PASS	0.006712	INFO_AF	NA18854	NA18853	NA18852	0/1	0/0	0/0	104	999	999
chr1	80804324	80804338	HGSV_7335	N	<INS>	<INS>	INS	59	PASS	0.004237	INFO_AF	HG03122	HG03120	HG03121	0/1	0/0	0/0	446	999	999
chr1	80804324	80804338	HGSV_7335	N	<INS>	<INS>	INS	59	PASS	0.004237	INFO_AF	HG03200	HG03199	HG03198	0/1	0/0	0/0	1	999	999
chr1	84058413	84058462	HGSV_7589	N	<INS>	<INS>	INS	83	PASS	0.003439	INFO_AF	HG02871	HG02869	HG02870	0/1	0/0	0/0	1	999	999
chr1	84638269	84638279	HGSV_7640	N	<INS>	<INS>	INS	275	PASS	0.000156	INFO_AF	NA10856	NA11829	NA11830	0/1	0/0	0/0	1	999	999
chr1	85659541	85659592	HGSV_7703	N	<INS:ME:ALU>	<INS:ME:ALU>	INS	281	PASS	0.000156	INFO_AF	HG03584	HG03582	HG03583	0/1	0/0	0/0	1	999	999
chr1	86468328	86468379	HGSV_7767	N	<INS:ME:ALU>	<INS:ME:ALU>	INS	279	PASS	0.004702	INFO_AF	HG02257	HG02255	HG02256	0/1	0/0	0/0	1	999	999
chr1	92896374	92896425	HGSV_8293	N	<INS:ME:SVA>	<INS:ME:SVA>	INS	446	PASS	0.004551	INFO_AF	HG02605	HG02603	HG02604	0/1	0/0	0/0	63	999	999
chr1	94639542	94639593	HGSV_8403	N	<INS:ME:ALU>	<INS:ME:ALU>	INS	281	PASS	0.004371	INFO_AF	HG02761	HG02759	HG02760	0/1	0/0	0/0	1	999	999
chr1	97316513	97316513	HGSV_8587	N	<INS>	<INS>	INS	100	PASS	0.006799	INFO_AF	HG01687	HG01686	HG01685	0/1	0/0	0/0	.	.	.
chr1	97316513	97316513	HGSV_8587	N	<INS>	<INS>	INS	100	PASS	0.006799	INFO_AF	NA19784	NA19783	NA19782	0/1	0/0	0/0	.	.	.
chr1	99819194	99819237	HGSV_8759	N	<INS>	<INS>	INS	321	PASS	0.004995	INFO_AF	HG02978	HG02977	HG02976	0/1	0/0	0/0	113	999	999
chr1	99819194	99819237	HGSV_8759	N	<INS>	<INS>	INS	321	PASS	0.004995	INFO_AF	HG03170	HG03169	HG03168	0/1	0/0	0/0	1	999	999
chr1	99819194	99819237	HGSV_8759	N	<INS>	<INS>	INS	321	PASS	0.004995	INFO_AF	NA19129	NA19128	NA19127	0/1	0/0	0/0	1	999	999
chr1	99933852	99933860	HGSV_8779	N	<INS:ME:ALU>	<INS:ME:ALU>	INS	281	PASS	0.005002	INFO_AF	NA07348	NA07357	NA07345	0/1	0/0	0/0	1	999	999
chr1	99933852	99933860	HGSV_8779	N	<INS:ME:ALU>	<INS:ME:ALU>	INS	281	PASS	0.005002	INFO_AF	NA10837	NA12272	NA12273	0/1	0/0	0/0	1	999	999
chr1	99997713	99997764	HGSV_8783	N	<INS:ME:ALU>	<INS:ME:ALU>	INS	257	PASS	0.004371	INFO_AF	HG03272	HG03271	HG03270	0/1	0/0	0/0	1	999	999
chr1	100553820	100553861	HGSV_8828	N	<INS:ME:ALU>	<INS:ME:ALU>	INS	112	PASS	0.001249	INFO_AF	HG01943	HG01941	HG01942	0/1	0/0	0/0	1	999	999
chr1	104103372	104103422	HGSV_9159	N	<INS>	<INS>	INS	177	PASS	0.008016	INFO_AF	HG02587	HG02585	HG02586	0/1	0/0	0/0	1	999	999
chr1	104103372	104103422	HGSV_9159	N	<INS>	<INS>	INS	177	PASS	0.008016	INFO_AF	HG02975	HG02973	HG02974	0/1	0/0	0/0	871	999	999
chr1	104103372	104103422	HGSV_9159	N	<INS>	<INS>	INS	177	PASS	0.008016	INFO_AF	HG03296	HG03295	HG03294	0/1	0/0	0/0	314	999	999
chr1	104103372	104103422	HGSV_9159	N	<INS>	<INS>	INS	177	PASS	0.008016	INFO_AF	NA19132	NA19130	NA19131	0/1	0/0	0/0	1	999	999
chr1	104103423	104103473	HGSV_9161	N	<INS>	<INS>	INS	177	PASS	0.005495	INFO_AF	HG02761	HG02759	HG02760	0/1	0/0	0/0	1	999	999
chr1	104103423	104103473	HGSV_9161	N	<INS>	<INS>	INS	177	PASS	0.005495	INFO_AF	NA19132	NA19130	NA19131	0/1	0/0	0/0	1	999	999
chr1	105309279	105309330	HGSV_9305	N	<INS:ME:ALU>	<INS:ME:ALU>	INS	280	PASS	0.000156	INFO_AF	HG02975	HG02973	HG02974	0/1	0/0	0/0	1	999	999
chr1	105725107	105725158	HGSV_9348	N	<INS:ME:ALU>	<INS:ME:ALU>	INS	240	PASS	0.000156	INFO_AF	HG04142	HG04140	HG04141	0/1	0/0	0/0	1	999	999
chr1	106056634	106056685	HGSV_9382	N	<INS:ME:ALU>	<INS:ME:ALU>	INS	280	PASS	0.000312	INFO_AF	NA12801	NA12812	NA12813	0/1	0/0	0/0	1	999	999
chr1	106246809	106246860	HGSV_9397	N	<INS:ME:ALU>	<INS:ME:ALU>	INS	280	PASS	0.008273	INFO_AF	HG02677	HG02675	HG02676	0/1	0/0	0/0	1	999	999
chr1	110005960	110006011	HGSV_9712	N	<INS:ME:ALU>	<INS:ME:ALU>	INS	186	PASS	0.008742	INFO_AF	HG01358	HG01356	HG01357	0/1	0/0	0/0	1	999	999
chr1	111465205	111465206	HGSV_9788	N	<INS:ME:LINE1>	<INS:ME:LINE1>	INS	651	PASS	0.008931	INFO_AF	NA18875	NA18874	NA18873	0/1	0/0	0/0	999	999	999
chr1	111797854	111797905	HGSV_9824	N	<INS:ME:SVA>	<INS:ME:SVA>	INS	1240	PASS	0.009082	INFO_AF	HG02729	HG02727	HG02728	0/1	0/0	0/0	1	999	999
chr1	112351678	112351729	HGSV_9862	N	<INS:ME:ALU>	<INS:ME:ALU>	INS	275	PASS	0.004215	INFO_AF	NA19208	NA19207	NA19206	0/1	0/0	0/0	1	999	999
chr1	112973378	112973416	HGSV_9937	N	<INS>	<INS>	INS	319	PASS	0.008909	INFO_AF	HG02704	HG02702	HG02703	0/1	0/0	0/0	1	999	999
chr1	112973378	112973416	HGSV_9937	N	<INS>	<INS>	INS	319	PASS	0.008909	INFO_AF	NA18857	NA18856	NA18855	0/1	0/0	0/0	1	999	999
chr1	112973378	112973416	HGSV_9937	N	<INS>	<INS>	INS	319	PASS	0.008909	INFO_AF	NA19781	NA19780	NA19779	0/1	0/0	0/0	104	999	999
chr1	113273726	113273777	HGSV_9971	N	<INS:ME:ALU>	<INS:ME:ALU>	INS	261	PASS	0.004995	INFO_AF	HG01897	HG02013	HG01896	0/1	0/0	0/0	1	999	999
chr1	113273726	113273777	HGSV_9971	N	<INS:ME:ALU>	<INS:ME:ALU>	INS	261	PASS	0.004995	INFO_AF	NA19145	NA19144	NA19143	0/1	0/0	0/0	522	999	999
chr1	116152691	116152694	HGSV_10182	N	<INS>	<INS>	INS	50	PASS	0.001094	INFO_AF	HG01175	HG01173	HG01174	0/1	0/0	0/0	1	999	999
chr1	116152691	116152694	HGSV_10182	N	<INS>	<INS>	INS	50	PASS	0.001094	INFO_AF	HG02809	HG02807	HG02808	0/1	0/0	0/0	1	999	999
chr1	116548673	116548724	HGSV_10218	N	<INS:ME:ALU>	<INS:ME:ALU>	INS	281	PASS	0.005308	INFO_AF	HG03927	HG03926	HG03925	0/1	0/0	0/0	1	999	999
chr1	146829902	146829902	HGSV_10890	N	<INS>	<INS>	INS	271	PASS	0.00964	INFO_AF	HG01998	HG02008	HG01997	0/1	0/0	0/0	.	.	.
chr1	146829902	146829902	HGSV_10890	N	<INS>	<INS>	INS	271	PASS	0.00964	INFO_AF	HG02806	HG02804	HG02805	0/1	0/0	0/0	.	.	.
chr1	146829902	146829902	HGSV_10890	N	<INS>	<INS>	INS	271	PASS	0.00964	INFO_AF	HG03516	HG03515	HG03514	0/1	0/0	0/0	.	.	.
chr1	146829902	146829902	HGSV_10890	N	<INS>	<INS>	INS	271	PASS	0.00964	INFO_AF	NA18869	NA18868	NA18867	0/1	0/0	0/0	.	.	.
chr1	146829902	146829902	HGSV_10890	N	<INS>	<INS>	INS	271	PASS	0.00964	INFO_AF	NA18930	NA18917	NA18916	0/1	0/0	0/0	.	.	.
chr1	146829902	146829902	HGSV_10890	N	<INS>	<INS>	INS	271	PASS	0.00964	INFO_AF	NA19224	NA19226	NA19225	0/1	0/0	0/0	.	.	.
chr1	146829902	146829902	HGSV_10890	N	<INS>	<INS>	INS	271	PASS	0.00964	INFO_AF	NA19249	NA19248	NA19247	0/1	0/0	0/0	.	.	.
chr1	150189096	150189100	HGSV_11232	N	<INS>	<INS>	INS	310	PASS	0.003904	INFO_AF	HG03170	HG03169	HG03168	0/1	0/0	0/0	1	999	999
chr1	150189096	150189100	HGSV_11232	N	<INS>	<INS>	INS	310	PASS	0.003904	INFO_AF	HG03248	HG03246	HG03247	0/1	0/0	0/0	1	999	999
chr1	150189096	150189120	HGSV_11234	N	<INS>	<INS>	INS	310	PASS	0.003748	INFO_AF	HG03170	HG03169	HG03168	0/1	0/0	0/0	1	999	999
chr1	150189096	150189120	HGSV_11234	N	<INS>	<INS>	INS	310	PASS	0.003748	INFO_AF	HG03248	HG03246	HG03247	0/1	0/0	0/0	1	999	999
chr1	154047240	154047291	HGSV_11627	N	<INS:ME:ALU>	<INS:ME:ALU>	INS	183	PASS	0.002033	INFO_AF	HG02853	HG02851	HG02852	0/1	0/0	0/0	1	999	999
chr1	156220560	156220611	HGSV_11796	N	<INS:ME:ALU>	<INS:ME:ALU>	INS	260	PASS	0.002185	INFO_AF	NA19240	NA19239	NA19238	0/1	0/0	0/0	1	999	999
chr1	157420276	157420300	HGSV_11896	N	<INS>	<INS>	INS	61	PASS	0.00759	INFO_AF	HG02451	HG02449	HG02450	0/1	0/0	0/0	1	999	999
chr1	157725207	157725258	HGSV_11914	N	<INS:ME:ALU>	<INS:ME:ALU>	INS	280	PASS	0.001405	INFO_AF	HG03197	HG03196	HG03195	0/1	0/0	0/0	1	999	999
chr1	159143056	159143107	HGSV_12044	N	<INS:ME:ALU>	<INS:ME:ALU>	INS	280	PASS	0.000156	INFO_AF	HG03704	HG03702	HG03703	0/1	0/0	0/0	1	999	999
chr1	159237520	159237549	HGSV_12052	N	<INS:ME:ALU>	<INS:ME:ALU>	INS	280	PASS	0.00408	INFO_AF	HG00741	HG00739	HG00740	0/1	0/0	0/0	566	999	999
chr1	160275603	160275629	HGSV_12121	N	<INS>	<INS>	INS	198	PASS	0.003281	INFO_AF	NA19224	NA19226	NA19225	0/1	0/0	0/0	667	999	999
chr1	163045830	163045881	HGSV_12369	N	<INS:ME:ALU>	<INS:ME:ALU>	INS	192	PASS	0.002969	INFO_AF	HG02463	HG02461	HG02462	0/1	0/0	0/0	1	999	999
chr1	163247465	163247516	HGSV_12386	N	<INS:ME:ALU>	<INS:ME:ALU>	INS	281	PASS	0.003456	INFO_AF	HG02584	HG02582	HG02583	0/1	0/0	0/0	63	999	999
chr1	163713215	163713230	HGSV_12416	N	<INS>	<INS>	INS	56	PASS	0.003615	INFO_AF	HG02575	HG02573	HG02574	0/1	0/0	0/0	1	999	999
chr1	163803563	163803614	HGSV_12422	N	<INS:ME:LINE1>	<INS:ME:LINE1>	INS	508	PASS	0.005962	INFO_AF	HG02975	HG02973	HG02974	0/1	0/0	0/0	1	999	999
chr1	164148354	164148405	HGSV_12438	N	<INS:ME:ALU>	<INS:ME:ALU>	INS	280	PASS	0.00408	INFO_AF	HG01987	HG01990	HG02012	0/1	0/0	0/0	1	999	999
chr1	164148354	164148405	HGSV_12438	N	<INS:ME:ALU>	<INS:ME:ALU>	INS	280	PASS	0.00408	INFO_AF	HG02677	HG02675	HG02676	0/1	0/0	0/0	1	999	999
chr1	166636475	166636526	HGSV_12641	N	<INS:ME:ALU>	<INS:ME:ALU>	INS	281	PASS	0.002812	INFO_AF	NA18863	NA18862	NA18861	0/1	0/0	0/0	1	999	999
chr1	168725268	168725269	HGSV_12781	N	<INS>	<INS>	INS	50	PASS	0.004089	INFO_AF	HG01993	HG01991	HG01992	0/1	0/0	0/0	1	999	999
chr1	170514436	170514455	HGSV_12911	N	<INS>	<INS>	INS	52	PASS	0.002663	INFO_AF	NA10836	NA12274	NA12275	0/1	0/0	0/0	1	999	999
chr1	170626220	170626271	HGSV_12920	N	<INS:ME:ALU>	<INS:ME:ALU>	INS	280	PASS	0.008898	INFO_AF	HG02880	HG02878	HG02879	0/1	0/0	0/0	1	999	999
chr1	174051846	174051897	HGSV_13160	N	<INS:ME:ALU>	<INS:ME:ALU>	INS	277	PASS	0.002034	INFO_AF	HG01071	HG01069	HG01070	0/1	0/0	0/0	1	999	999
chr1	176200705	176200756	HGSV_13337	N	<INS:ME:ALU>	<INS:ME:ALU>	INS	247	PASS	0.00125	INFO_AF	HG02889	HG02887	HG02888	0/1	0/0	0/0	1	999	999
chr1	176661932	176661983	HGSV_13360	N	<INS:ME:ALU>	<INS:ME:ALU>	INS	280	PASS	0.000625	INFO_AF	NA19224	NA19226	NA19225	0/1	0/0	0/0	1	999	999
chr1	180672809	180672860	HGSV_13631	N	<INS:ME:LINE1>	<INS:ME:LINE1>	INS	780	PASS	0.005011	INFO_AF	HG02027	HG02029	HG02028	0/1	0/0	0/0	163	999	999
chr1	180672809	180672860	HGSV_13631	N	<INS:ME:LINE1>	<INS:ME:LINE1>	INS	780	PASS	0.005011	INFO_AF	HG02080	HG02082	HG02081	0/1	0/0	0/0	1	999	999
chr1	181938863	181938914	HGSV_13726	N	<INS:ME:ALU>	<INS:ME:ALU>	INS	281	PASS	0.009413	INFO_AF	NA10863	NA12264	NA12234	0/1	0/0	0/0	1	999	999
chr1	185620058	185620109	HGSV_14010	N	<INS>	<INS>	INS	63	PASS	0.000625	INFO_AF	HG01138	HG01136	HG01137	0/1	0/0	0/0	1	999	999
chr1	185709976	185710010	HGSV_14020	N	<INS>	<INS>	INS	127	PASS	0.002979	INFO_AF	NA19221	NA19223	NA19222	0/1	0/0	0/0	1	999	999
chr1	187843286	187843337	HGSV_14177	N	<INS:ME:ALU>	<INS:ME:ALU>	INS	281	PASS	0.000312	INFO_AF	HG01261	HG01259	HG01260	0/1	0/0	0/0	1	999	999
chr1	188347540	188347591	HGSV_14241	N	<INS:ME:ALU>	<INS:ME:ALU>	INS	280	PASS	0.001719	INFO_AF	HG02575	HG02573	HG02574	0/1	0/0	0/0	1	999	999
chr1	188860784	188860835	HGSV_14311	N	<INS:ME:LINE1>	<INS:ME:LINE1>	INS	6017	PASS	0.007825	INFO_AF	NA19177	NA19175	NA19176	0/1	0/0	0/0	1	999	999
chr1	190555061	190555112	HGSV_14521	N	<INS:ME:ALU>	<INS:ME:ALU>	INS	281	PASS	0.000156	INFO_AF	HG02698	HG02696	HG02697	0/1	0/0	0/0	1	999	999
chr1	190643295	190643346	HGSV_14528	N	<INS:ME:ALU>	<INS:ME:ALU>	INS	280	PASS	0.003443	INFO_AF	NA19191	NA19189	NA19190	0/1	0/0	0/0	1	999	999
chr1	191009831	191009882	HGSV_14564	N	<INS:ME:ALU>	<INS:ME:ALU>	INS	104	PASS	0.001408	INFO_AF	HG03626	HG03624	HG03625	0/1	0/0	0/0	1	999	999
chr1	193580525	193580576	HGSV_14785	N	<INS:ME:LINE1>	<INS:ME:LINE1>	INS	6019	PASS	0.00392	INFO_AF	HG01367	HG01365	HG01366	0/1	0/0	0/0	1	999	999
chr1	194678120	194678150	HGSV_14887	N	<INS>	<INS>	INS	65	PASS	0.002824	INFO_AF	HG02984	HG02982	HG02983	0/1	0/0	0/0	1	999	999
chr1	195177517	195177568	HGSV_14944	N	<INS:ME:ALU>	<INS:ME:ALU>	INS	279	PASS	0.000937	INFO_AF	HG00567	HG00565	HG00566	0/1	0/0	0/0	99	999	999
chr1	195825863	195825914	HGSV_14995	N	<INS:ME:ALU>	<INS:ME:ALU>	INS	281	PASS	0.001719	INFO_AF	HG02892	HG02890	HG02891	0/1	0/0	0/0	1	999	999
chr1	198946254	198946305	HGSV_15249	N	<INS:ME:ALU>	<INS:ME:ALU>	INS	281	PASS	0.000312	INFO_AF	NA19211	NA19210	NA19209	0/1	0/0	0/0	1	999	999
chr1	200817253	200817253	HGSV_15392	N	<INS>	<INS>	INS	107	PASS	0.005238	INFO_AF	HG02729	HG02727	HG02728	0/1	0/0	0/0	.	.	.
chr1	200817253	200817253	HGSV_15392	N	<INS>	<INS>	INS	107	PASS	0.005238	INFO_AF	HG02785	HG02783	HG02784	0/1	0/0	0/0	.	.	.
chr1	200817253	200817253	HGSV_15392	N	<INS>	<INS>	INS	107	PASS	0.005238	INFO_AF	HG03305	HG03304	HG03303	0/1	0/0	0/0	.	.	.
chr1	200817253	200817253	HGSV_15392	N	<INS>	<INS>	INS	107	PASS	0.005238	INFO_AF	NA18860	NA18859	NA18858	0/1	0/0	0/0	.	.	.
chr1	200817253	200817253	HGSV_15392	N	<INS>	<INS>	INS	107	PASS	0.005238	INFO_AF	NA19094	NA19092	NA19093	0/1	0/0	0/0	.	.	.
chr1	202895913	202895964	HGSV_15539	N	<INS:ME:ALU>	<INS:ME:ALU>	INS	276	PASS	0.000938	INFO_AF	HG02856	HG02854	HG02855	0/1	0/0	0/0	1	999	999
chr1	204355627	204355683	HGSV_15686	N	<INS>	<INS>	INS	259	PASS	0.001719	INFO_AF	NA10856	NA11829	NA11830	0/1	0/0	0/0	1	999	999
chr1	206069713	206069728	HGSV_15814	N	<INS>	<INS>	INS	316	PASS	0.001249	INFO_AF	HG01517	HG01515	HG01516	0/1	0/0	0/0	1	999	999
chr1	206524704	206524713	HGSV_15836	N	<INS>	<INS>	INS	76	PASS	0.009658	INFO_AF	HG02229	HG02231	HG02230	0/1	0/0	0/0	1	999	999
chr1	207040549	207040555	HGSV_15876	N	<INS:ME:ALU>	<INS:ME:ALU>	INS	281	PASS	0.004995	INFO_AF	HG01496	HG01494	HG01495	0/1	0/0	0/0	297	999	999
chr1	212071822	212071873	HGSV_16247	N	<INS:ME:ALU>	<INS:ME:ALU>	INS	250	PASS	0.000156	INFO_AF	HG04157	HG04155	HG04156	0/1	0/0	0/0	1	999	999
chr1	212970546	212970597	HGSV_16343	N	<INS:ME:ALU>	<INS:ME:ALU>	INS	279	PASS	0.002034	INFO_AF	HG03170	HG03169	HG03168	0/1	0/0	0/0	1	999	999
chr1	217298834	217298870	HGSV_16676	N	<INS:ME:ALU>	<INS:ME:ALU>	INS	279	PASS	0.005317	INFO_AF	HG03191	HG03190	HG03189	0/1	0/0	0/0	1	999	999
chr1	218196259	218196310	HGSV_16762	N	<INS:ME:ALU>	<INS:ME:ALU>	INS	281	PASS	0.002498	INFO_AF	HG02764	HG02762	HG02763	0/1	0/0	0/0	1	999	999
chr1	220706413	220706464	HGSV_16950	N	<INS:ME:ALU>	<INS:ME:ALU>	INS	278	PASS	0.002654	INFO_AF	NA18860	NA18859	NA18858	0/1	0/0	0/0	1	999	999
chr1	222110547	222110562	HGSV_17066	N	<INS>	<INS>	INS	55	PASS	0.001873	INFO_AF	HG01888	HG01882	HG01883	0/1	0/0	0/0	1	999	999
chr1	226034289	226034296	HGSV_17373	N	<INS>	<INS>	INS	76	PASS	0.002186	INFO_AF	HG02650	HG02648	HG02649	0/1	0/0	0/0	52	999	999
chr1	229095402	229095402	HGSV_17634	N	<INS:ME:ALU>	<INS:ME:ALU>	INS	322	PASS	0.000156	INFO_AF	HG01949	HG01947	HG01948	0/1	0/0	0/0	.	.	.
chr1	230127555	230127588	HGSV_17734	N	<INS>	<INS>	INS	178	PASS	0.004382	INFO_AF	NA19186	NA19184	NA19185	0/1	0/0	0/0	1	999	999
chr1	239729748	239729763	HGSV_18647	N	<INS:ME:ALU>	<INS:ME:ALU>	INS	264	PASS	0.005464	INFO_AF	HG03029	HG03027	HG03028	0/1	0/0	0/0	1	999	999
chr1	241298255	241298306	HGSV_18812	N	<INS:ME:ALU>	<INS:ME:ALU>	INS	281	PASS	0.000156	INFO_AF	NA20129	NA19920	NA19921	0/1	0/0	0/0	1	999	999
chr1	244338718	244338769	HGSV_19086	N	<INS:ME:ALU>	<INS:ME:ALU>	INS	281	PASS	0.000937	INFO_AF	HG01916	HG01914	HG01915	0/1	0/0	0/0	1	999	999
chr1	244970649	244970664	HGSV_19164	N	<INS>	<INS>	INS	66	PASS	0.006925	INFO_AF	HG02980	HG02981	HG02979	0/1	0/0	0/0	1	999	999
chr1	244970649	244970664	HGSV_19164	N	<INS>	<INS>	INS	66	PASS	0.006925	INFO_AF	HG03119	HG03118	HG03117	0/1	0/0	0/0	1	999	999
chr1	244970649	244970664	HGSV_19164	N	<INS>	<INS>	INS	66	PASS	0.006925	INFO_AF	NA18863	NA18862	NA18861	0/1	0/0	0/0	1	999	999
chr1	244970649	244970664	HGSV_19164	N	<INS>	<INS>	INS	66	PASS	0.006925	INFO_AF	NA18869	NA18868	NA18867	0/1	0/0	0/0	1	999	999
chr1	244970649	244970664	HGSV_19164	N	<INS>	<INS>	INS	66	PASS	0.006925	INFO_AF	NA19148	NA19146	NA19147	0/1	0/0	0/0	229	999	999
chr1	244970649	244970664	HGSV_19164	N	<INS>	<INS>	INS	66	PASS	0.006925	INFO_AF	NA19221	NA19223	NA19222	0/1	0/0	0/0	1	999	999
chr1	245924998	245925010	HGSV_19269	N	<INS:ME:ALU>	<INS:ME:ALU>	INS	280	PASS	0.006447	INFO_AF	HG02812	HG02810	HG02811	0/1	0/0	0/0	1	999	999
chr1	245924998	245925010	HGSV_19269	N	<INS:ME:ALU>	<INS:ME:ALU>	INS	280	PASS	0.006447	INFO_AF	NA19154	NA19153	NA19152	0/1	0/0	0/0	113	999	999
chr1	246627930	246627935	HGSV_19385	N	<INS>	<INS>	INS	57	PASS	0.009248	INFO_AF	HG02815	HG02813	HG02814	0/1	0/0	0/0	63	999	999
chr1	246627930	246627935	HGSV_19385	N	<INS>	<INS>	INS	57	PASS	0.009248	INFO_AF	NA10839	NA12005	NA12006	0/1	0/0	0/0	1	999	999
chr1	246627930	246627935	HGSV_19385	N	<INS>	<INS>	INS	57	PASS	0.009248	INFO_AF	NA19202	NA19200	NA19201	0/1	0/0	0/0	1	999	999
chr1	247462563	247462614	HGSV_19533	N	<INS:ME:ALU>	<INS:ME:ALU>	INS	281	PASS	0.007852	INFO_AF	NA19145	NA19144	NA19143	0/1	0/0	0/0	365	999	999
chr1	248195365	248195411	HGSV_19626	N	<INS:ME:ALU>	<INS:ME:ALU>	INS	298	PASS	0.00563	INFO_AF	NA19097	NA19096	NA19095	0/1	0/0	0/0	1	999	999
chr1	248874960	248874974	HGSV_19722	N	<INS>	<INS>	INS	56	PASS	0.001408	INFO_AF	HG01960	HG01988	HG01989	0/1	0/0	0/0	1	999	999
chr10	2430348	2430399	HGSV_143768	N	<INS:ME:ALU>	<INS:ME:ALU>	INS	281	PASS	0.000937	INFO_AF	NA18484	NA18486	NA18488	0/1	0/0	0/0	1	999	999
chr10	3341980	3342031	HGSV_143894	N	<INS:ME:ALU>	<INS:ME:ALU>	INS	280	PASS	0.005003	INFO_AF	HG01987	HG01990	HG02012	0/1	0/0	0/0	121	999	999
chr10	3476906	3476957	HGSV_143910	N	<INS:ME:ALU>	<INS:ME:ALU>	INS	279	PASS	0.00219	INFO_AF	HG01074	HG01072	HG01073	0/1	0/0	0/0	1	999	999
chr10	3476906	3476957	HGSV_143910	N	<INS:ME:ALU>	<INS:ME:ALU>	INS	279	PASS	0.00219	INFO_AF	NA10860	NA11992	NA11993	0/1	0/0	0/0	1	999	999
chr10	5267483	5267495	HGSV_144090	N	<INS:ME:ALU>	<INS:ME:ALU>	INS	279	PASS	0.00281	INFO_AF	HG03101	HG03100	HG03099	0/1	0/0	0/0	1	999	999
chr10	6834943	6834994	HGSV_144255	N	<INS>	<INS>	INS	88	PASS	0.008166	INFO_AF	HG01897	HG02013	HG01896	1/1	0/0	0/0	1	999	999
chr10	6836671	6836704	HGSV_144264	N	<INS>	<INS>	INS	67	PASS	0.001562	INFO_AF	HG02514	HG02512	HG02513	0/1	0/0	0/0	1	999	999
chr10	8022745	8022778	HGSV_144364	N	<INS>	<INS>	INS	50	PASS	0.009154	INFO_AF	HG01355	HG01353	HG01354	0/1	0/0	0/0	1	999	999
chr10	8022745	8022778	HGSV_144364	N	<INS>	<INS>	INS	50	PASS	0.009154	INFO_AF	HG02806	HG02804	HG02805	0/1	0/0	0/0	1	999	999
chr10	8022745	8022778	HGSV_144364	N	<INS>	<INS>	INS	50	PASS	0.009154	INFO_AF	HG02972	HG02971	HG02970	0/1	0/0	0/0	1	999	999
chr10	8535113	8535153	HGSV_144411	N	<INS:ME:ALU>	<INS:ME:ALU>	INS	278	PASS	0.009835	INFO_AF	NA18930	NA18917	NA18916	0/1	0/0	0/0	1	999	999
chr10	8794464	8794464	HGSV_144438	N	<INS>	<INS>	INS	390	PASS	0.000156	INFO_AF	HG01135	HG01133	HG01134	0/1	0/0	0/0	.	.	.
chr10	13165912	13165963	HGSV_144877	N	<INS>	<INS>	INS	323	PASS	0.007516	INFO_AF	HG03035	HG03033	HG03034	0/1	0/0	0/0	1	999	999
chr10	13165912	13165963	HGSV_144877	N	<INS>	<INS>	INS	323	PASS	0.007516	INFO_AF	NA19161	NA19160	NA19159	0/1	0/0	0/0	104	999	999
chr10	13165912	13165963	HGSV_144877	N	<INS>	<INS>	INS	323	PASS	0.007516	INFO_AF	NA19240	NA19239	NA19238	0/1	0/0	0/0	1	999	999
chr10	15170041	15170092	HGSV_145069	N	<INS:ME:ALU>	<INS:ME:ALU>	INS	280	PASS	0.00313	INFO_AF	HG02880	HG02878	HG02879	0/1	0/0	0/0	1	999	999
chr10	15905213	15905250	HGSV_145145	N	<INS>	<INS>	INS	86	PASS	0.00125	INFO_AF	HG03576	HG03574	HG03575	0/1	0/0	0/0	1	999	999
chr10	15953537	15953575	HGSV_145151	N	<INS>	<INS>	INS	320	PASS	0.003592	INFO_AF	NA06997	NA06986	NA07045	0/1	0/0	0/0	805	999	999
chr10	17449095	17449108	HGSV_145295	N	<INS:ME:ALU>	<INS:ME:ALU>	INS	281	PASS	0.007649	INFO_AF	HG02451	HG02449	HG02450	0/1	0/0	0/0	1	999	999
chr10	24411296	24411328	HGSV_145876	N	<INS:ME:ALU>	<INS:ME:ALU>	INS	250	PASS	0.000469	INFO_AF	HG03125	HG03124	HG03123	0/1	0/0	0/0	1	999	999
chr10	28364997	28365038	HGSV_146250	N	<INS>	<INS>	INS	52	PASS	0.009835	INFO_AF	HG02463	HG02461	HG02462	0/1	0/0	0/0	1	999	999
chr10	30240858	30240869	HGSV_146433	N	<INS>	<INS>	INS	52	PASS	0.003456	INFO_AF	HG03350	HG03352	HG03351	0/1	0/0	0/0	1	999	999
chr10	30961933	30961984	HGSV_146502	N	<INS:ME:ALU>	<INS:ME:ALU>	INS	279	PASS	0.000156	INFO_AF	HG01508	HG01506	HG01507	0/1	0/0	0/0	1	999	999
chr10	31452032	31452083	HGSV_146529	N	<INS:ME:ALU>	<INS:ME:ALU>	INS	281	PASS	0.001093	INFO_AF	HG02622	HG02620	HG02621	0/1	0/0	0/0	1	999	999
chr10	33871002	33871041	HGSV_146716	N	<INS>	<INS>	INS	53	PASS	0.007276	INFO_AF	NA19115	NA19113	NA19114	0/1	0/0	0/0	1	999	999
chr10	38524215	38524215	HGSV_147083	N	<INS>	<INS>	INS	182	PASS	0.001553	INFO_AF	HG01949	HG01947	HG01948	0/1	0/0	0/0	.	.	.
chr10	38524215	38524215	HGSV_147083	N	<INS>	<INS>	INS	182	PASS	0.001553	INFO_AF	HG04160	HG04158	HG04159	0/1	0/0	0/0	.	.	.
chr10	44113302	44113353	HGSV_147460	N	<INS:ME:ALU>	<INS:ME:ALU>	INS	281	PASS	0.00453	INFO_AF	NA19103	NA19101	NA19102	0/1	0/0	0/0	365	999	999
chr10	45541681	45541732	HGSV_147587	N	<INS:ME:ALU>	<INS:ME:ALU>	INS	281	PASS	0.003126	INFO_AF	HG03453	HG03451	HG03452	0/1	0/0	0/0	1	999	999
chr10	45909506	45909542	HGSV_147633	N	<INS>	<INS>	INS	300	PASS	0.007358	INFO_AF	HG03584	HG03582	HG03583	0/1	0/0	0/0	606	999	999
chr10	45909506	45909542	HGSV_147633	N	<INS>	<INS>	INS	300	PASS	0.007358	INFO_AF	NA20279	NA20278	NA20282	0/1	0/0	0/0	1	999	999
chr10	49510893	49510944	HGSV_147938	N	<INS:ME:ALU>	<INS:ME:ALU>	INS	279	PASS	0.000937	INFO_AF	HG03131	HG03130	HG03129	0/1	0/0	0/0	1	999	999
chr10	49890971	49890971	HGSV_147971	N	<INS>	<INS>	INS	314	PASS	0.001737	INFO_AF	HG00477	HG00475	HG00476	0/1	0/0	0/0	.	.	.
chr10	49890971	49890971	HGSV_147971	N	<INS>	<INS>	INS	314	PASS	0.001737	INFO_AF	NA18860	NA18859	NA18858	0/1	0/0	0/0	.	.	.
chr10	52402676	52402727	HGSV_148221	N	<INS:ME:ALU>	<INS:ME:ALU>	INS	277	PASS	0.000156	INFO_AF	HG03131	HG03130	HG03129	0/1	0/0	0/0	1	999	999
chr10	54458311	54458362	HGSV_148428	N	<INS:ME:ALU>	<INS:ME:ALU>	INS	281	PASS	0.009145	INFO_AF	HG02055	HG02053	HG02054	0/1	0/0	0/0	1	999	999
chr10	54741170	54741206	HGSV_148443	N	<INS>	<INS>	INS	500	PASS	0.009236	INFO_AF	NA10865	NA11891	NA11892	0/1	0/0	0/0	1	999	999
chr10	54804945	54804948	HGSV_148457	N	<INS>	<INS>	INS	90	PASS	0.000312	INFO_AF	HG03251	HG03249	HG03250	0/1	0/0	0/0	1	999	999
chr10	55643424	55643475	HGSV_148552	N	<INS:ME:ALU>	<INS:ME:ALU>	INS	281	PASS	0.001563	INFO_AF	HG00480	HG00478	HG00479	0/1	0/0	0/0	1	999	999
chr10	56361746	56361797	HGSV_148607	N	<INS:ME:ALU>	<INS:ME:ALU>	INS	279	PASS	0.001877	INFO_AF	HG03050	HG03048	HG03049	0/1	0/0	0/0	1	999	999
chr10	59318207	59318258	HGSV_148881	N	<INS:ME:ALU>	<INS:ME:ALU>	INS	280	PASS	0.007849	INFO_AF	HG02622	HG02620	HG02621	0/1	0/0	0/0	1	999	999
chr10	59318207	59318258	HGSV_148881	N	<INS:ME:ALU>	<INS:ME:ALU>	INS	280	PASS	0.007849	INFO_AF	HG03116	HG03115	HG03114	0/1	0/0	0/0	163	999	999
chr10	60474863	60474914	HGSV_148988	N	<INS:ME:ALU>	<INS:ME:ALU>	INS	280	PASS	0.001093	INFO_AF	HG00420	HG00418	HG00419	0/1	0/0	0/0	1	999	999
chr10	64743518	64743569	HGSV_149309	N	<INS:ME:ALU>	<INS:ME:ALU>	INS	281	PASS	0.009537	INFO_AF	HG02300	HG02299	HG02298	0/1	0/0	0/0	1	999	999
chr10	66208567	66208618	HGSV_149450	N	<INS:ME:ALU>	<INS:ME:ALU>	INS	281	PASS	0.000781	INFO_AF	HG02280	HG02307	HG02308	0/1	0/0	0/0	1	999	999
chr10	66589979	66590030	HGSV_149528	N	<INS>	<INS>	INS	129	PASS	0.000156	INFO_AF	NA19733	NA19732	NA19731	0/1	0/0	0/0	1	999	999
chr10	66621478	66621512	HGSV_149532	N	<INS>	<INS>	INS	330	PASS	0.001563	INFO_AF	HG01114	HG01112	HG01113	0/1	0/0	0/0	1	999	29
chr10	66621478	66621512	HGSV_149532	N	<INS>	<INS>	INS	330	PASS	0.001563	INFO_AF	HG01379	HG01377	HG01378	0/1	0/0	0/0	1	999	999
chr10	66621478	66621512	HGSV_149532	N	<INS>	<INS>	INS	330	PASS	0.001563	INFO_AF	NA19730	NA19729	NA19728	0/1	0/0	0/0	1	999	999
chr10	66842253	66842304	HGSV_149559	N	<INS:ME:ALU>	<INS:ME:ALU>	INS	269	PASS	0.006712	INFO_AF	HG00538	HG00536	HG00537	0/1	0/0	0/0	1	999	999
chr10	66983493	66983544	HGSV_149580	N	<INS:ME:ALU>	<INS:ME:ALU>	INS	281	PASS	0.00843	INFO_AF	NA18503	NA18504	NA18505	0/1	0/0	0/0	1	999	999
chr10	74583341	74583392	HGSV_150299	N	<INS:ME:ALU>	<INS:ME:ALU>	INS	280	PASS	0.003278	INFO_AF	HG01887	HG02014	HG01886	0/1	0/0	0/0	1	999	999
chr10	76636388	76636439	HGSV_150439	N	<INS:ME:ALU>	<INS:ME:ALU>	INS	281	PASS	0.000781	INFO_AF	HG02563	HG02561	HG02562	0/1	0/0	0/0	1	999	999
chr10	79687130	79687181	HGSV_150640	N	<INS:ME:ALU>	<INS:ME:ALU>	INS	281	PASS	0.005778	INFO_AF	HG03486	HG03484	HG03485	0/1	0/0	0/0	1	999	999
chr10	80406775	80406808	HGSV_150709	N	<INS>	<INS>	INS	50	PASS	0.002824	INFO_AF	HG02800	HG02798	HG02799	0/1	0/0	0/0	156	999	999
chr10	81736202	81736253	HGSV_150850	N	<INS:ME:ALU>	<INS:ME:ALU>	INS	281	PASS	0.005932	INFO_AF	HG02723	HG02721	HG02722	0/1	0/0	0/0	1	999	999
chr10	84843193	84843244	HGSV_151090	N	<INS:ME:ALU>	<INS:ME:ALU>	INS	279	PASS	0.005776	INFO_AF	HG01433	HG01431	HG01432	0/1	0/0	0/0	1	999	999
chr10	88599024	88599059	HGSV_151398	N	<INS>	<INS>	INS	51	PASS	0.007862	INFO_AF	HG01053	HG01051	HG01052	0/1	0/0	0/0	1	999	999
chr10	88599024	88599059	HGSV_151398	N	<INS>	<INS>	INS	51	PASS	0.007862	INFO_AF	HG02237	HG02236	HG02235	0/1	0/0	0/0	1	999	999
chr10	88599024	88599059	HGSV_151398	N	<INS>	<INS>	INS	51	PASS	0.007862	INFO_AF	HG02800	HG02798	HG02799	0/1	0/0	0/0	313	999	999
chr10	88599024	88599059	HGSV_151398	N	<INS>	<INS>	INS	51	PASS	0.007862	INFO_AF	NA19828	NA19818	NA19819	0/1	0/0	0/0	1	999	999
chr10	89546088	89546139	HGSV_151475	N	<INS:ME:ALU>	<INS:ME:ALU>	INS	281	PASS	0.00706	INFO_AF	HG03029	HG03027	HG03028	0/1	0/0	0/0	63	999	999
chr10	89546088	89546139	HGSV_151475	N	<INS:ME:ALU>	<INS:ME:ALU>	INS	281	PASS	0.00706	INFO_AF	HG03050	HG03048	HG03049	0/1	0/0	0/0	1	999	999
chr10	95627237	95627288	HGSV_151933	N	<INS:ME:ALU>	<INS:ME:ALU>	INS	281	PASS	0.008273	INFO_AF	HG02966	HG02965	HG02964	0/1	0/0	0/0	1	999	999
chr10	95627237	95627288	HGSV_151933	N	<INS:ME:ALU>	<INS:ME:ALU>	INS	281	PASS	0.008273	INFO_AF	NA18869	NA18868	NA18867	0/1	0/0	0/0	1	999	999
chr10	95627237	95627288	HGSV_151933	N	<INS:ME:ALU>	<INS:ME:ALU>	INS	281	PASS	0.008273	INFO_AF	NA18911	NA18910	NA18909	0/1	0/0	0/0	999	999	999
chr10	97064979	97065030	HGSV_152049	N	<INS:ME:ALU>	<INS:ME:ALU>	INS	280	PASS	0.002658	INFO_AF	HG02630	HG02628	HG02629	0/1	0/0	0/0	52	999	999
chr10	101804220	101804248	HGSV_152437	N	<INS:ME:ALU>	<INS:ME:ALU>	INS	280	PASS	0.000156	INFO_AF	HG01940	HG01938	HG01939	0/1	0/0	0/0	1	999	999
chr10	102207850	102207861	HGSV_152483	N	<INS>	<INS>	INS	65	PASS	0.005776	INFO_AF	HG01189	HG01187	HG01188	0/1	0/0	0/0	1	999	999
chr10	102707427	102707478	HGSV_152526	N	<INS:ME:SVA>	<INS:ME:SVA>	INS	1240	PASS	0.001876	INFO_AF	HG02636	HG02634	HG02635	0/1	0/0	0/0	1	999	999
chr10	108896363	108896414	HGSV_153011	N	<INS:ME:ALU>	<INS:ME:ALU>	INS	280	PASS	0.000156	INFO_AF	NA19787	NA19786	NA19785	0/1	0/0	0/0	1	999	999
chr10	109098254	109098305	HGSV_153041	N	<INS:ME:ALU>	<INS:ME:ALU>	INS	280	PASS	0.002658	INFO_AF	HG02526	HG02524	HG02525	0/1	0/0	0/0	1	999	999
chr10	110480389	110480426	HGSV_153160	N	<INS>	<INS>	INS	52	PASS	0.000469	INFO_AF	HG02800	HG02798	HG02799	0/1	0/0	0/0	1	999	999
chr10	111694748	111694799	HGSV_153241	N	<INS:ME:ALU>	<INS:ME:ALU>	INS	278	PASS	0.002342	INFO_AF	HG00709	HG00707	HG00708	0/1	0/0	0/0	1	999	999
chr10	113466074	113466125	HGSV_153379	N	<INS:ME:ALU>	<INS:ME:ALU>	INS	281	PASS	0.00344	INFO_AF	NA18875	NA18874	NA18873	0/1	0/0	0/0	1	999	999
chr10	115071389	115071440	HGSV_153482	N	<INS:ME:ALU>	<INS:ME:ALU>	INS	171	PASS	0.000156	INFO_AF	HG02018	HG02020	HG02019	0/1	0/0	0/0	1	999	999
chr10	115313703	115313754	HGSV_153499	N	<INS:ME:ALU>	<INS:ME:ALU>	INS	281	PASS	0.002185	INFO_AF	HG03272	HG03271	HG03270	0/1	0/0	0/0	1	999	999
chr10	116286194	116286231	HGSV_153579	N	<INS:ME:ALU>	<INS:ME:ALU>	INS	281	PASS	0.005011	INFO_AF	HG01579	HG01577	HG01578	0/1	0/0	0/0	1	999	999
chr10	117354583	117354634	HGSV_153658	N	<INS:ME:ALU>	<INS:ME:ALU>	INS	280	PASS	0.007181	INFO_AF	NA19115	NA19113	NA19114	0/1	0/0	0/0	1	999	999
chr10	117485560	117485591	HGSV_153664	N	<INS>	<INS>	INS	326	PASS	0.00125	INFO_AF	NA19161	NA19160	NA19159	0/1	0/0	0/0	104	999	999
chr10	119313058	119313077	HGSV_153811	N	<INS>	<INS>	INS	70	PASS	0.008869	INFO_AF	HG02677	HG02675	HG02676	0/1	0/0	0/0	1	999	999
chr10	120200655	120200706	HGSV_153895	N	<INS:ME:ALU>	<INS:ME:ALU>	INS	279	PASS	0.005969	INFO_AF	HG03480	HG03478	HG03479	0/1	0/0	0/0	1	999	999
chr10	120200655	120200706	HGSV_153895	N	<INS:ME:ALU>	<INS:ME:ALU>	INS	279	PASS	0.005969	INFO_AF	NA19139	NA19138	NA19137	0/1	0/0	0/0	113	999	999
chr10	120831092	120831143	HGSV_153947	N	<INS:ME:ALU>	<INS:ME:ALU>	INS	280	PASS	0.006733	INFO_AF	HG01895	HG01912	HG01894	0/1	0/0	0/0	1	999	999
chr10	123254421	123254498	HGSV_154124	N	<INS>	<INS>	INS	70	PASS	0.005361	INFO_AF	HG00733	HG00731	HG00732	0/1	0/0	0/0	1	999	999
chr10	123254421	123254498	HGSV_154124	N	<INS>	<INS>	INS	70	PASS	0.005361	INFO_AF	HG01056	HG01054	HG01055	0/1	0/0	0/0	1	999	999
chr10	123254421	123254498	HGSV_154124	N	<INS>	<INS>	INS	70	PASS	0.005361	INFO_AF	HG01496	HG01494	HG01495	0/1	0/0	0/0	1	999	999
chr10	123254421	123254498	HGSV_154124	N	<INS>	<INS>	INS	70	PASS	0.005361	INFO_AF	HG01499	HG01497	HG01498	0/1	0/0	0/0	1	999	999
chr10	123254421	123254498	HGSV_154124	N	<INS>	<INS>	INS	70	PASS	0.005361	INFO_AF	HG01627	HG01625	HG01626	0/1	0/0	0/0	1	999	999
chr10	123254421	123254498	HGSV_154124	N	<INS>	<INS>	INS	70	PASS	0.005361	INFO_AF	NA19683	NA19682	NA19681	0/1	0/0	0/0	1	999	999
chr10	127797402	127797478	HGSV_154546	N	<INS>	<INS>	INS	54	PASS	0.004527	INFO_AF	HG01081	HG01079	HG01080	0/1	0/0	0/0	1	999	999
chr10	127797402	127797478	HGSV_154546	N	<INS>	<INS>	INS	54	PASS	0.004527	INFO_AF	HG02653	HG02651	HG02652	0/1	0/0	0/0	1	999	999
chr10	127797402	127797478	HGSV_154546	N	<INS>	<INS>	INS	54	PASS	0.004527	INFO_AF	NA12739	NA12748	NA12749	0/1	0/0	0/0	1	999	999
chr10	127797402	127797478	HGSV_154546	N	<INS>	<INS>	INS	54	PASS	0.004527	INFO_AF	NA19757	NA19756	NA19755	0/1	0/0	0/0	1	999	999
chr10	127915754	127915805	HGSV_154556	N	<INS:ME:ALU>	<INS:ME:ALU>	INS	281	PASS	0.009522	INFO_AF	HG01109	HG01107	HG01108	0/1	0/0	0/0	1	999	999
chr10	128648780	128648832	HGSV_154610	N	<INS>	<INS>	INS	60	PASS	0.008031	INFO_AF	HG02838	HG02836	HG02837	0/1	0/0	0/0	1	999	999
chr10	128648780	128648832	HGSV_154610	N	<INS>	<INS>	INS	60	PASS	0.008031	INFO_AF	HG02841	HG02839	HG02840	0/1	0/0	0/0	1	999	999
chr10	128648780	128648832	HGSV_154610	N	<INS>	<INS>	INS	60	PASS	0.008031	INFO_AF	HG02853	HG02851	HG02852	0/1	0/0	0/0	1	999	999
chr10	128648780	128648832	HGSV_154610	N	<INS>	<INS>	INS	60	PASS	0.008031	INFO_AF	HG02889	HG02887	HG02888	0/1	0/0	0/0	1	999	999
chr10	128648780	128648832	HGSV_154610	N	<INS>	<INS>	INS	60	PASS	0.008031	INFO_AF	HG03098	HG03096	HG03097	0/1	0/0	0/0	113	999	999
chr10	129670151	129670202	HGSV_154687	N	<INS:ME:LINE1>	<INS:ME:LINE1>	INS	6017	PASS	0.0066	INFO_AF	NA20129	NA19920	NA19921	0/1	0/0	0/0	1	999	999
chr11	912866	912901	HGSV_155469	N	<INS>	<INS>	INS	320	PASS	0.005469	INFO_AF	HG02975	HG02973	HG02974	0/1	0/0	0/0	1	999	999
chr11	912866	912901	HGSV_155469	N	<INS>	<INS>	INS	320	PASS	0.005469	INFO_AF	NA19174	NA19117	NA19118	0/1	0/0	0/0	1	999	999
chr11	2544319	2544361	HGSV_155708	N	<INS>	<INS>	INS	56	PASS	0.000625	INFO_AF	HG02723	HG02721	HG02722	0/1	0/0	0/0	1	999	999
chr11	2544319	2544361	HGSV_155708	N	<INS>	<INS>	INS	56	PASS	0.000625	INFO_AF	NA18930	NA18917	NA18916	0/1	0/0	0/0	1	999	999
chr11	3549308	3549361	HGSV_155816	N	<INS>	<INS>	INS	65	PASS	0.009245	INFO_AF	HG01881	HG01879	HG01880	0/1	0/0	0/0	1	999	999
chr11	3549308	3549361	HGSV_155816	N	<INS>	<INS>	INS	65	PASS	0.009245	INFO_AF	HG03576	HG03574	HG03575	0/1	0/0	0/0	1	999	999
chr11	4096996	4096998	HGSV_155876	N	<INS>	<INS>	INS	320	PASS	0.009724	INFO_AF	HG01050	HG01048	HG01049	0/1	0/0	0/0	1	999	999
chr11	4096996	4096998	HGSV_155876	N	<INS>	<INS>	INS	320	PASS	0.009724	INFO_AF	HG01891	HG01890	HG01889	0/1	0/0	0/0	218	999	999
chr11	4096996	4096998	HGSV_155876	N	<INS>	<INS>	INS	320	PASS	0.009724	INFO_AF	HG02466	HG02464	HG02465	0/1	0/0	0/0	1	999	999
chr11	4096996	4096998	HGSV_155876	N	<INS>	<INS>	INS	320	PASS	0.009724	INFO_AF	HG02563	HG02561	HG02562	0/1	0/0	0/0	1	999	999
chr11	4096996	4096998	HGSV_155876	N	<INS>	<INS>	INS	320	PASS	0.009724	INFO_AF	HG02590	HG02588	HG02589	0/1	0/0	0/0	1	999	999
chr11	4096996	4096998	HGSV_155876	N	<INS>	<INS>	INS	320	PASS	0.009724	INFO_AF	HG02809	HG02807	HG02808	0/1	0/0	0/0	1	999	999
chr11	4096996	4096998	HGSV_155876	N	<INS>	<INS>	INS	320	PASS	0.009724	INFO_AF	NA19120	NA19119	NA19116	0/1	0/0	0/0	1	999	999
chr11	4096996	4096998	HGSV_155876	N	<INS>	<INS>	INS	320	PASS	0.009724	INFO_AF	NA19902	NA19900	NA19901	0/1	0/0	0/0	1	999	999
chr11	4096996	4096998	HGSV_155876	N	<INS>	<INS>	INS	320	PASS	0.009724	INFO_AF	NA19918	NA19916	NA19917	0/1	0/0	0/0	1	999	999
chr11	5455523	5455573	HGSV_156014	N	<INS>	<INS>	INS	53	PASS	0.006459	INFO_AF	HG02764	HG02762	HG02763	0/1	0/0	0/0	163	999	999
chr11	6912490	6912541	HGSV_156154	N	<INS:ME:ALU>	<INS:ME:ALU>	INS	281	PASS	0.005308	INFO_AF	NA19145	NA19144	NA19143	0/1	0/0	0/0	1	999	999
chr11	6992849	6992885	HGSV_156164	N	<INS>	<INS>	INS	541	PASS	0.006719	INFO_AF	HG02809	HG02807	HG02808	0/1	0/0	0/0	1	999	999
chr11	7481904	7481937	HGSV_156209	N	<INS>	<INS>	INS	312	PASS	0.005785	INFO_AF	HG01126	HG01124	HG01125	0/1	0/0	0/0	1	999	999
chr11	7481904	7481937	HGSV_156209	N	<INS>	<INS>	INS	312	PASS	0.005785	INFO_AF	NA19686	NA19685	NA19684	0/1	0/0	0/0	1	999	999
chr11	7681641	7681692	HGSV_156226	N	<INS:ME:ALU>	<INS:ME:ALU>	INS	247	PASS	0.004387	INFO_AF	HG02975	HG02973	HG02974	0/1	0/0	0/0	63	999	999
chr11	7681641	7681692	HGSV_156226	N	<INS:ME:ALU>	<INS:ME:ALU>	INS	247	PASS	0.004387	INFO_AF	HG03161	HG03160	HG03159	0/1	0/0	0/0	546	999	999
chr11	9663271	9663271	HGSV_156410	N	<INS>	<INS>	INS	260	PASS	0.000156	INFO_AF	NA12878	NA12891	NA12892	0/1	0/0	0/0	.	.	.
chr11	11247147	11247166	HGSV_156532	N	<INS>	<INS>	INS	88	PASS	0.007036	INFO_AF	HG04036	HG03943	HG03944	0/1	0/0	0/0	1	999	999
chr11	11247147	11247166	HGSV_156532	N	<INS>	<INS>	INS	88	PASS	0.007036	INFO_AF	NA19724	NA19723	NA19722	0/1	0/0	0/0	1	999	999
chr11	11650383	11650434	HGSV_156555	N	<INS:ME:ALU>	<INS:ME:ALU>	INS	280	PASS	0.006556	INFO_AF	NA18930	NA18917	NA18916	0/1	0/0	0/0	1	999	999
chr11	12216332	12216381	HGSV_156603	N	<INS:ME:ALU>	<INS:ME:ALU>	INS	241	PASS	0.000312	INFO_AF	NA19237	NA19236	NA19235	0/1	0/0	0/0	1	999	999
chr11	12606524	12606563	HGSV_156627	N	<INS>	<INS>	INS	56	PASS	0.006103	INFO_AF	NA19097	NA19096	NA19095	0/1	0/0	0/0	1	999	999
chr11	12606524	12606563	HGSV_156627	N	<INS>	<INS>	INS	56	PASS	0.006103	INFO_AF	NA19208	NA19207	NA19206	0/1	0/0	0/0	72	999	999
chr11	13753635	13753686	HGSV_156706	N	<INS:ME:ALU>	<INS:ME:ALU>	INS	278	PASS	0.001874	INFO_AF	HG03113	HG03112	HG03111	0/1	0/0	0/0	496	999	999
chr11	13922591	13922642	HGSV_156717	N	<INS:ME:LINE1>	<INS:ME:LINE1>	INS	6019	PASS	0.007033	INFO_AF	NA18518	NA18519	NA18520	0/1	0/0	0/0	1	999	999
chr11	20698779	20698830	HGSV_157202	N	<INS:ME:ALU>	<INS:ME:ALU>	INS	281	PASS	0.000312	INFO_AF	NA19924	NA19922	NA19923	0/1	0/0	0/0	1	999	999
chr11	22760299	22760350	HGSV_157370	N	<INS:ME:ALU>	<INS:ME:ALU>	INS	256	PASS	0.000468	INFO_AF	NA10847	NA12146	NA12239	0/1	0/0	0/0	1	999	999
chr11	23893634	23893685	HGSV_157489	N	<INS:ME:ALU>	<INS:ME:ALU>	INS	280	PASS	0.00125	INFO_AF	HG02451	HG02449	HG02450	0/1	0/0	0/0	1	999	999
chr11	24388500	24388545	HGSV_157545	N	<INS>	<INS>	INS	78	PASS	0.004839	INFO_AF	HG01888	HG01882	HG01883	0/1	0/0	0/0	1	999	999
chr11	24543208	24543208	HGSV_157564	N	<INS:ME:LINE1>	<INS:ME:LINE1>	INS	133	PASS	0.008951	INFO_AF	HG03299	HG03298	HG03297	0/1	0/0	0/0	.	.	.
chr11	25052767	25052818	HGSV_157622	N	<INS:ME:ALU>	<INS:ME:ALU>	INS	246	PASS	0.007025	INFO_AF	NA19109	NA19107	NA19108	0/1	0/0	0/0	1	999	999
chr11	26670894	26670945	HGSV_157811	N	<INS:ME:ALU>	<INS:ME:ALU>	INS	281	PASS	0.000156	INFO_AF	NA19191	NA19189	NA19190	0/1	0/0	0/0	1	999	999
chr11	27434778	27434829	HGSV_157875	N	<INS:ME:ALU>	<INS:ME:ALU>	INS	280	PASS	0.001407	INFO_AF	HG00594	HG00592	HG00593	0/1	0/0	0/0	1	999	999
chr11	30977217	30977268	HGSV_158135	N	<INS:ME:ALU>	<INS:ME:ALU>	INS	240	PASS	0.005464	INFO_AF	HG03035	HG03033	HG03034	0/1	0/0	0/0	1	999	999
chr11	33614921	33614959	HGSV_158361	N	<INS>	<INS>	INS	331	PASS	0.004219	INFO_AF	HG04228	HG04229	HG04227	0/1	0/0	0/0	1	999	999
chr11	36161722	36161773	HGSV_158619	N	<INS:ME:ALU>	<INS:ME:ALU>	INS	280	PASS	0.000156	INFO_AF	HG03596	HG03594	HG03595	0/1	0/0	0/0	1	999	999
chr11	38129532	38129583	HGSV_158798	N	<INS:ME:ALU>	<INS:ME:ALU>	INS	281	PASS	0.002968	INFO_AF	HG03272	HG03271	HG03270	0/1	0/0	0/0	1	999	999
chr11	39828321	39828372	HGSV_158979	N	<INS:ME:ALU>	<INS:ME:ALU>	INS	281	PASS	0.000781	INFO_AF	NA19237	NA19236	NA19235	0/1	0/0	0/0	1	999	999
chr11	41471118	41471169	HGSV_159096	N	<INS:ME:ALU>	<INS:ME:ALU>	INS	281	PASS	0.0066	INFO_AF	NA18935	NA18934	NA18933	0/1	0/0	0/0	209	999	999
chr11	42651912	42651949	HGSV_159187	N	<INS>	<INS>	INS	52	PASS	0.008405	INFO_AF	HG00706	HG00704	HG00705	0/1	0/0	0/0	1	999	999
chr11	42651912	42651949	HGSV_159187	N	<INS>	<INS>	INS	52	PASS	0.008405	INFO_AF	HG02132	HG02134	HG02133	0/1	0/0	0/0	63	999	999
chr11	45146845	45146867	HGSV_159365	N	<INS>	<INS>	INS	63	PASS	0.004237	INFO_AF	HG01135	HG01133	HG01134	0/1	0/0	0/0	1	999	999
chr11	45146845	45146867	HGSV_159365	N	<INS>	<INS>	INS	63	PASS	0.004237	INFO_AF	HG02723	HG02721	HG02722	0/1	0/0	0/0	1	999	999
chr11	47558728	47558738	HGSV_159542	N	<INS>	<INS>	INS	70	PASS	0.004073	INFO_AF	HG03116	HG03115	HG03114	0/1	0/0	0/0	313	999	999
chr11	47640819	47640855	HGSV_159554	N	<INS:ME:ALU>	<INS:ME:ALU>	INS	246	PASS	0.005151	INFO_AF	HG01252	HG01250	HG01251	0/1	0/0	0/0	1	999	999
chr11	56274124	56274175	HGSV_160427	N	<INS:ME:ALU>	<INS:ME:ALU>	INS	261	PASS	0.001251	INFO_AF	NA19115	NA19113	NA19114	0/1	0/0	0/0	1	999	999
chr11	58148808	58148859	HGSV_160578	N	<INS:ME:ALU>	<INS:ME:ALU>	INS	281	PASS	0.000156	INFO_AF	HG00664	HG00662	HG00663	0/1	0/0	0/0	1	999	999
chr11	63113246	63113297	HGSV_161055	N	<INS:ME:ALU>	<INS:ME:ALU>	INS	279	PASS	0.003605	INFO_AF	HG01667	HG01669	HG01668	0/1	0/0	0/0	1	999	999
chr11	63113246	63113297	HGSV_161055	N	<INS:ME:ALU>	<INS:ME:ALU>	INS	279	PASS	0.003605	INFO_AF	HG01763	HG01761	HG01762	0/1	0/0	0/0	1	999	24
chr11	63113246	63113297	HGSV_161055	N	<INS:ME:ALU>	<INS:ME:ALU>	INS	279	PASS	0.003605	INFO_AF	HG04184	HG04182	HG04183	0/1	0/0	0/0	1	999	999
chr11	63113246	63113297	HGSV_161055	N	<INS:ME:ALU>	<INS:ME:ALU>	INS	279	PASS	0.003605	INFO_AF	NA19828	NA19818	NA19819	0/1	0/0	0/0	1	999	999
chr11	63392388	63392439	HGSV_161089	N	<INS:ME:ALU>	<INS:ME:ALU>	INS	279	PASS	0.000156	INFO_AF	HG01888	HG01882	HG01883	0/1	0/0	0/0	1	999	999
chr11	63422194	63422245	HGSV_161094	N	<INS:ME:ALU>	<INS:ME:ALU>	INS	281	PASS	0.001252	INFO_AF	HG02514	HG02512	HG02513	0/1	0/0	0/0	1	999	999
chr11	66511954	66512004	HGSV_161410	N	<INS>	<INS>	INS	59	PASS	0.004079	INFO_AF	HG03350	HG03352	HG03351	0/1	0/0	0/0	208	999	999
chr11	66511954	66512004	HGSV_161410	N	<INS>	<INS>	INS	59	PASS	0.004079	INFO_AF	NA19702	NA19700	NA19701	0/1	0/0	0/0	37	999	999
chr11	70277053	70277088	HGSV_161762	N	<INS>	<INS>	INS	50	PASS	0.001718	INFO_AF	HG02773	HG02771	HG02772	0/1	0/0	0/0	1	999	999
chr11	70277055	70277068	HGSV_161763	N	<INS>	<INS>	INS	80	PASS	0.005477	INFO_AF	HG01959	HG01986	HG01958	0/1	0/0	0/0	1	999	999
chr11	70277055	70277068	HGSV_161763	N	<INS>	<INS>	INS	80	PASS	0.005477	INFO_AF	HG03519	HG03518	HG03517	0/1	0/0	0/0	1	999	999
chr11	71849533	71849534	HGSV_161881	N	<INS:ME:ALU>	<INS:ME:ALU>	INS	281	PASS	0.002344	INFO_AF	NA18485	NA18487	NA18489	0/1	0/0	0/0	1	999	999
chr11	73897370	73897370	HGSV_162031	N	<INS>	<INS>	INS	120	PASS	0.005348	INFO_AF	HG03371	HG03370	HG03369	0/1	0/0	0/0	.	.	.
chr11	75296137	75296138	HGSV_162145	N	<INS>	<INS>	INS	71	PASS	0.000156	INFO_AF	NA07014	NA07051	NA07031	0/1	0/0	0/0	1	999	999
chr11	76333674	76333725	HGSV_162219	N	<INS:ME:ALU>	<INS:ME:ALU>	INS	279	PASS	0.006712	INFO_AF	HG03161	HG03160	HG03159	0/1	0/0	0/0	1	999	999
chr11	80425101	80425152	HGSV_162513	N	<INS:ME:ALU>	<INS:ME:ALU>	INS	280	PASS	0.000312	INFO_AF	NA19924	NA19922	NA19923	0/1	0/0	0/0	1	999	999
chr11	81292029	81292080	HGSV_162583	N	<INS:ME:ALU>	<INS:ME:ALU>	INS	281	PASS	0.00921	INFO_AF	HG02590	HG02588	HG02589	0/1	0/0	0/0	1	999	999
chr11	81292029	81292080	HGSV_162583	N	<INS:ME:ALU>	<INS:ME:ALU>	INS	281	PASS	0.00921	INFO_AF	HG02764	HG02762	HG02763	0/1	0/0	0/0	163	999	999
chr11	83677695	83677746	HGSV_162812	N	<INS:ME:ALU>	<INS:ME:ALU>	INS	281	PASS	0.000624	INFO_AF	HG03438	HG03469	HG03470	0/1	0/0	0/0	1	999	999
chr11	86928707	86928712	HGSV_163120	N	<INS>	<INS>	INS	51	PASS	0.008373	INFO_AF	HG01138	HG01136	HG01137	0/1	0/0	0/0	1	999	999
chr11	86928707	86928712	HGSV_163120	N	<INS>	<INS>	INS	51	PASS	0.008373	INFO_AF	HG03017	HG03015	HG03016	0/1	0/0	0/0	1	999	999
chr11	88589169	88589220	HGSV_163240	N	<INS:ME:ALU>	<INS:ME:ALU>	INS	281	PASS	0.009991	INFO_AF	NA18875	NA18874	NA18873	0/1	0/0	0/0	1	999	999
chr11	88589169	88589220	HGSV_163240	N	<INS:ME:ALU>	<INS:ME:ALU>	INS	281	PASS	0.009991	INFO_AF	NA19154	NA19153	NA19152	0/1	0/0	0/0	1	999	999
chr11	91114292	91114301	HGSV_163539	N	<INS>	<INS>	INS	56	PASS	0.006712	INFO_AF	NA18935	NA18934	NA18933	0/1	0/0	0/0	1	999	999
chr11	91147019	91147030	HGSV_163544	N	<INS>	<INS>	INS	54	PASS	0.002503	INFO_AF	HG03374	HG03373	HG03372	0/1	0/0	0/0	1	999	999
chr11	91147019	91147030	HGSV_163544	N	<INS>	<INS>	INS	54	PASS	0.002503	INFO_AF	NA20279	NA20278	NA20282	0/1	0/0	0/0	1	999	999
chr11	94784137	94784152	HGSV_163824	N	<INS:ME:ALU>	<INS:ME:ALU>	INS	280	PASS	0.004683	INFO_AF	HG01888	HG01882	HG01883	0/1	0/0	0/0	1	999	999
chr11	94944680	94944731	HGSV_163834	N	<INS:ME:LINE1>	<INS:ME:LINE1>	INS	520	PASS	0.003762	INFO_AF	HG03236	HG03234	HG03235	0/1	0/0	0/0	1	999	999
chr11	95102499	95102517	HGSV_163855	N	<INS>	<INS>	INS	188	PASS	0.002193	INFO_AF	HG02575	HG02573	HG02574	0/1	0/0	0/0	281	999	999
chr11	97018518	97018569	HGSV_164068	N	<INS:ME:ALU>	<INS:ME:ALU>	INS	280	PASS	0.000937	INFO_AF	HG02698	HG02696	HG02697	0/1	0/0	0/0	1	999	999
chr11	98156547	98156598	HGSV_164165	N	<INS:ME:ALU>	<INS:ME:ALU>	INS	140	PASS	0.00281	INFO_AF	HG03579	HG03577	HG03578	0/1	0/0	0/0	1	999	999
chr11	98386925	98386953	HGSV_164191	N	<INS>	<INS>	INS	50	PASS	0.00579	INFO_AF	HG04148	HG04146	HG04147	0/1	0/0	0/0	104	999	999
chr11	99990737	99990788	HGSV_164350	N	<INS:ME:ALU>	<INS:ME:ALU>	INS	98	PASS	0.000156	INFO_AF	HG01934	HG01932	HG01933	0/1	0/0	0/0	1	999	999
chr11	100050267	100050318	HGSV_164356	N	<INS:ME:ALU>	<INS:ME:ALU>	INS	281	PASS	0.001093	INFO_AF	HG02316	HG02317	HG02318	0/1	0/0	0/0	1	999	999
chr11	103023853	103023904	HGSV_164637	N	<INS>	<INS>	INS	168	PASS	0.009875	INFO_AF	HG02800	HG02798	HG02799	0/1	0/0	0/0	1	999	999
chr11	103023853	103023904	HGSV_164637	N	<INS>	<INS>	INS	168	PASS	0.009875	INFO_AF	NA19174	NA19117	NA19118	0/1	0/0	0/0	1	999	999
chr11	103023853	103023904	HGSV_164637	N	<INS>	<INS>	INS	168	PASS	0.009875	INFO_AF	NA19199	NA19198	NA19197	0/1	0/0	0/0	1	999	999
chr11	103050354	103050405	HGSV_164647	N	<INS:ME:ALU>	<INS:ME:ALU>	INS	281	PASS	0.00125	INFO_AF	HG03732	HG03727	HG03721	0/1	0/0	0/0	1	999	999
chr11	104240508	104240617	HGSV_164773	N	<INS>	<INS>	INS	437	PASS	0.007351	INFO_AF	HG01622	HG01624	HG01623	0/1	0/0	0/0	1	999	999
chr11	104240508	104240617	HGSV_164773	N	<INS>	<INS>	INS	437	PASS	0.007351	INFO_AF	HG02770	HG02768	HG02769	0/1	0/0	0/0	1	999	999
chr11	104450106	104450150	HGSV_164794	N	<INS>	<INS>	INS	59	PASS	0.005945	INFO_AF	HG02463	HG02461	HG02462	0/1	0/0	0/0	1	999	999
chr11	104450106	104450150	HGSV_164794	N	<INS>	<INS>	INS	59	PASS	0.005945	INFO_AF	HG02466	HG02464	HG02465	0/1	0/0	0/0	1	999	999
chr11	104450106	104450150	HGSV_164794	N	<INS>	<INS>	INS	59	PASS	0.005945	INFO_AF	HG02572	HG02570	HG02571	0/1	0/0	0/0	1	999	999
chr11	104450106	104450150	HGSV_164794	N	<INS>	<INS>	INS	59	PASS	0.005945	INFO_AF	HG02587	HG02585	HG02586	0/1	0/0	0/0	1	999	999
chr11	104450106	104450150	HGSV_164794	N	<INS>	<INS>	INS	59	PASS	0.005945	INFO_AF	HG02668	HG02666	HG02667	0/1	0/0	0/0	1	999	999
chr11	104450106	104450150	HGSV_164794	N	<INS>	<INS>	INS	59	PASS	0.005945	INFO_AF	HG03161	HG03160	HG03159	0/1	0/0	0/0	1	999	999
chr11	104450106	104450150	HGSV_164794	N	<INS>	<INS>	INS	59	PASS	0.005945	INFO_AF	NA18930	NA18917	NA18916	0/1	0/0	0/0	1	999	999
chr11	104450106	104450150	HGSV_164794	N	<INS>	<INS>	INS	59	PASS	0.005945	INFO_AF	NA19924	NA19922	NA19923	0/1	0/0	0/0	1	999	999
chr11	104628565	104628579	HGSV_164801	N	<INS:ME:ALU>	<INS:ME:ALU>	INS	280	PASS	0.000625	INFO_AF	HG01062	HG01060	HG01061	0/1	0/0	0/0	1	999	999
chr11	105730213	105730264	HGSV_164912	N	<INS:ME:ALU>	<INS:ME:ALU>	INS	281	PASS	0.000156	INFO_AF	HG04175	HG04173	HG04174	0/1	0/0	0/0	1	999	999
chr11	115943512	115943527	HGSV_165745	N	<INS>	<INS>	INS	52	PASS	0.009163	INFO_AF	HG03035	HG03033	HG03034	0/1	0/0	0/0	99	999	999
chr11	115943512	115943527	HGSV_165745	N	<INS>	<INS>	INS	52	PASS	0.009163	INFO_AF	HG03248	HG03246	HG03247	0/1	0/0	0/0	1	999	999
chr11	115943512	115943527	HGSV_165745	N	<INS>	<INS>	INS	52	PASS	0.009163	INFO_AF	NA18925	NA18923	NA18924	0/1	0/0	0/0	37	999	999
chr11	116509951	116510002	HGSV_165786	N	<INS:ME:ALU>	<INS:ME:ALU>	INS	143	PASS	0.001251	INFO_AF	HG02761	HG02759	HG02760	0/1	0/0	0/0	1	999	999
chr11	116994908	116994933	HGSV_165842	N	<INS:ME:LINE1>	<INS:ME:LINE1>	INS	6017	PASS	0.008273	INFO_AF	HG02240	HG02238	HG02239	0/1	0/0	0/0	1	999	999
chr11	117324502	117324553	HGSV_165874	N	<INS:ME:LINE1>	<INS:ME:LINE1>	INS	6018	PASS	0.002662	INFO_AF	HG02838	HG02836	HG02837	0/1	0/0	0/0	1	999	999
chr11	118003587	118003638	HGSV_165918	N	<INS:ME:ALU>	<INS:ME:ALU>	INS	280	PASS	0.005308	INFO_AF	HG03137	HG03136	HG03135	0/1	0/0	0/0	1	999	999
chr11	119009452	119009503	HGSV_166020	N	<INS:ME:ALU>	<INS:ME:ALU>	INS	280	PASS	0.008019	INFO_AF	HG01439	HG01437	HG01438	0/1	0/0	0/0	104	999	999
chr11	119009452	119009503	HGSV_166020	N	<INS:ME:ALU>	<INS:ME:ALU>	INS	280	PASS	0.008019	INFO_AF	HG01538	HG01536	HG01537	0/1	0/0	0/0	1	999	999
chr11	120328758	120328786	HGSV_166154	N	<INS>	<INS>	INS	84	PASS	0.009216	INFO_AF	HG00429	HG00427	HG00428	0/1	0/0	0/0	1	999	999
chr11	120328758	120328786	HGSV_166154	N	<INS>	<INS>	INS	84	PASS	0.009216	INFO_AF	HG00561	HG00559	HG00560	0/1	0/0	0/0	1	999	999
chr11	120328758	120328786	HGSV_166154	N	<INS>	<INS>	INS	84	PASS	0.009216	INFO_AF	HG01178	HG01176	HG01177	0/1	0/0	0/0	1	999	999
chr11	120328758	120328786	HGSV_166154	N	<INS>	<INS>	INS	84	PASS	0.009216	INFO_AF	HG01502	HG01500	HG01501	0/1	0/0	0/0	1	999	999
chr11	120328758	120328786	HGSV_166154	N	<INS>	<INS>	INS	84	PASS	0.009216	INFO_AF	HG02027	HG02029	HG02028	0/1	0/0	0/0	1	999	999
chr11	120328758	120328786	HGSV_166154	N	<INS>	<INS>	INS	84	PASS	0.009216	INFO_AF	HG02083	HG02085	HG02084	0/1	0/0	0/0	1	999	999
chr11	120328758	120328786	HGSV_166154	N	<INS>	<INS>	INS	84	PASS	0.009216	INFO_AF	HG02120	HG02122	HG02121	0/1	0/0	0/0	1	999	999
chr11	120328758	120328786	HGSV_166154	N	<INS>	<INS>	INS	84	PASS	0.009216	INFO_AF	HG02662	HG02660	HG02661	0/1	0/0	0/0	1	999	999
chr11	120328758	120328786	HGSV_166154	N	<INS>	<INS>	INS	84	PASS	0.009216	INFO_AF	HG02729	HG02727	HG02728	0/1	0/0	0/0	1	999	999
chr11	120328758	120328786	HGSV_166154	N	<INS>	<INS>	INS	84	PASS	0.009216	INFO_AF	HG02889	HG02887	HG02888	0/1	0/0	0/0	1	999	999
chr11	120328758	120328786	HGSV_166154	N	<INS>	<INS>	INS	84	PASS	0.009216	INFO_AF	NA19790	NA19789	NA19788	0/1	0/0	0/0	1	999	999
chr11	122441107	122441136	HGSV_166309	N	<INS>	<INS>	INS	57	PASS	0.006729	INFO_AF	HG01984	HG01982	HG01983	0/1	0/0	0/0	1	999	999
chr11	125139080	125139086	HGSV_166507	N	<INS>	<INS>	INS	71	PASS	0.005319	INFO_AF	HG02723	HG02721	HG02722	0/1	0/0	0/0	52	999	999
chr11	125139080	125139086	HGSV_166507	N	<INS>	<INS>	INS	71	PASS	0.005319	INFO_AF	HG02761	HG02759	HG02760	0/1	0/0	0/0	156	999	999
chr11	125139080	125139086	HGSV_166507	N	<INS>	<INS>	INS	71	PASS	0.005319	INFO_AF	HG03308	HG03307	HG03306	0/1	0/0	0/0	1	999	999
chr11	128271218	128271269	HGSV_166764	N	<INS>	<INS>	INS	6013	PASS	0.005151	INFO_AF	NA18497	NA18498	NA18499	0/1	0/0	0/0	1	999	999
chr11	128274149	128274200	HGSV_166766	N	<INS:ME:ALU>	<INS:ME:ALU>	INS	279	PASS	0.006712	INFO_AF	HG00735	HG01047	HG00734	0/1	0/0	0/0	1	999	999
chr11	128673453	128673496	HGSV_166789	N	<INS>	<INS>	INS	333	PASS	0.007498	INFO_AF	NA18935	NA18934	NA18933	0/1	0/0	0/0	1	999	999
chr11	128673453	128673496	HGSV_166789	N	<INS>	<INS>	INS	333	PASS	0.007498	INFO_AF	NA19115	NA19113	NA19114	0/1	0/0	0/0	1	999	999
chr11	128673453	128673496	HGSV_166789	N	<INS>	<INS>	INS	333	PASS	0.007498	INFO_AF	NA19154	NA19153	NA19152	0/1	0/0	0/0	1	999	999
chr11	130626875	130626926	HGSV_166940	N	<INS:ME:ALU>	<INS:ME:ALU>	INS	118	PASS	0.004227	INFO_AF	HG03763	HG03761	HG03762	0/1	0/0	0/0	364	999	999
chr11	130687561	130687612	HGSV_166943	N	<INS:ME:ALU>	<INS:ME:ALU>	INS	281	PASS	0.005308	INFO_AF	HG01184	HG01182	HG01183	0/1	0/0	0/0	121	999	999
chr12	437548	437563	HGSV_167459	N	<INS:ME:ALU>	<INS:ME:ALU>	INS	280	PASS	0.004077	INFO_AF	HG02225	HG02224	HG02223	0/1	0/0	0/0	1	999	999
chr12	932847	932881	HGSV_167524	N	<INS>	<INS>	INS	70	PASS	0.000625	INFO_AF	HG02841	HG02839	HG02840	0/1	0/0	0/0	1	999	999
chr12	991279	991314	HGSV_167539	N	<INS>	<INS>	INS	56	PASS	0.005002	INFO_AF	NA07048	NA07034	NA07055	0/1	0/0	0/0	1	999	999
chr12	1404990	1405035	HGSV_167593	N	<INS>	<INS>	INS	176	PASS	0.005934	INFO_AF	NA19094	NA19092	NA19093	0/1	0/0	0/0	1	999	999
chr12	4899405	4899433	HGSV_167915	N	<INS:ME:ALU>	<INS:ME:ALU>	INS	278	PASS	0.001094	INFO_AF	NA18521	NA18522	NA18523	0/1	0/0	0/0	1	999	999
chr12	4967968	4968019	HGSV_167919	N	<INS:ME:ALU>	<INS:ME:ALU>	INS	87	PASS	0.00503	INFO_AF	NA19174	NA19117	NA19118	0/1	0/0	0/0	1	999	999
chr12	6092650	6092668	HGSV_168009	N	<INS>	<INS>	INS	51	PASS	0.000312	INFO_AF	NA19148	NA19146	NA19147	0/1	0/0	0/0	1	999	999
chr12	7346130	7346181	HGSV_168169	N	<INS:ME:ALU>	<INS:ME:ALU>	INS	281	PASS	0.009054	INFO_AF	HG03122	HG03120	HG03121	0/1	0/0	0/0	1	999	999
chr12	7399428	7399461	HGSV_168173	N	<INS>	<INS>	INS	50	PASS	0.00297	INFO_AF	HG00532	HG00530	HG00531	0/1	0/0	0/0	1	999	999
chr12	7399428	7399461	HGSV_168173	N	<INS>	<INS>	INS	50	PASS	0.00297	INFO_AF	HG03260	HG03258	HG03259	0/1	0/0	0/0	1	999	999
chr12	7478703	7478754	HGSV_168188	N	<INS:ME:ALU>	<INS:ME:ALU>	INS	281	PASS	0.004995	INFO_AF	NA19686	NA19685	NA19684	0/1	0/0	0/0	1	999	999
chr12	7651239	7651290	HGSV_168214	N	<INS:ME:ALU>	<INS:ME:ALU>	INS	280	PASS	0.005168	INFO_AF	HG02596	HG02594	HG02595	0/1	0/0	0/0	704	999	999
chr12	8547467	8547506	HGSV_168351	N	<INS:ME:ALU>	<INS:ME:ALU>	INS	279	PASS	0.003434	INFO_AF	HG01573	HG01571	HG01572	0/1	0/0	0/0	999	999	999
chr12	8547467	8547506	HGSV_168351	N	<INS:ME:ALU>	<INS:ME:ALU>	INS	279	PASS	0.003434	INFO_AF	HG01706	HG01708	HG01707	0/1	0/0	0/0	999	999	999
chr12	8547467	8547506	HGSV_168351	N	<INS:ME:ALU>	<INS:ME:ALU>	INS	279	PASS	0.003434	INFO_AF	HG01780	HG01781	HG01779	0/1	0/0	0/0	999	999	999
chr12	8547467	8547506	HGSV_168351	N	<INS:ME:ALU>	<INS:ME:ALU>	INS	279	PASS	0.003434	INFO_AF	HG01959	HG01986	HG01958	0/1	0/0	0/0	999	999	999
chr12	8547467	8547506	HGSV_168351	N	<INS:ME:ALU>	<INS:ME:ALU>	INS	279	PASS	0.003434	INFO_AF	HG02451	HG02449	HG02450	0/1	0/0	0/0	999	999	999
chr12	8547467	8547506	HGSV_168351	N	<INS:ME:ALU>	<INS:ME:ALU>	INS	279	PASS	0.003434	INFO_AF	HG02723	HG02721	HG02722	0/1	0/0	0/0	999	999	999
chr12	9403186	9403221	HGSV_168459	N	<INS>	<INS>	INS	69	PASS	0.005176	INFO_AF	HG01074	HG01072	HG01073	0/1	0/0	0/0	1	999	999
chr12	9403186	9403221	HGSV_168459	N	<INS>	<INS>	INS	69	PASS	0.005176	INFO_AF	HG01959	HG01986	HG01958	0/1	0/0	0/0	1	999	999
chr12	9403186	9403221	HGSV_168459	N	<INS>	<INS>	INS	69	PASS	0.005176	INFO_AF	HG02680	HG02678	HG02679	0/1	0/0	0/0	1	999	999
chr12	9403186	9403221	HGSV_168459	N	<INS>	<INS>	INS	69	PASS	0.005176	INFO_AF	HG02821	HG02819	HG02820	0/1	0/0	0/0	1	999	999
chr12	9403186	9403221	HGSV_168459	N	<INS>	<INS>	INS	69	PASS	0.005176	INFO_AF	HG02841	HG02839	HG02840	0/1	0/0	0/0	1	999	999
chr12	9403186	9403221	HGSV_168459	N	<INS>	<INS>	INS	69	PASS	0.005176	INFO_AF	HG03098	HG03096	HG03097	0/1	0/0	0/0	1	999	999
chr12	9403186	9403221	HGSV_168459	N	<INS>	<INS>	INS	69	PASS	0.005176	INFO_AF	HG03456	HG03454	HG03455	0/1	0/0	0/0	1	999	999
chr12	9403362	9403441	HGSV_168461	N	<INS>	<INS>	INS	80	PASS	0.008588	INFO_AF	NA19671	NA19670	NA19669	0/1	0/0	0/0	37	999	999
chr12	9404636	9404679	HGSV_168468	N	<INS>	<INS>	INS	60	PASS	0.009213	INFO_AF	HG00477	HG00475	HG00476	0/1	0/0	0/0	1	999	999
chr12	9404636	9404679	HGSV_168468	N	<INS>	<INS>	INS	60	PASS	0.009213	INFO_AF	HG00630	HG00628	HG00629	0/1	0/0	0/0	1	999	999
chr12	9404636	9404679	HGSV_168468	N	<INS>	<INS>	INS	60	PASS	0.009213	INFO_AF	HG01126	HG01124	HG01125	0/1	0/0	0/0	999	999	999
chr12	9404636	9404679	HGSV_168468	N	<INS>	<INS>	INS	60	PASS	0.009213	INFO_AF	HG01206	HG01204	HG01205	0/1	0/0	0/0	1	999	999
chr12	9404636	9404679	HGSV_168468	N	<INS>	<INS>	INS	60	PASS	0.009213	INFO_AF	HG02630	HG02628	HG02629	0/1	0/0	0/0	1	999	999
chr12	9404636	9404679	HGSV_168468	N	<INS>	<INS>	INS	60	PASS	0.009213	INFO_AF	HG03732	HG03727	HG03721	0/1	0/0	0/0	1	999	999
chr12	9404636	9404679	HGSV_168468	N	<INS>	<INS>	INS	60	PASS	0.009213	INFO_AF	HG03804	HG03803	HG03802	0/1	0/0	0/0	1	999	999
chr12	9404636	9404679	HGSV_168468	N	<INS>	<INS>	INS	60	PASS	0.009213	INFO_AF	NA12865	NA12874	NA12875	0/1	0/0	0/0	1	999	999
chr12	10145481	10145525	HGSV_168566	N	<INS:ME:ALU>	<INS:ME:ALU>	INS	261	PASS	0.007812	INFO_AF	HG01178	HG01176	HG01177	0/1	0/0	0/0	1	999	999
chr12	11579504	11579555	HGSV_168736	N	<INS:ME:ALU>	<INS:ME:ALU>	INS	280	PASS	0.008965	INFO_AF	HG02644	HG02642	HG02643	0/1	0/0	0/0	1	999	999
chr12	11579504	11579555	HGSV_168736	N	<INS:ME:ALU>	<INS:ME:ALU>	INS	280	PASS	0.008965	INFO_AF	HG02717	HG02715	HG02716	0/1	0/0	0/0	1	999	999
chr12	11579504	11579555	HGSV_168736	N	<INS:ME:ALU>	<INS:ME:ALU>	INS	280	PASS	0.008965	INFO_AF	HG03302	HG03301	HG03300	0/1	0/0	0/0	1	999	999
chr12	11579504	11579555	HGSV_168736	N	<INS:ME:ALU>	<INS:ME:ALU>	INS	280	PASS	0.008965	INFO_AF	HG03486	HG03484	HG03485	0/1	0/0	0/0	1	999	999
chr12	11579504	11579555	HGSV_168736	N	<INS:ME:ALU>	<INS:ME:ALU>	INS	280	PASS	0.008965	INFO_AF	HG03519	HG03518	HG03517	0/1	0/0	0/0	1	999	999
chr12	14219049	14219049	HGSV_168995	N	<INS:ME:ALU>	<INS:ME:ALU>	INS	323	PASS	0.004693	INFO_AF	NA18906	NA18877	NA18876	0/1	0/0	0/0	.	.	.
chr12	15119357	15119360	HGSV_169086	N	<INS:ME:ALU>	<INS:ME:ALU>	INS	280	PASS	0.000156	INFO_AF	HG03831	HG03830	HG03829	0/1	0/0	0/0	1	999	999
chr12	16510979	16510984	HGSV_169201	N	<INS:ME:ALU>	<INS:ME:ALU>	INS	261	PASS	0.004995	INFO_AF	HG00480	HG00478	HG00479	0/1	0/0	0/0	1	999	999
chr12	17157102	17157137	HGSV_169255	N	<INS>	<INS>	INS	313	PASS	0.000781	INFO_AF	HG03927	HG03926	HG03925	0/1	0/0	0/0	1	999	999
chr12	18730951	18731002	HGSV_169398	N	<INS:ME:ALU>	<INS:ME:ALU>	INS	218	PASS	0.000156	INFO_AF	HG02145	HG02143	HG02144	0/1	0/0	0/0	1	999	999
chr12	18739851	18739902	HGSV_169400	N	<INS:ME:ALU>	<INS:ME:ALU>	INS	281	PASS	0.008898	INFO_AF	HG02145	HG02143	HG02144	0/1	0/0	0/0	313	999	999
chr12	19434491	19434499	HGSV_169462	N	<INS:ME:ALU>	<INS:ME:ALU>	INS	270	PASS	0.002502	INFO_AF	HG03480	HG03478	HG03479	0/1	0/0	0/0	1	999	999
chr12	19434513	19434564	HGSV_169463	N	<INS>	<INS>	INS	318	PASS	0.001408	INFO_AF	HG02463	HG02461	HG02462	0/1	0/0	0/0	1	999	999
chr12	19434513	19434564	HGSV_169463	N	<INS>	<INS>	INS	318	PASS	0.001408	INFO_AF	HG02584	HG02582	HG02583	0/1	0/0	0/0	1	999	999
chr12	19581801	19581820	HGSV_169479	N	<INS:ME:ALU>	<INS:ME:ALU>	INS	281	PASS	0.002029	INFO_AF	NA12865	NA12874	NA12875	0/1	0/0	0/0	1	999	999
chr12	21154098	21154119	HGSV_169621	N	<INS:ME:ALU>	<INS:ME:ALU>	INS	280	PASS	0.003285	INFO_AF	HG01987	HG01990	HG02012	0/1	0/0	0/0	1	999	999
chr12	22045463	22045477	HGSV_169709	N	<INS:ME:ALU>	<INS:ME:ALU>	INS	281	PASS	0.000156	INFO_AF	HG02080	HG02082	HG02081	0/1	0/0	0/0	1	999	999
chr12	22063681	22063732	HGSV_169713	N	<INS:ME:ALU>	<INS:ME:ALU>	INS	280	PASS	0.003762	INFO_AF	HG02622	HG02620	HG02621	0/1	0/0	0/0	1	999	999
chr12	22063681	22063732	HGSV_169713	N	<INS:ME:ALU>	<INS:ME:ALU>	INS	280	PASS	0.003762	INFO_AF	NA19924	NA19922	NA19923	0/1	0/0	0/0	1	999	999
chr12	22755761	22755761	HGSV_169758	N	<INS>	<INS>	INS	118	PASS	0.00142	INFO_AF	HG02668	HG02666	HG02667	0/1	0/0	0/0	.	.	.
chr12	25302548	25302599	HGSV_169968	N	<INS:ME:ALU>	<INS:ME:ALU>	INS	197	PASS	0.001249	INFO_AF	NA12832	NA12842	NA12843	0/1	0/0	0/0	1	999	999
chr12	25721333	25721342	HGSV_170019	N	<INS:ME:ALU>	<INS:ME:ALU>	INS	281	PASS	0.003122	INFO_AF	HG01056	HG01054	HG01055	0/1	0/0	0/0	1	999	999
chr12	26485048	26485099	HGSV_170081	N	<INS:ME:ALU>	<INS:ME:ALU>	INS	281	PASS	0.007432	INFO_AF	HG00642	HG00640	HG00641	0/1	0/0	0/0	1	999	999
chr12	26485048	26485099	HGSV_170081	N	<INS:ME:ALU>	<INS:ME:ALU>	INS	281	PASS	0.007432	INFO_AF	HG01273	HG01271	HG01272	0/1	0/0	0/0	1	999	999
chr12	26485048	26485099	HGSV_170081	N	<INS:ME:ALU>	<INS:ME:ALU>	INS	281	PASS	0.007432	INFO_AF	HG01888	HG01882	HG01883	0/1	0/0	0/0	1	999	999
chr12	26485048	26485099	HGSV_170081	N	<INS:ME:ALU>	<INS:ME:ALU>	INS	281	PASS	0.007432	INFO_AF	HG01960	HG01988	HG01989	0/1	0/0	0/0	1	999	999
chr12	26485048	26485099	HGSV_170081	N	<INS:ME:ALU>	<INS:ME:ALU>	INS	281	PASS	0.007432	INFO_AF	HG02615	HG02613	HG02614	0/1	0/0	0/0	1	999	999
chr12	26485048	26485099	HGSV_170081	N	<INS:ME:ALU>	<INS:ME:ALU>	INS	281	PASS	0.007432	INFO_AF	HG03170	HG03169	HG03168	0/1	0/0	0/0	1	999	999
chr12	26485048	26485099	HGSV_170081	N	<INS:ME:ALU>	<INS:ME:ALU>	INS	281	PASS	0.007432	INFO_AF	HG03272	HG03271	HG03270	0/1	0/0	0/0	1	999	999
chr12	26485048	26485099	HGSV_170081	N	<INS:ME:ALU>	<INS:ME:ALU>	INS	281	PASS	0.007432	INFO_AF	HG03350	HG03352	HG03351	0/1	0/0	0/0	1	999	999
chr12	26485048	26485099	HGSV_170081	N	<INS:ME:ALU>	<INS:ME:ALU>	INS	281	PASS	0.007432	INFO_AF	HG03453	HG03451	HG03452	0/1	0/0	0/0	1	999	999
chr12	26485048	26485099	HGSV_170081	N	<INS:ME:ALU>	<INS:ME:ALU>	INS	281	PASS	0.007432	INFO_AF	HG03456	HG03454	HG03455	0/1	0/0	0/0	1	999	999
chr12	26485048	26485099	HGSV_170081	N	<INS:ME:ALU>	<INS:ME:ALU>	INS	281	PASS	0.007432	INFO_AF	NA18485	NA18487	NA18489	0/1	0/0	0/0	1	999	999
chr12	26485048	26485099	HGSV_170081	N	<INS:ME:ALU>	<INS:ME:ALU>	INS	281	PASS	0.007432	INFO_AF	NA18872	NA18871	NA18870	0/1	0/0	0/0	208	999	999
chr12	26485048	26485099	HGSV_170081	N	<INS:ME:ALU>	<INS:ME:ALU>	INS	281	PASS	0.007432	INFO_AF	NA18875	NA18874	NA18873	0/1	0/0	0/0	1	999	999
chr12	28442037	28442088	HGSV_170255	N	<INS:ME:ALU>	<INS:ME:ALU>	INS	279	PASS	0.000781	INFO_AF	HG02975	HG02973	HG02974	0/1	0/0	0/0	1	999	999
chr12	28695259	28695305	HGSV_170280	N	<INS>	<INS>	INS	508	PASS	0.004531	INFO_AF	HG03516	HG03515	HG03514	0/1	0/0	0/0	1	999	999
chr12	28695259	28695305	HGSV_170280	N	<INS>	<INS>	INS	508	PASS	0.004531	INFO_AF	NA18518	NA18519	NA18520	0/1	0/0	0/0	1	999	999
chr12	29892969	29893020	HGSV_170385	N	<INS:ME:ALU>	<INS:ME:ALU>	INS	122	PASS	0.004371	INFO_AF	HG02575	HG02573	HG02574	0/1	0/0	0/0	1	999	999
chr12	31972460	31972492	HGSV_170614	N	<INS>	<INS>	INS	138	PASS	0.000781	INFO_AF	HG02838	HG02836	HG02837	0/1	0/0	0/0	1	999	999
chr12	32864052	32864103	HGSV_170745	N	<INS:ME:ALU>	<INS:ME:ALU>	INS	281	PASS	0.002188	INFO_AF	HG02856	HG02854	HG02855	0/1	0/0	0/0	1	999	999
chr12	32901740	32901791	HGSV_170751	N	<INS:ME:ALU>	<INS:ME:ALU>	INS	257	PASS	0.000312	INFO_AF	HG02818	HG02816	HG02817	0/1	0/0	0/0	1	999	999
chr12	39117511	39117562	HGSV_171027	N	<INS:ME:ALU>	<INS:ME:ALU>	INS	281	PASS	0.008117	INFO_AF	HG03834	HG03833	HG03832	0/1	0/0	0/0	546	999	999
chr12	39651397	39651448	HGSV_171068	N	<INS:ME:ALU>	<INS:ME:ALU>	INS	281	PASS	0.007692	INFO_AF	HG00733	HG00731	HG00732	0/1	0/0	0/0	1	999	999
chr12	43673774	43673825	HGSV_171415	N	<INS:ME:ALU>	<INS:ME:ALU>	INS	281	PASS	0.001562	INFO_AF	HG01169	HG01167	HG01168	0/1	0/0	0/0	1	999	999
chr12	44751710	44751761	HGSV_171523	N	<INS:ME:ALU>	<INS:ME:ALU>	INS	281	PASS	0.000312	INFO_AF	HG01987	HG01990	HG02012	0/1	0/0	0/0	1	999	999
chr12	45558709	45558713	HGSV_171590	N	<INS>	<INS>	INS	318	PASS	0.003756	INFO_AF	HG02644	HG02642	HG02643	0/1	0/0	0/0	1	999	999
chr12	45558709	45558713	HGSV_171590	N	<INS>	<INS>	INS	318	PASS	0.003756	INFO_AF	HG03041	HG03039	HG03040	0/1	0/0	0/0	41	999	999
chr12	45558709	45558713	HGSV_171590	N	<INS>	<INS>	INS	318	PASS	0.003756	INFO_AF	HG03137	HG03136	HG03135	0/1	0/0	0/0	1	999	999
chr12	45558709	45558713	HGSV_171590	N	<INS>	<INS>	INS	318	PASS	0.003756	INFO_AF	NA18860	NA18859	NA18858	0/1	0/0	0/0	1	999	999
chr12	46883554	46883605	HGSV_171694	N	<INS:ME:ALU>	<INS:ME:ALU>	INS	280	PASS	0.002344	INFO_AF	NA19129	NA19128	NA19127	0/1	0/0	0/0	1	999	999
chr12	49837736	49837787	HGSV_171992	N	<INS:ME:ALU>	<INS:ME:ALU>	INS	281	PASS	0.003438	INFO_AF	HG02622	HG02620	HG02621	0/1	0/0	0/0	1	999	999
chr12	49837736	49837787	HGSV_171992	N	<INS:ME:ALU>	<INS:ME:ALU>	INS	281	PASS	0.003438	INFO_AF	NA19186	NA19184	NA19185	0/1	0/0	0/0	1	999	999
chr12	50161792	50161807	HGSV_172035	N	<INS>	<INS>	INS	289	PASS	0.007337	INFO_AF	HG00702	HG00656	HG00657	0/1	0/0	0/0	1	999	999
chr12	51247073	51247124	HGSV_172161	N	<INS:ME:ALU>	<INS:ME:ALU>	INS	280	PASS	0.000156	INFO_AF	NA19240	NA19239	NA19238	0/1	0/0	0/0	1	999	999
chr12	52463566	52463617	HGSV_172260	N	<INS:ME:ALU>	<INS:ME:ALU>	INS	281	PASS	0.000624	INFO_AF	NA19208	NA19207	NA19206	0/1	0/0	0/0	1	999	999
chr12	55671330	55671364	HGSV_172586	N	<INS>	<INS>	INS	324	PASS	0.002972	INFO_AF	HG01891	HG01890	HG01889	0/1	0/0	0/0	1	999	999
chr12	55671330	55671364	HGSV_172586	N	<INS>	<INS>	INS	324	PASS	0.002972	INFO_AF	HG02978	HG02977	HG02976	0/1	0/0	0/0	1	999	999
chr12	55671330	55671364	HGSV_172586	N	<INS>	<INS>	INS	324	PASS	0.002972	INFO_AF	HG03308	HG03307	HG03306	0/1	0/0	0/0	1	999	999
chr12	55671330	55671364	HGSV_172586	N	<INS>	<INS>	INS	324	PASS	0.002972	INFO_AF	NA18515	NA18516	NA18517	0/1	0/0	0/0	1	999	999
chr12	56546356	56546390	HGSV_172690	N	<INS>	<INS>	INS	53	PASS	0.003905	INFO_AF	HG03026	HG03024	HG03025	0/1	0/0	0/0	1	999	999
chr12	60818999	60819050	HGSV_173062	N	<INS:ME:ALU>	<INS:ME:ALU>	INS	119	PASS	0.003441	INFO_AF	HG02316	HG02317	HG02318	0/1	0/0	0/0	1	999	999
chr12	60818999	60819050	HGSV_173062	N	<INS:ME:ALU>	<INS:ME:ALU>	INS	119	PASS	0.003441	INFO_AF	HG02587	HG02585	HG02586	0/1	0/0	0/0	1	999	999
chr12	63797312	63797319	HGSV_173330	N	<INS>	<INS>	INS	312	PASS	0.003278	INFO_AF	HG03576	HG03574	HG03575	0/1	0/0	0/0	1	999	999
chr12	65024241	65024292	HGSV_173445	N	<INS:ME:ALU>	<INS:ME:ALU>	INS	281	PASS	0.00453	INFO_AF	HG01887	HG02014	HG01886	0/1	0/0	0/0	897	999	999
chr12	66985284	66985335	HGSV_173592	N	<INS:ME:ALU>	<INS:ME:ALU>	INS	281	PASS	0.005308	INFO_AF	HG03131	HG03130	HG03129	0/1	0/0	0/0	1	999	999
chr12	67284726	67284762	HGSV_173617	N	<INS>	<INS>	INS	85	PASS	0.00282	INFO_AF	HG01184	HG01182	HG01183	0/1	0/0	0/0	1	999	999
chr12	67284726	67284762	HGSV_173617	N	<INS>	<INS>	INS	85	PASS	0.00282	INFO_AF	HG01622	HG01624	HG01623	0/1	0/0	0/0	1	999	999
chr12	67284726	67284762	HGSV_173617	N	<INS>	<INS>	INS	85	PASS	0.00282	INFO_AF	HG01748	HG01747	HG01746	0/1	0/0	0/0	1	999	999
chr12	67284726	67284762	HGSV_173617	N	<INS>	<INS>	INS	85	PASS	0.00282	INFO_AF	HG02897	HG02895	HG02896	0/1	0/0	0/0	1	999	999
chr12	67284726	67284762	HGSV_173617	N	<INS>	<INS>	INS	85	PASS	0.00282	INFO_AF	NA10859	NA11881	NA11882	0/1	0/0	0/0	1	999	999
chr12	67852136	67852187	HGSV_173669	N	<INS:ME:ALU>	<INS:ME:ALU>	INS	280	PASS	0.003604	INFO_AF	HG01891	HG01890	HG01889	0/1	0/0	0/0	1	999	999
chr12	67858302	67858353	HGSV_173671	N	<INS:ME:ALU>	<INS:ME:ALU>	INS	279	PASS	0.007337	INFO_AF	HG02806	HG02804	HG02805	0/1	0/0	0/0	1	999	999
chr12	67858302	67858353	HGSV_173671	N	<INS:ME:ALU>	<INS:ME:ALU>	INS	279	PASS	0.007337	INFO_AF	NA18863	NA18862	NA18861	0/1	0/0	0/0	1	999	999
chr12	69286076	69286127	HGSV_173780	N	<INS:ME:ALU>	<INS:ME:ALU>	INS	281	PASS	0.002812	INFO_AF	HG02889	HG02887	HG02888	0/1	0/0	0/0	1	999	999
chr12	69461815	69461866	HGSV_173792	N	<INS:ME:ALU>	<INS:ME:ALU>	INS	279	PASS	0.004074	INFO_AF	HG03197	HG03196	HG03195	0/1	0/0	0/0	263	999	999
chr12	70896221	70896272	HGSV_173914	N	<INS:ME:ALU>	<INS:ME:ALU>	INS	272	PASS	0.000781	INFO_AF	HG02862	HG02860	HG02861	0/1	0/0	0/0	1	999	999
chr12	73442199	73442259	HGSV_174104	N	<INS>	<INS>	INS	58	PASS	0.000156	INFO_AF	HG02761	HG02759	HG02760	0/1	0/0	0/0	1	999	999
chr12	73459028	73459079	HGSV_174107	N	<INS:ME:ALU>	<INS:ME:ALU>	INS	280	PASS	0.000156	INFO_AF	HG01071	HG01069	HG01070	0/1	0/0	0/0	1	999	999
chr12	75288360	75288411	HGSV_174289	N	<INS:ME:ALU>	<INS:ME:ALU>	INS	280	PASS	0.004078	INFO_AF	HG03041	HG03039	HG03040	0/1	0/0	0/0	203	999	999
chr12	75495820	75495820	HGSV_174298	N	<INS>	<INS>	INS	325	PASS	0.005479	INFO_AF	HG02776	HG02774	HG02775	0/1	0/0	0/0	.	.	.
chr12	77146719	77146770	HGSV_174434	N	<INS:ME:ALU>	<INS:ME:ALU>	INS	281	PASS	0.009712	INFO_AF	HG02584	HG02582	HG02583	0/1	0/0	0/0	1	999	999
chr12	77146719	77146770	HGSV_174434	N	<INS:ME:ALU>	<INS:ME:ALU>	INS	281	PASS	0.009712	INFO_AF	HG02680	HG02678	HG02679	0/1	0/0	0/0	41	999	999
chr12	78152201	78152252	HGSV_174503	N	<INS:ME:ALU>	<INS:ME:ALU>	INS	281	PASS	0.007832	INFO_AF	HG01884	HG01885	HG01956	0/1	0/0	0/0	1	999	999
chr12	78152201	78152252	HGSV_174503	N	<INS:ME:ALU>	<INS:ME:ALU>	INS	281	PASS	0.007832	INFO_AF	HG03453	HG03451	HG03452	0/1	0/0	0/0	1	999	999
chr12	78152201	78152252	HGSV_174503	N	<INS:ME:ALU>	<INS:ME:ALU>	INS	281	PASS	0.007832	INFO_AF	NA19132	NA19130	NA19131	0/1	0/0	0/0	1	999	999
chr12	78152201	78152252	HGSV_174503	N	<INS:ME:ALU>	<INS:ME:ALU>	INS	281	PASS	0.007832	INFO_AF	NA19237	NA19236	NA19235	0/1	0/0	0/0	522	999	999
chr12	78517509	78517560	HGSV_174530	N	<INS:ME:ALU>	<INS:ME:ALU>	INS	279	PASS	0.004839	INFO_AF	HG02225	HG02224	HG02223	0/1	0/0	0/0	1	999	999
chr12	79395715	79395766	HGSV_174609	N	<INS:ME:ALU>	<INS:ME:ALU>	INS	277	PASS	0.003599	INFO_AF	HG02948	HG02947	HG02946	0/1	0/0	0/0	1	999	999
chr12	79395715	79395766	HGSV_174609	N	<INS:ME:ALU>	<INS:ME:ALU>	INS	277	PASS	0.003599	INFO_AF	HG02984	HG02982	HG02983	0/1	0/0	0/0	1	999	999
chr12	79637557	79637608	HGSV_174637	N	<INS:ME:ALU>	<INS:ME:ALU>	INS	279	PASS	0.005646	INFO_AF	HG01074	HG01072	HG01073	0/1	0/0	0/0	667	999	999
chr12	79637557	79637608	HGSV_174637	N	<INS:ME:ALU>	<INS:ME:ALU>	INS	279	PASS	0.005646	INFO_AF	NA19836	NA19834	NA19835	0/1	0/0	0/0	314	999	999
chr12	82294377	82294428	HGSV_174861	N	<INS:ME:ALU>	<INS:ME:ALU>	INS	280	PASS	0.001249	INFO_AF	HG02636	HG02634	HG02635	0/1	0/0	0/0	1	999	999
chr12	83045750	83045777	HGSV_174930	N	<INS>	<INS>	INS	53	PASS	0.000156	INFO_AF	HG03251	HG03249	HG03250	0/1	0/0	0/0	1	999	999
chr12	83045756	83045777	HGSV_174931	N	<INS>	<INS>	INS	53	PASS	0.004528	INFO_AF	HG01273	HG01271	HG01272	0/1	0/0	0/0	1	999	999
chr12	83045756	83045777	HGSV_174931	N	<INS>	<INS>	INS	53	PASS	0.004528	INFO_AF	HG02980	HG02981	HG02979	0/1	0/0	0/0	1	999	999
chr12	83045756	83045777	HGSV_174931	N	<INS>	<INS>	INS	53	PASS	0.004528	INFO_AF	HG03197	HG03196	HG03195	0/1	0/0	0/0	1	999	999
chr12	83045756	83045777	HGSV_174931	N	<INS>	<INS>	INS	53	PASS	0.004528	INFO_AF	NA19221	NA19223	NA19222	0/1	0/0	0/0	1	999	999
chr12	83071338	83071371	HGSV_174935	N	<INS>	<INS>	INS	330	PASS	0.001718	INFO_AF	NA20128	NA20126	NA20127	0/1	0/0	0/0	1	999	999
chr12	86952033	86952084	HGSV_175261	N	<INS:ME:ALU>	<INS:ME:ALU>	INS	281	PASS	0.003287	INFO_AF	HG02148	HG02146	HG02147	0/1	0/0	0/0	149	999	999
chr12	87124920	87124971	HGSV_175277	N	<INS:ME:ALU>	<INS:ME:ALU>	INS	281	PASS	0.001407	INFO_AF	HG03137	HG03136	HG03135	0/1	0/0	0/0	1	999	999
chr12	88185719	88185770	HGSV_175374	N	<INS:ME:ALU>	<INS:ME:ALU>	INS	126	PASS	0.009366	INFO_AF	HG01385	HG01383	HG01384	0/1	0/0	0/0	72	999	999
chr12	88185719	88185770	HGSV_175374	N	<INS:ME:ALU>	<INS:ME:ALU>	INS	126	PASS	0.009366	INFO_AF	HG01532	HG01530	HG01531	0/1	0/0	0/0	1	999	999
chr12	88209672	88209723	HGSV_175376	N	<INS:ME:LINE1>	<INS:ME:LINE1>	INS	5963	PASS	0.005182	INFO_AF	HG01888	HG01882	HG01883	0/1	0/0	0/0	1	999	999
chr12	88209672	88209723	HGSV_175376	N	<INS:ME:LINE1>	<INS:ME:LINE1>	INS	5963	PASS	0.005182	INFO_AF	NA18930	NA18917	NA18916	0/1	0/0	0/0	1	999	999
chr12	90187221	90187272	HGSV_175515	N	<INS:ME:ALU>	<INS:ME:ALU>	INS	279	PASS	0.000781	INFO_AF	HG02587	HG02585	HG02586	0/1	0/0	0/0	1	999	999
chr12	92287558	92287560	HGSV_175708	N	<INS>	<INS>	INS	320	PASS	0.002654	INFO_AF	HG02636	HG02634	HG02635	0/1	0/0	0/0	1	999	999
chr12	92287558	92287560	HGSV_175708	N	<INS>	<INS>	INS	320	PASS	0.002654	INFO_AF	NA19983	NA19982	NA19713	0/1	0/0	0/0	1	999	999
chr12	92402963	92403014	HGSV_175722	N	<INS:ME:ALU>	<INS:ME:ALU>	INS	280	PASS	0.009054	INFO_AF	HG02011	HG02009	HG02010	0/1	0/0	0/0	1	999	999
chr12	95195695	95195740	HGSV_175942	N	<INS>	<INS>	INS	197	PASS	0.009546	INFO_AF	HG01081	HG01079	HG01080	0/1	0/0	0/0	1	999	999
chr12	95195695	95195740	HGSV_175942	N	<INS>	<INS>	INS	197	PASS	0.009546	INFO_AF	HG01674	HG01675	HG01673	0/1	0/0	0/0	1	999	999
chr12	95195695	95195740	HGSV_175942	N	<INS>	<INS>	INS	197	PASS	0.009546	INFO_AF	HG01943	HG01941	HG01942	0/1	0/0	0/0	1	999	999
chr12	95195695	95195740	HGSV_175942	N	<INS>	<INS>	INS	197	PASS	0.009546	INFO_AF	HG02686	HG02684	HG02685	0/1	0/0	0/0	1	999	999
chr12	95257840	95257891	HGSV_175945	N	<INS:ME:ALU>	<INS:ME:ALU>	INS	280	PASS	0.001563	INFO_AF	NA19132	NA19130	NA19131	0/1	0/0	0/0	1	999	999
chr12	96953550	96953601	HGSV_176090	N	<INS:ME:ALU>	<INS:ME:ALU>	INS	280	PASS	0.004059	INFO_AF	HG03113	HG03112	HG03111	0/1	0/0	0/0	49	999	999
chr12	97356481	97356532	HGSV_176124	N	<INS:ME:ALU>	<INS:ME:ALU>	INS	280	PASS	0.000624	INFO_AF	HG00579	HG00577	HG00578	0/1	0/0	0/0	1	999	999
chr12	100132119	100132170	HGSV_176358	N	<INS:ME:ALU>	<INS:ME:ALU>	INS	253	PASS	0.000156	INFO_AF	NA19733	NA19732	NA19731	0/1	0/0	0/0	1	999	999
chr12	102441956	102442001	HGSV_176534	N	<INS>	<INS>	INS	70	PASS	0.002504	INFO_AF	HG02293	HG02291	HG02292	0/1	0/0	0/0	1	999	999
chr12	102695517	102695568	HGSV_176552	N	<INS:ME:ALU>	<INS:ME:ALU>	INS	281	PASS	0.003438	INFO_AF	HG03041	HG03039	HG03040	0/1	0/0	0/0	1	999	999
chr12	105756139	105756170	HGSV_176809	N	<INS>	<INS>	INS	60	PASS	0.00989	INFO_AF	HG02630	HG02628	HG02629	0/1	0/0	0/0	1	999	999
chr12	105756139	105756170	HGSV_176809	N	<INS>	<INS>	INS	60	PASS	0.00989	INFO_AF	NA20128	NA20126	NA20127	0/1	0/0	0/0	1	999	999
chr12	106086078	106086129	HGSV_176832	N	<INS:ME:ALU>	<INS:ME:ALU>	INS	277	PASS	0.00125	INFO_AF	NA19115	NA19113	NA19114	0/1	0/0	0/0	1	999	999
chr12	107549464	107549515	HGSV_176925	N	<INS:ME:ALU>	<INS:ME:ALU>	INS	281	PASS	0.000312	INFO_AF	HG01141	HG01139	HG01140	0/1	0/0	0/0	1	999	999
chr12	107549464	107549515	HGSV_176925	N	<INS:ME:ALU>	<INS:ME:ALU>	INS	281	PASS	0.000312	INFO_AF	HG01763	HG01761	HG01762	0/1	0/0	0/0	1	999	999
chr12	107915415	107915451	HGSV_176961	N	<INS>	<INS>	INS	54	PASS	0.003746	INFO_AF	HG02785	HG02783	HG02784	0/1	0/0	0/0	1	999	999
chr12	108046640	108046691	HGSV_176970	N	<INS:ME:ALU>	<INS:ME:ALU>	INS	281	PASS	0.005488	INFO_AF	HG01050	HG01048	HG01049	0/1	0/0	0/0	149	999	999
chr12	108444072	108444123	HGSV_177000	N	<INS:ME:ALU>	<INS:ME:ALU>	INS	280	PASS	0.009359	INFO_AF	HG03732	HG03727	HG03721	0/1	0/0	0/0	1	999	999
chr12	116341545	116341558	HGSV_177690	N	<INS>	<INS>	INS	299	PASS	0.000625	INFO_AF	NA18497	NA18498	NA18499	0/1	0/0	0/0	1	999	999
chr12	116541836	116541877	HGSV_177711	N	<INS>	<INS>	INS	314	PASS	0.000937	INFO_AF	HG03344	HG03343	HG03342	0/1	0/0	0/0	1	999	999
chr12	117456903	117456954	HGSV_177791	N	<INS:ME:ALU>	<INS:ME:ALU>	INS	279	PASS	0.002813	INFO_AF	HG03299	HG03298	HG03297	0/1	0/0	0/0	1	999	999
chr12	117947591	117947642	HGSV_177822	N	<INS:ME:ALU>	<INS:ME:ALU>	INS	279	PASS	0.005321	INFO_AF	HG02924	HG02923	HG02922	0/1	0/0	0/0	1	999	999
chr12	117947591	117947642	HGSV_177822	N	<INS:ME:ALU>	<INS:ME:ALU>	INS	279	PASS	0.005321	INFO_AF	NA18863	NA18862	NA18861	0/1	0/0	0/0	1	999	999
chr12	121124625	121124676	HGSV_178106	N	<INS:ME:ALU>	<INS:ME:ALU>	INS	281	PASS	0.000156	INFO_AF	HG03296	HG03295	HG03294	0/1	0/0	0/0	1	999	999
chr12	124816251	124816302	HGSV_178541	N	<INS:ME:ALU>	<INS:ME:ALU>	INS	280	PASS	0.005156	INFO_AF	HG01249	HG01110	HG01111	0/1	0/0	0/0	847	999	999
chr12	128122431	128122482	HGSV_178880	N	<INS:ME:ALU>	<INS:ME:ALU>	INS	78	PASS	0.002029	INFO_AF	NA19139	NA19138	NA19137	0/1	0/0	0/0	1	999	999
chr12	128139597	128139648	HGSV_178883	N	<INS:ME:ALU>	<INS:ME:ALU>	INS	280	PASS	0.005151	INFO_AF	HG01601	HG01603	HG01602	0/1	0/0	0/0	1	999	999
chr12	130309864	130309898	HGSV_179097	N	<INS:ME:SVA>	<INS:ME:SVA>	INS	234	PASS	0.004997	INFO_AF	HG00658	HG00656	HG00657	0/1	0/0	0/0	1	999	999
chr12	130309864	130309898	HGSV_179097	N	<INS:ME:SVA>	<INS:ME:SVA>	INS	234	PASS	0.004997	INFO_AF	HG00702	HG00656	HG00657	0/1	0/0	0/0	1	999	999
chr12	130384853	130384904	HGSV_179100	N	<INS:ME:ALU>	<INS:ME:ALU>	INS	56	PASS	0.006244	INFO_AF	HG02800	HG02798	HG02799	0/1	0/0	0/0	1	999	999
chr12	130980099	130980135	HGSV_179167	N	<INS:ME:ALU>	<INS:ME:ALU>	INS	279	PASS	0.005464	INFO_AF	NA10836	NA12274	NA12275	0/1	0/0	0/0	1	999	999
chr12	131393771	131393771	HGSV_179238	N	<INS>	<INS>	INS	114	PASS	0.000485	INFO_AF	HG03453	HG03451	HG03452	0/1	0/0	0/0	.	.	.
chr12	131477630	131477647	HGSV_179255	N	<INS>	<INS>	INS	81	PASS	0.00726	INFO_AF	HG00706	HG00704	HG00705	0/1	0/0	0/0	1	999	999
chr12	131477630	131477647	HGSV_179255	N	<INS>	<INS>	INS	81	PASS	0.00726	INFO_AF	HG02018	HG02020	HG02019	0/1	0/0	0/0	1	999	999
chr12	131477630	131477647	HGSV_179255	N	<INS>	<INS>	INS	81	PASS	0.00726	INFO_AF	HG02647	HG02645	HG02646	0/1	0/0	0/0	1	999	999
chr12	131477630	131477647	HGSV_179255	N	<INS>	<INS>	INS	81	PASS	0.00726	INFO_AF	HG03050	HG03048	HG03049	0/1	0/0	0/0	1	999	999
chr12	131477630	131477647	HGSV_179255	N	<INS>	<INS>	INS	81	PASS	0.00726	INFO_AF	HG03516	HG03515	HG03514	0/1	0/0	0/0	1	999	999
chr12	131477630	131477647	HGSV_179255	N	<INS>	<INS>	INS	81	PASS	0.00726	INFO_AF	NA10851	NA12056	NA12057	0/1	0/0	0/0	1	999	999
chr12	131477630	131477647	HGSV_179255	N	<INS>	<INS>	INS	81	PASS	0.00726	INFO_AF	NA18863	NA18862	NA18861	0/1	0/0	0/0	1	999	999
chr12	131477630	131477647	HGSV_179255	N	<INS>	<INS>	INS	81	PASS	0.00726	INFO_AF	NA18925	NA18923	NA18924	0/1	0/0	0/0	1	999	999
chr13	18214684	18214684	HGSV_179667	N	<INS>	<INS>	INS	489	PASS	0.000318	INFO_AF	HG02948	HG02947	HG02946	0/1	0/0	0/0	.	.	.
chr13	19607371	19607422	HGSV_179769	N	<INS>	<INS>	INS	243	PASS	0.007514	INFO_AF	HG03098	HG03096	HG03097	0/1	0/0	0/0	1	999	999
chr13	20056695	20056746	HGSV_179820	N	<INS:ME:ALU>	<INS:ME:ALU>	INS	281	PASS	0.007961	INFO_AF	HG03161	HG03160	HG03159	0/1	0/0	0/0	696	999	999
chr13	21725894	21725960	HGSV_180008	N	<INS>	<INS>	INS	89	PASS	0.001252	INFO_AF	NA10830	NA12154	NA12236	0/1	0/0	0/0	1	999	999
chr13	22354836	22354887	HGSV_180069	N	<INS:ME:ALU>	<INS:ME:ALU>	INS	279	PASS	0.004839	INFO_AF	HG02770	HG02768	HG02769	0/1	0/0	0/0	1	999	999
chr13	24460529	24460552	HGSV_180323	N	<INS>	<INS>	INS	90	PASS	0.003442	INFO_AF	NA12877	NA12889	NA12890	0/1	0/0	0/0	1	999	999
chr13	25031981	25032029	HGSV_180398	N	<INS>	<INS>	INS	58	PASS	0.007181	INFO_AF	HG02735	HG02733	HG02734	0/1	0/0	0/0	1	999	999
chr13	28106979	28106986	HGSV_180667	N	<INS:ME:ALU>	<INS:ME:ALU>	INS	281	PASS	0.006884	INFO_AF	HG02225	HG02224	HG02223	0/1	0/0	0/0	1	999	999
chr13	28106979	28106986	HGSV_180667	N	<INS:ME:ALU>	<INS:ME:ALU>	INS	281	PASS	0.006884	INFO_AF	HG03596	HG03594	HG03595	0/1	0/0	0/0	1	999	999
chr13	31335867	31335918	HGSV_180960	N	<INS:ME:ALU>	<INS:ME:ALU>	INS	281	PASS	0.008642	INFO_AF	NA10859	NA11881	NA11882	0/1	0/0	0/0	1	999	999
chr13	35366651	35366702	HGSV_181256	N	<INS:ME:ALU>	<INS:ME:ALU>	INS	281	PASS	0.007025	INFO_AF	HG03197	HG03196	HG03195	0/1	0/0	0/0	1	999	999
chr13	35366651	35366702	HGSV_181256	N	<INS:ME:ALU>	<INS:ME:ALU>	INS	281	PASS	0.007025	INFO_AF	HG03310	HG03311	HG03309	0/1	0/0	0/0	1	999	999
chr13	36059439	36059490	HGSV_181305	N	<INS:ME:ALU>	<INS:ME:ALU>	INS	281	PASS	0.006725	INFO_AF	NA19983	NA19982	NA19713	0/1	0/0	0/0	1	999	999
chr13	38717596	38717623	HGSV_181517	N	<INS>	<INS>	INS	311	PASS	0.00406	INFO_AF	HG03516	HG03515	HG03514	0/1	0/0	0/0	1	999	999
chr13	39712422	39712473	HGSV_181578	N	<INS:ME:ALU>	<INS:ME:ALU>	INS	280	PASS	0.003438	INFO_AF	HG03116	HG03115	HG03114	0/1	0/0	0/0	1	999	999
chr13	39712422	39712473	HGSV_181578	N	<INS:ME:ALU>	<INS:ME:ALU>	INS	280	PASS	0.003438	INFO_AF	NA19186	NA19184	NA19185	0/1	0/0	0/0	1	999	999
chr13	39984803	39984804	HGSV_181592	N	<INS>	<INS>	INS	63	PASS	0.000156	INFO_AF	NA18930	NA18917	NA18916	0/1	0/0	0/0	1	999	999
chr13	41924934	41924950	HGSV_181801	N	<INS>	<INS>	INS	83	PASS	0.007498	INFO_AF	NA19202	NA19200	NA19201	0/1	0/0	0/0	421	999	999
chr13	42827792	42827840	HGSV_181883	N	<INS>	<INS>	INS	79	PASS	0.000468	INFO_AF	HG01493	HG01491	HG01492	0/1	0/0	0/0	1	999	999
chr13	42906858	42906909	HGSV_181899	N	<INS:ME:ALU>	<INS:ME:ALU>	INS	280	PASS	0.001874	INFO_AF	NA19757	NA19756	NA19755	0/1	0/0	0/0	1	999	999
chr13	43051505	43051556	HGSV_181923	N	<INS:ME:ALU>	<INS:ME:ALU>	INS	266	PASS	0.000468	INFO_AF	HG03617	HG03615	HG03616	0/1	0/0	0/0	1	999	999
chr13	44995428	44995479	HGSV_182077	N	<INS:ME:ALU>	<INS:ME:ALU>	INS	280	PASS	0.004845	INFO_AF	HG00453	HG00451	HG00452	0/1	0/0	0/0	1	999	999
chr13	44995428	44995479	HGSV_182077	N	<INS:ME:ALU>	<INS:ME:ALU>	INS	280	PASS	0.004845	INFO_AF	HG00658	HG00656	HG00657	0/1	0/0	0/0	1	999	999
chr13	44995428	44995479	HGSV_182077	N	<INS:ME:ALU>	<INS:ME:ALU>	INS	280	PASS	0.004845	INFO_AF	HG00702	HG00656	HG00657	0/1	0/0	0/0	149	999	999
chr13	45004984	45005032	HGSV_182079	N	<INS:ME:ALU>	<INS:ME:ALU>	INS	272	PASS	0.005317	INFO_AF	HG04187	HG04185	HG04186	0/1	0/0	0/0	1	999	999
chr13	45517570	45517621	HGSV_182150	N	<INS:ME:ALU>	<INS:ME:ALU>	INS	247	PASS	0.008923	INFO_AF	NA19115	NA19113	NA19114	0/1	0/0	0/0	313	999	999
chr13	46398285	46398303	HGSV_182240	N	<INS>	<INS>	INS	76	PASS	0.00359	INFO_AF	HG02800	HG02798	HG02799	0/1	0/0	0/0	999	999	999
chr13	46398285	46398303	HGSV_182240	N	<INS>	<INS>	INS	76	PASS	0.00359	INFO_AF	NA19202	NA19200	NA19201	0/1	0/0	0/0	999	999	999
chr13	46398285	46398303	HGSV_182240	N	<INS>	<INS>	INS	76	PASS	0.00359	INFO_AF	NA19724	NA19723	NA19722	0/1	0/0	0/0	999	999	999
chr13	47513656	47513707	HGSV_182341	N	<INS:ME:ALU>	<INS:ME:ALU>	INS	279	PASS	0.007181	INFO_AF	NA19173	NA19171	NA19172	0/1	0/0	0/0	1	999	999
chr13	49441238	49441279	HGSV_182487	N	<INS>	<INS>	INS	52	PASS	0.004239	INFO_AF	NA19097	NA19096	NA19095	0/1	0/0	0/0	1	999	999
chr13	49441238	49441279	HGSV_182487	N	<INS>	<INS>	INS	52	PASS	0.004239	INFO_AF	NA19115	NA19113	NA19114	0/1	0/0	0/0	156	999	999
chr13	53513201	53513252	HGSV_182823	N	<INS:ME:LINE1>	<INS:ME:LINE1>	INS	436	PASS	0.002189	INFO_AF	NA12739	NA12748	NA12749	0/1	0/0	0/0	1	999	999
chr13	54106073	54106124	HGSV_182863	N	<INS>	<INS>	INS	59	PASS	0.001093	INFO_AF	HG00615	HG00613	HG00614	0/1	0/0	0/0	1	999	999
chr13	54209746	54209758	HGSV_182874	N	<INS:ME:ALU>	<INS:ME:ALU>	INS	101	PASS	0.001406	INFO_AF	HG01622	HG01624	HG01623	0/1	0/0	0/0	1	999	999
chr13	55275536	55275587	HGSV_182947	N	<INS:ME:ALU>	<INS:ME:ALU>	INS	253	PASS	0.008019	INFO_AF	NA20128	NA20126	NA20127	0/1	0/0	0/0	733	999	999
chr13	55924920	55924971	HGSV_183008	N	<INS:ME:ALU>	<INS:ME:ALU>	INS	280	PASS	0.000156	INFO_AF	HG03065	HG03063	HG03064	0/1	0/0	0/0	1	999	999
chr13	56638156	56638193	HGSV_183061	N	<INS>	<INS>	INS	281	PASS	0.004224	INFO_AF	HG02773	HG02771	HG02772	0/1	0/0	0/0	1	999	999
chr13	57005619	57005670	HGSV_183102	N	<INS:ME:ALU>	<INS:ME:ALU>	INS	244	PASS	0.002657	INFO_AF	NA19142	NA19141	NA19140	0/1	0/0	0/0	1	999	999
chr13	57390830	57390881	HGSV_183161	N	<INS:ME:ALU>	<INS:ME:ALU>	INS	184	PASS	0.004371	INFO_AF	HG03272	HG03271	HG03270	0/1	0/0	0/0	1	999	999
chr13	58192341	58192392	HGSV_183227	N	<INS:ME:ALU>	<INS:ME:ALU>	INS	280	PASS	0.002034	INFO_AF	HG03029	HG03027	HG03028	0/1	0/0	0/0	1	999	999
chr13	58354137	58354177	HGSV_183242	N	<INS>	<INS>	INS	374	PASS	0.00203	INFO_AF	HG02892	HG02890	HG02891	0/1	0/0	0/0	1	999	999
chr13	58903525	58903576	HGSV_183302	N	<INS:ME:ALU>	<INS:ME:ALU>	INS	281	PASS	0.000156	INFO_AF	HG03707	HG03705	HG03706	0/1	0/0	0/0	1	999	999
chr13	59162311	59162362	HGSV_183326	N	<INS:ME:ALU>	<INS:ME:ALU>	INS	281	PASS	0.001564	INFO_AF	HG03707	HG03705	HG03706	0/1	0/0	0/0	1	999	999
chr13	60034988	60035039	HGSV_183400	N	<INS:ME:ALU>	<INS:ME:ALU>	INS	267	PASS	0.001249	INFO_AF	HG02321	HG02281	HG02282	0/1	0/0	0/0	1	999	999
chr13	60357512	60357547	HGSV_183425	N	<INS>	<INS>	INS	263	PASS	0.005321	INFO_AF	HG03519	HG03518	HG03517	0/1	0/0	0/0	1	999	59
chr13	60357512	60357547	HGSV_183425	N	<INS>	<INS>	INS	263	PASS	0.005321	INFO_AF	NA20128	NA20126	NA20127	0/1	0/0	0/0	1	999	999
chr13	60886455	60886506	HGSV_183464	N	<INS:ME:ALU>	<INS:ME:ALU>	INS	200	PASS	0.008586	INFO_AF	HG02853	HG02851	HG02852	0/1	0/0	0/0	1	999	999
chr13	62065595	62065646	HGSV_183579	N	<INS:ME:ALU>	<INS:ME:ALU>	INS	281	PASS	0.007872	INFO_AF	HG01169	HG01167	HG01168	0/1	0/0	0/0	297	999	999
chr13	62065595	62065646	HGSV_183579	N	<INS:ME:ALU>	<INS:ME:ALU>	INS	281	PASS	0.007872	INFO_AF	HG01273	HG01271	HG01272	0/1	0/0	0/0	1	999	999
chr13	65391716	65391767	HGSV_183953	N	<INS:ME:ALU>	<INS:ME:ALU>	INS	281	PASS	0.007649	INFO_AF	HG00706	HG00704	HG00705	0/1	0/0	0/0	1	999	999
chr13	66804441	66804481	HGSV_184094	N	<INS>	<INS>	INS	323	PASS	0.005156	INFO_AF	HG03804	HG03803	HG03802	0/1	0/0	0/0	1	999	999
chr13	69797786	69797809	HGSV_184361	N	<INS>	<INS>	INS	50	PASS	0.008962	INFO_AF	HG03248	HG03246	HG03247	0/1	0/0	0/0	1	999	999
chr13	69939373	69939428	HGSV_184377	N	<INS>	<INS>	INS	94	PASS	0.005778	INFO_AF	HG02701	HG02699	HG02700	0/1	0/0	0/0	1	999	999
chr13	71354428	71354479	HGSV_184501	N	<INS:ME:ALU>	<INS:ME:ALU>	INS	281	PASS	0.007237	INFO_AF	HG03116	HG03115	HG03114	0/1	0/0	0/0	313	999	999
chr13	71354428	71354479	HGSV_184501	N	<INS:ME:ALU>	<INS:ME:ALU>	INS	281	PASS	0.007237	INFO_AF	NA19173	NA19171	NA19172	0/1	0/0	0/0	258	999	999
chr13	71354428	71354479	HGSV_184501	N	<INS:ME:ALU>	<INS:ME:ALU>	INS	281	PASS	0.007237	INFO_AF	NA19221	NA19223	NA19222	0/1	0/0	0/0	515	999	999
chr13	71920720	71920771	HGSV_184547	N	<INS:ME:ALU>	<INS:ME:ALU>	INS	280	PASS	0.005776	INFO_AF	HG03242	HG03240	HG03241	0/1	0/0	0/0	1	999	999
chr13	71925477	71925528	HGSV_184551	N	<INS:ME:ALU>	<INS:ME:ALU>	INS	243	PASS	0.000938	INFO_AF	HG01138	HG01136	HG01137	0/1	0/0	0/0	1	999	999
chr13	72149099	72149139	HGSV_184565	N	<INS>	<INS>	INS	783	PASS	0.007656	INFO_AF	NA19103	NA19101	NA19102	0/1	0/0	0/0	1	999	999
chr13	73251587	73251638	HGSV_184675	N	<INS>	<INS>	INS	279	PASS	0.008824	INFO_AF	HG01987	HG01990	HG02012	0/1	0/0	0/0	1	999	999
chr13	74821463	74821529	HGSV_184795	N	<INS:ME:ALU>	<INS:ME:ALU>	INS	280	PASS	0.001877	INFO_AF	NA18854	NA18853	NA18852	0/1	0/0	0/0	1	999	999
chr13	76175245	76175269	HGSV_184917	N	<INS>	<INS>	INS	52	PASS	0.001405	INFO_AF	HG00702	HG00656	HG00657	0/1	0/0	0/0	1	999	999
chr13	79156414	79156465	HGSV_185146	N	<INS:ME:ALU>	<INS:ME:ALU>	INS	281	PASS	0.009366	INFO_AF	HG03035	HG03033	HG03034	0/1	0/0	0/0	1	999	999
chr13	79581620	79581671	HGSV_185177	N	<INS:ME:ALU>	<INS:ME:ALU>	INS	280	PASS	0.000469	INFO_AF	HG02856	HG02854	HG02855	0/1	0/0	0/0	1	999	999
chr13	79857803	79857854	HGSV_185203	N	<INS:ME:ALU>	<INS:ME:ALU>	INS	281	PASS	0.009522	INFO_AF	HG03626	HG03624	HG03625	0/1	0/0	0/0	1	999	999
chr13	79895819	79895870	HGSV_185206	N	<INS:ME:ALU>	<INS:ME:ALU>	INS	280	PASS	0.000312	INFO_AF	HG02821	HG02819	HG02820	0/1	0/0	0/0	1	999	999
chr13	81126039	81126053	HGSV_185315	N	<INS:ME:ALU>	<INS:ME:ALU>	INS	279	PASS	0.000156	INFO_AF	HG01984	HG01982	HG01983	0/1	0/0	0/0	149	999	999
chr13	81404189	81404240	HGSV_185353	N	<INS:ME:ALU>	<INS:ME:ALU>	INS	281	PASS	0.001094	INFO_AF	HG04204	HG03679	HG03642	0/1	0/0	0/0	1	999	999
chr13	81404189	81404240	HGSV_185353	N	<INS:ME:ALU>	<INS:ME:ALU>	INS	281	PASS	0.001094	INFO_AF	HG04215	HG03679	HG03642	0/1	0/0	0/0	1	999	999
chr13	82133436	82133487	HGSV_185428	N	<INS:ME:ALU>	<INS:ME:ALU>	INS	280	PASS	0.00125	INFO_AF	HG00538	HG00536	HG00537	0/1	0/0	0/0	1	999	999
chr13	82643109	82643160	HGSV_185489	N	<INS:ME:ALU>	<INS:ME:ALU>	INS	280	PASS	0.007961	INFO_AF	HG02659	HG02657	HG02658	0/1	0/0	0/0	52	999	999
chr13	83131855	83131859	HGSV_185540	N	<INS>	<INS>	INS	55	PASS	0.005181	INFO_AF	HG02677	HG02675	HG02676	0/1	0/0	0/0	1	999	999
chr13	83131855	83131859	HGSV_185540	N	<INS>	<INS>	INS	55	PASS	0.005181	INFO_AF	NA18500	NA18501	NA18502	0/1	0/0	0/0	1	999	999
chr13	83131855	83131859	HGSV_185540	N	<INS>	<INS>	INS	55	PASS	0.005181	INFO_AF	NA18914	NA18913	NA18912	0/1	0/0	0/0	1	999	999
chr13	85438318	85438369	HGSV_185768	N	<INS:ME:ALU>	<INS:ME:ALU>	INS	281	PASS	0.000156	INFO_AF	HG03825	HG03824	HG03823	0/1	0/0	0/0	1	999	999
chr13	89922488	89922539	HGSV_186208	N	<INS:ME:ALU>	<INS:ME:ALU>	INS	281	PASS	0.005938	INFO_AF	HG02883	HG02881	HG02882	0/1	0/0	0/0	208	999	999
chr13	92066473	92066524	HGSV_186395	N	<INS:ME:ALU>	<INS:ME:ALU>	INS	272	PASS	0.003122	INFO_AF	HG01895	HG01912	HG01894	0/1	0/0	0/0	1	999	999
chr13	98437493	98437514	HGSV_186906	N	<INS>	<INS>	INS	56	PASS	0.007432	INFO_AF	HG03296	HG03295	HG03294	0/1	0/0	0/0	1	999	999
chr13	98814969	98814969	HGSV_186950	N	<INS>	<INS>	INS	495	PASS	0.003282	INFO_AF	HG01943	HG01941	HG01942	0/1	0/0	0/0	.	.	.
chr13	98814969	98814969	HGSV_186950	N	<INS>	<INS>	INS	495	PASS	0.003282	INFO_AF	HG02018	HG02020	HG02019	0/1	0/0	0/0	.	.	.
chr13	98814969	98814969	HGSV_186950	N	<INS>	<INS>	INS	495	PASS	0.003282	INFO_AF	HG03701	HG03699	HG03700	0/1	0/0	0/0	.	.	.
chr13	99096800	99096824	HGSV_186974	N	<INS>	<INS>	INS	301	PASS	0.006099	INFO_AF	HG02630	HG02628	HG02629	0/1	0/0	0/0	1	999	999
chr13	99096800	99096824	HGSV_186974	N	<INS>	<INS>	INS	301	PASS	0.006099	INFO_AF	HG03065	HG03063	HG03064	0/1	0/0	0/0	1	999	999
chr13	99570009	99570023	HGSV_187023	N	<INS:ME:SVA>	<INS:ME:SVA>	INS	396	PASS	0.008758	INFO_AF	NA19103	NA19101	NA19102	0/1	0/0	0/0	1	999	999
chr13	100430281	100430317	HGSV_187093	N	<INS>	<INS>	INS	310	PASS	0.004536	INFO_AF	HG01084	HG01082	HG01083	0/1	0/0	0/0	1	999	999
chr13	100430281	100430317	HGSV_187093	N	<INS>	<INS>	INS	310	PASS	0.004536	INFO_AF	HG01978	HG01977	HG01976	0/1	0/0	0/0	379	999	999
chr13	100550337	100550346	HGSV_187105	N	<INS>	<INS>	INS	88	PASS	0.004683	INFO_AF	HG03992	HG03943	HG03944	0/1	0/0	0/0	1	999	999
chr13	102408344	102408395	HGSV_187225	N	<INS:ME:ALU>	<INS:ME:ALU>	INS	279	PASS	0.000156	INFO_AF	HG01081	HG01079	HG01080	0/1	0/0	0/0	1	999	999
chr13	103943461	103943476	HGSV_187369	N	<INS>	<INS>	INS	80	PASS	0.001249	INFO_AF	HG01711	HG01709	HG01710	0/1	0/0	0/0	1	999	999
chr13	107292497	107292548	HGSV_187648	N	<INS:ME:ALU>	<INS:ME:ALU>	INS	280	PASS	0.0064	INFO_AF	NA10857	NA12043	NA12044	0/1	0/0	0/0	1	999	999
chr13	110568953	110569004	HGSV_187919	N	<INS:ME:ALU>	<INS:ME:ALU>	INS	172	PASS	0.001563	INFO_AF	HG01887	HG02014	HG01886	0/1	0/0	0/0	1	999	999
chr13	110628944	110628995	HGSV_187928	N	<INS>	<INS>	INS	316	PASS	0.009366	INFO_AF	HG02055	HG02053	HG02054	0/1	0/0	0/0	1	999	999
chr13	110674435	110674471	HGSV_187938	N	<INS>	<INS>	INS	330	PASS	0.006774	INFO_AF	HG01071	HG01069	HG01070	0/1	0/0	0/0	1	999	999
chr13	110674435	110674471	HGSV_187938	N	<INS>	<INS>	INS	330	PASS	0.006774	INFO_AF	HG01258	HG01256	HG01257	0/1	0/0	0/0	1	999	999
chr13	110674435	110674471	HGSV_187938	N	<INS>	<INS>	INS	330	PASS	0.006774	INFO_AF	HG01523	HG01521	HG01522	0/1	0/0	0/0	1	999	999
chr13	110674435	110674471	HGSV_187938	N	<INS>	<INS>	INS	330	PASS	0.006774	INFO_AF	HG01633	HG01631	HG01632	0/1	0/0	0/0	1	999	999
chr13	110674435	110674471	HGSV_187938	N	<INS>	<INS>	INS	330	PASS	0.006774	INFO_AF	HG01780	HG01781	HG01779	0/1	0/0	0/0	1	999	999
chr13	110674435	110674471	HGSV_187938	N	<INS>	<INS>	INS	330	PASS	0.006774	INFO_AF	HG03626	HG03624	HG03625	0/1	0/0	0/0	1	999	999
chr13	110674435	110674471	HGSV_187938	N	<INS>	<INS>	INS	330	PASS	0.006774	INFO_AF	NA10846	NA12144	NA12145	0/1	0/0	0/0	1	999	999
chr13	110813154	110813180	HGSV_187951	N	<INS>	<INS>	INS	74	PASS	0.004565	INFO_AF	HG02668	HG02666	HG02667	0/1	0/0	0/0	484	999	999
chr13	110813154	110813180	HGSV_187951	N	<INS>	<INS>	INS	74	PASS	0.004565	INFO_AF	HG03041	HG03039	HG03040	0/1	0/0	0/0	1	999	999
chr13	111697384	111697409	HGSV_188032	N	<INS>	<INS>	INS	67	PASS	0.003446	INFO_AF	HG02662	HG02660	HG02661	0/1	0/0	0/0	1	999	999
chr13	112731106	112731157	HGSV_188145	N	<INS>	<INS>	INS	184	PASS	0.006254	INFO_AF	HG02984	HG02982	HG02983	0/1	0/0	0/0	414	999	999
chr13	114115918	114115969	HGSV_188475	N	<INS:ME:ALU>	<INS:ME:ALU>	INS	281	PASS	0.000468	INFO_AF	HG02818	HG02816	HG02817	0/1	0/0	0/0	1	999	999
chr14	19787253	19787258	HGSV_188601	N	<INS>	<INS>	INS	51	PASS	0.004063	INFO_AF	HG00502	HG00500	HG00501	0/1	0/0	0/0	1	999	999
chr14	19787253	19787258	HGSV_188601	N	<INS>	<INS>	INS	51	PASS	0.004063	INFO_AF	NA19775	NA19774	NA19773	0/1	0/0	0/0	1	999	999
chr14	20300132	20300168	HGSV_188681	N	<INS>	<INS>	INS	52	PASS	0.000937	INFO_AF	HG02030	HG02032	HG02031	0/1	0/0	0/0	1	999	999
chr14	21453025	21453059	HGSV_188808	N	<INS>	<INS>	INS	318	PASS	0.000469	INFO_AF	HG03272	HG03271	HG03270	0/1	0/0	0/0	1	999	999
chr14	24406247	24406254	HGSV_189135	N	<INS>	<INS>	INS	85	PASS	0.0052	INFO_AF	HG02723	HG02721	HG02722	0/1	0/0	0/0	1	999	999
chr14	24406247	24406254	HGSV_189135	N	<INS>	<INS>	INS	85	PASS	0.0052	INFO_AF	HG03251	HG03249	HG03250	0/1	0/0	0/0	1	999	999
chr14	24406247	24406254	HGSV_189135	N	<INS>	<INS>	INS	85	PASS	0.0052	INFO_AF	NA18863	NA18862	NA18861	0/1	0/0	0/0	1	999	999
chr14	24406247	24406254	HGSV_189135	N	<INS>	<INS>	INS	85	PASS	0.0052	INFO_AF	NA19097	NA19096	NA19095	0/1	0/0	0/0	1	999	999
chr14	25957164	25957215	HGSV_189265	N	<INS:ME:ALU>	<INS:ME:ALU>	INS	240	PASS	0.003128	INFO_AF	HG02883	HG02881	HG02882	0/1	0/0	0/0	1	999	999
chr14	27472790	27472841	HGSV_189406	N	<INS:ME:ALU>	<INS:ME:ALU>	INS	280	PASS	0.004405	INFO_AF	HG01629	HG01630	HG01628	0/1	0/0	0/0	1	999	999
chr14	28716526	28716561	HGSV_189539	N	<INS:ME:ALU>	<INS:ME:ALU>	INS	279	PASS	0.00172	INFO_AF	NA20279	NA20278	NA20282	0/1	0/0	0/0	1	999	999
chr14	28761022	28761025	HGSV_189544	N	<INS>	<INS>	INS	66	PASS	0.009309	INFO_AF	NA19177	NA19175	NA19176	0/1	0/0	0/0	208	999	999
chr14	31035576	31035602	HGSV_189696	N	<INS:ME:ALU>	<INS:ME:ALU>	INS	281	PASS	0.005336	INFO_AF	NA19123	NA19121	NA19122	0/1	0/0	0/0	1	999	999
chr14	32389112	32389163	HGSV_189835	N	<INS:ME:ALU>	<INS:ME:ALU>	INS	278	PASS	0.000156	INFO_AF	HG03719	HG03725	HG03722	0/1	0/0	0/0	1	999	999
chr14	33037574	33037608	HGSV_189896	N	<INS>	<INS>	INS	323	PASS	0.001561	INFO_AF	HG03131	HG03130	HG03129	0/1	0/0	0/0	263	999	999
chr14	33555047	33555098	HGSV_189933	N	<INS:ME:ALU>	<INS:ME:ALU>	INS	246	PASS	0.006244	INFO_AF	HG01687	HG01686	HG01685	0/1	0/0	0/0	1	999	999
chr14	34107279	34107330	HGSV_190002	N	<INS:ME:ALU>	<INS:ME:ALU>	INS	207	PASS	0.002502	INFO_AF	HG02636	HG02634	HG02635	0/1	0/0	0/0	1	999	999
chr14	35694635	35694686	HGSV_190207	N	<INS:ME:ALU>	<INS:ME:ALU>	INS	280	PASS	0.007025	INFO_AF	HG02723	HG02721	HG02722	0/1	0/0	0/0	680	999	999
chr14	35694635	35694686	HGSV_190207	N	<INS:ME:ALU>	<INS:ME:ALU>	INS	280	PASS	0.007025	INFO_AF	HG03453	HG03451	HG03452	0/1	0/0	0/0	1	999	999
chr14	36154374	36154425	HGSV_190240	N	<INS:ME:ALU>	<INS:ME:ALU>	INS	281	PASS	0.000156	INFO_AF	HG02677	HG02675	HG02676	0/1	0/0	0/0	1	999	999
chr14	37451569	37451618	HGSV_190309	N	<INS>	<INS>	INS	174	PASS	0.008273	INFO_AF	HG03540	HG03538	HG03539	0/1	0/0	0/0	1	999	999
chr14	38350507	38350544	HGSV_190404	N	<INS>	<INS>	INS	53	PASS	0.009903	INFO_AF	HG01496	HG01494	HG01495	0/1	0/0	0/0	1	999	999
chr14	38350507	38350544	HGSV_190404	N	<INS>	<INS>	INS	53	PASS	0.009903	INFO_AF	HG02948	HG02947	HG02946	0/1	0/0	0/0	1	999	999
chr14	38350507	38350544	HGSV_190404	N	<INS>	<INS>	INS	53	PASS	0.009903	INFO_AF	HG02984	HG02982	HG02983	0/1	0/0	0/0	1	999	999
chr14	38350507	38350544	HGSV_190404	N	<INS>	<INS>	INS	53	PASS	0.009903	INFO_AF	HG03098	HG03096	HG03097	0/1	0/0	0/0	1	999	999
chr14	38350507	38350544	HGSV_190404	N	<INS>	<INS>	INS	53	PASS	0.009903	INFO_AF	NA18854	NA18853	NA18852	0/1	0/0	0/0	365	999	999
chr14	40035855	40035861	HGSV_190585	N	<INS>	<INS>	INS	143	PASS	0.000781	INFO_AF	NA18485	NA18487	NA18489	0/1	0/0	0/0	1	999	999
chr14	40776132	40776152	HGSV_190671	N	<INS>	<INS>	INS	72	PASS	0.005629	INFO_AF	HG01891	HG01890	HG01889	0/1	0/0	0/0	1	999	999
chr14	40776132	40776152	HGSV_190671	N	<INS>	<INS>	INS	72	PASS	0.005629	INFO_AF	HG03519	HG03518	HG03517	0/1	0/0	0/0	1	999	999
chr14	42918940	42918991	HGSV_190908	N	<INS:ME:ALU>	<INS:ME:ALU>	INS	280	PASS	0.00235	INFO_AF	HG01206	HG01204	HG01205	0/1	0/0	0/0	1	999	999
chr14	44921457	44921490	HGSV_191101	N	<INS>	<INS>	INS	243	PASS	0.002194	INFO_AF	HG03200	HG03199	HG03198	0/1	0/0	0/0	1	999	999
chr14	45328654	45328687	HGSV_191138	N	<INS:ME:ALU>	<INS:ME:ALU>	INS	281	PASS	0.000156	INFO_AF	NA10840	NA12286	NA12287	0/1	0/0	0/0	1	999	999
chr14	46180365	46180392	HGSV_191216	N	<INS:ME:ALU>	<INS:ME:ALU>	INS	280	PASS	0.005195	INFO_AF	HG03161	HG03160	HG03159	0/1	0/0	0/0	1	999	999
chr14	46180365	46180392	HGSV_191216	N	<INS:ME:ALU>	<INS:ME:ALU>	INS	280	PASS	0.005195	INFO_AF	HG03269	HG03268	HG03267	0/1	0/0	0/0	1	999	999
chr14	46180365	46180392	HGSV_191216	N	<INS:ME:ALU>	<INS:ME:ALU>	INS	280	PASS	0.005195	INFO_AF	HG03302	HG03301	HG03300	0/1	0/0	0/0	113	999	999
chr14	46180365	46180392	HGSV_191216	N	<INS:ME:ALU>	<INS:ME:ALU>	INS	280	PASS	0.005195	INFO_AF	HG03371	HG03370	HG03369	0/1	0/0	0/0	1	999	999
chr14	46180365	46180392	HGSV_191216	N	<INS:ME:ALU>	<INS:ME:ALU>	INS	280	PASS	0.005195	INFO_AF	NA19208	NA19207	NA19206	0/1	0/0	0/0	1	999	999
chr14	46224779	46224789	HGSV_191223	N	<INS>	<INS>	INS	64	PASS	0.003281	INFO_AF	HG03251	HG03249	HG03250	0/1	0/0	0/0	1	999	999
chr14	46372906	46372949	HGSV_191243	N	<INS:ME:ALU>	<INS:ME:ALU>	INS	281	PASS	0.001093	INFO_AF	NA18911	NA18910	NA18909	0/1	0/0	0/0	1	999	999
chr14	49789128	49789179	HGSV_191562	N	<INS:ME:ALU>	<INS:ME:ALU>	INS	281	PASS	0.008586	INFO_AF	HG02683	HG02681	HG02682	0/1	0/0	0/0	1	999	999
chr14	50686642	50686693	HGSV_191659	N	<INS:ME:ALU>	<INS:ME:ALU>	INS	280	PASS	0.000156	INFO_AF	HG01633	HG01631	HG01632	0/1	0/0	0/0	1	999	999
chr14	51429019	51429032	HGSV_191706	N	<INS>	<INS>	INS	54	PASS	0.009396	INFO_AF	HG02587	HG02585	HG02586	0/1	0/0	0/0	41	999	999
chr14	52313728	52313779	HGSV_191780	N	<INS>	<INS>	INS	222	PASS	0.001717	INFO_AF	HG03371	HG03370	HG03369	0/1	0/0	0/0	1	999	999
chr14	55081395	55081446	HGSV_192033	N	<INS:ME:ALU>	<INS:ME:ALU>	INS	280	PASS	0.00843	INFO_AF	HG03110	HG03109	HG03108	0/1	0/0	0/0	1	999	999
chr14	56941777	56941814	HGSV_192176	N	<INS>	<INS>	INS	315	PASS	0.004685	INFO_AF	NA18914	NA18913	NA18912	0/1	0/0	0/0	1	999	999
chr14	57641164	57641204	HGSV_192239	N	<INS>	<INS>	INS	317	PASS	0.007027	INFO_AF	HG02596	HG02594	HG02595	0/1	0/0	0/0	1	999	999
chr14	58379507	58379558	HGSV_192296	N	<INS:ME:ALU>	<INS:ME:ALU>	INS	279	PASS	0.001877	INFO_AF	HG03368	HG03367	HG03366	0/1	0/0	0/0	689	999	999
chr14	58612469	58612474	HGSV_192315	N	<INS>	<INS>	INS	328	PASS	0.001249	INFO_AF	HG02984	HG02982	HG02983	0/1	0/0	0/0	1	999	999
chr14	58612469	58612482	HGSV_192316	N	<INS>	<INS>	INS	328	PASS	0.001249	INFO_AF	HG02984	HG02982	HG02983	0/1	0/0	0/0	1	999	999
chr14	60984490	60984541	HGSV_192517	N	<INS:ME:ALU>	<INS:ME:ALU>	INS	95	PASS	0.006577	INFO_AF	HG02853	HG02851	HG02852	0/1	0/0	0/0	1	999	999
chr14	61783487	61783528	HGSV_192582	N	<INS:ME:ALU>	<INS:ME:ALU>	INS	281	PASS	0.009387	INFO_AF	HG01922	HG01920	HG01921	0/1	0/0	0/0	1	999	999
chr14	61783487	61783528	HGSV_192582	N	<INS:ME:ALU>	<INS:ME:ALU>	INS	281	PASS	0.009387	INFO_AF	HG02068	HG02070	HG02069	0/1	0/0	0/0	1	999	999
chr14	61783487	61783528	HGSV_192582	N	<INS:ME:ALU>	<INS:ME:ALU>	INS	281	PASS	0.009387	INFO_AF	HG03596	HG03594	HG03595	0/1	0/0	0/0	1	999	999
chr14	61783487	61783528	HGSV_192582	N	<INS:ME:ALU>	<INS:ME:ALU>	INS	281	PASS	0.009387	INFO_AF	HG04160	HG04158	HG04159	0/1	0/0	0/0	1	999	999
chr14	61783487	61783528	HGSV_192582	N	<INS:ME:ALU>	<INS:ME:ALU>	INS	281	PASS	0.009387	INFO_AF	NA19675	NA19679	NA19678	0/1	0/0	0/0	1	999	999
chr14	64054274	64054322	HGSV_192792	N	<INS:ME:ALU>	<INS:ME:ALU>	INS	280	PASS	0.00359	INFO_AF	HG02015	HG02017	HG02016	0/1	0/0	0/0	1	999	999
chr14	65456594	65456602	HGSV_192920	N	<INS>	<INS>	INS	316	PASS	0.004534	INFO_AF	HG03047	HG03045	HG03046	0/1	0/0	0/0	1	999	999
chr14	65456594	65456602	HGSV_192920	N	<INS>	<INS>	INS	316	PASS	0.004534	INFO_AF	NA18485	NA18487	NA18489	0/1	0/0	0/0	1	999	999
chr14	65456594	65456602	HGSV_192920	N	<INS>	<INS>	INS	316	PASS	0.004534	INFO_AF	NA19983	NA19982	NA19713	0/1	0/0	0/0	1	999	999
chr14	67837286	67837337	HGSV_193105	N	<INS:ME:ALU>	<INS:ME:ALU>	INS	281	PASS	0.009054	INFO_AF	HG02572	HG02570	HG02571	0/1	0/0	0/0	1	999	999
chr14	73817906	73817913	HGSV_193594	N	<INS>	<INS>	INS	333	PASS	0.009401	INFO_AF	NA18500	NA18501	NA18502	0/1	0/0	0/0	1	999	999
chr14	74627659	74627697	HGSV_193704	N	<INS>	<INS>	INS	335	PASS	0.004382	INFO_AF	NA19924	NA19922	NA19923	0/1	0/0	0/0	1	999	999
chr14	75729464	75729474	HGSV_193796	N	<INS:ME:LINE1>	<INS:ME:LINE1>	INS	931	PASS	0.005627	INFO_AF	NA10856	NA11829	NA11830	0/1	0/0	0/0	1	999	999
chr14	77776015	77776065	HGSV_193983	N	<INS>	<INS>	INS	316	PASS	0.001873	INFO_AF	HG03050	HG03048	HG03049	0/1	0/0	0/0	1	999	999
chr14	80495558	80495609	HGSV_194214	N	<INS:ME:ALU>	<INS:ME:ALU>	INS	242	PASS	0.001563	INFO_AF	HG01611	HG01610	HG01612	0/1	0/0	0/0	13	999	999
chr14	80654240	80654291	HGSV_194225	N	<INS:ME:ALU>	<INS:ME:ALU>	INS	280	PASS	0.000625	INFO_AF	HG01109	HG01107	HG01108	0/1	0/0	0/0	1	999	999
chr14	81491944	81491995	HGSV_194287	N	<INS:ME:ALU>	<INS:ME:ALU>	INS	281	PASS	0.003278	INFO_AF	HG02704	HG02702	HG02703	0/1	0/0	0/0	1	999	999
chr14	83406190	83406241	HGSV_194457	N	<INS:ME:ALU>	<INS:ME:ALU>	INS	205	PASS	0.000156	INFO_AF	HG03584	HG03582	HG03583	0/1	0/0	0/0	1	999	999
chr14	84128260	84128311	HGSV_194516	N	<INS:ME:ALU>	<INS:ME:ALU>	INS	278	PASS	0.002187	INFO_AF	HG02980	HG02981	HG02979	0/1	0/0	0/0	1	999	999
chr14	84810437	84810478	HGSV_194573	N	<INS>	<INS>	INS	271	PASS	0.003593	INFO_AF	NA19924	NA19922	NA19923	0/1	0/0	0/0	1	999	999
chr14	85076264	85076315	HGSV_194605	N	<INS:ME:ALU>	<INS:ME:ALU>	INS	280	PASS	0.001561	INFO_AF	HG03116	HG03115	HG03114	0/1	0/0	0/0	1	999	999
chr14	89522918	89522969	HGSV_195017	N	<INS:ME:ALU>	<INS:ME:ALU>	INS	281	PASS	0.002187	INFO_AF	HG03116	HG03115	HG03114	0/1	0/0	0/0	1	999	999
chr14	89653963	89654014	HGSV_195023	N	<INS:ME:ALU>	<INS:ME:ALU>	INS	280	PASS	0.007805	INFO_AF	HG02924	HG02923	HG02922	0/1	0/0	0/0	1	999	999
chr14	89653963	89654014	HGSV_195023	N	<INS:ME:ALU>	<INS:ME:ALU>	INS	280	PASS	0.007805	INFO_AF	NA19702	NA19700	NA19701	0/1	0/0	0/0	1	999	999
chr14	90250760	90250794	HGSV_195084	N	<INS:ME:ALU>	<INS:ME:ALU>	INS	186	PASS	0.008755	INFO_AF	HG01379	HG01377	HG01378	0/1	0/0	0/0	1	999	999
chr14	90250760	90250794	HGSV_195084	N	<INS:ME:ALU>	<INS:ME:ALU>	INS	186	PASS	0.008755	INFO_AF	HG02316	HG02317	HG02318	0/1	0/0	0/0	1	999	999
chr14	90250760	90250794	HGSV_195084	N	<INS:ME:ALU>	<INS:ME:ALU>	INS	186	PASS	0.008755	INFO_AF	HG03128	HG03127	HG03126	0/1	0/0	0/0	1	999	999
chr14	90250760	90250794	HGSV_195084	N	<INS:ME:ALU>	<INS:ME:ALU>	INS	186	PASS	0.008755	INFO_AF	HG03131	HG03130	HG03129	0/1	0/0	0/0	1	999	999
chr14	90250760	90250794	HGSV_195084	N	<INS:ME:ALU>	<INS:ME:ALU>	INS	186	PASS	0.008755	INFO_AF	HG03305	HG03304	HG03303	0/1	0/0	0/0	1	999	999
chr14	90250760	90250794	HGSV_195084	N	<INS:ME:ALU>	<INS:ME:ALU>	INS	186	PASS	0.008755	INFO_AF	NA19211	NA19210	NA19209	0/1	0/0	0/0	1	999	999
chr14	90250828	90250849	HGSV_195086	N	<INS:ME:ALU>	<INS:ME:ALU>	INS	96	PASS	0.009558	INFO_AF	HG03119	HG03118	HG03117	0/1	0/0	0/0	950	999	999
chr14	90250828	90250849	HGSV_195086	N	<INS:ME:ALU>	<INS:ME:ALU>	INS	96	PASS	0.009558	INFO_AF	NA19109	NA19107	NA19108	0/1	0/0	0/0	1	999	999
chr14	94519645	94519668	HGSV_195436	N	<INS>	<INS>	INS	51	PASS	0.001094	INFO_AF	NA18935	NA18934	NA18933	0/1	0/0	0/0	1	999	999
chr14	94519648	94519668	HGSV_195437	N	<INS>	<INS>	INS	54	PASS	0.002031	INFO_AF	NA10839	NA12005	NA12006	0/1	0/0	0/0	1	999	999
chr14	94519648	94519668	HGSV_195437	N	<INS>	<INS>	INS	54	PASS	0.002031	INFO_AF	NA19775	NA19774	NA19773	0/1	0/0	0/0	1	999	999
chr14	95269967	95270018	HGSV_195487	N	<INS:ME:ALU>	<INS:ME:ALU>	INS	193	PASS	0.002193	INFO_AF	NA19224	NA19226	NA19225	0/1	0/0	0/0	1	999	999
chr14	105162642	105162664	HGSV_196468	N	<INS>	<INS>	INS	85	PASS	0.006873	INFO_AF	HG02636	HG02634	HG02635	0/1	0/0	0/0	1	999	999
chr14	105162642	105162664	HGSV_196468	N	<INS>	<INS>	INS	85	PASS	0.006873	INFO_AF	HG03065	HG03063	HG03064	0/1	0/0	0/0	1	999	999
chr14	105162642	105162664	HGSV_196468	N	<INS>	<INS>	INS	85	PASS	0.006873	INFO_AF	NA18500	NA18501	NA18502	0/1	0/0	0/0	1	999	999
chr14	105860119	105860119	HGSV_196866	N	<INS>	<INS>	INS	220	PASS	0.008427	INFO_AF	HG01114	HG01112	HG01113	0/1	0/0	0/0	.	.	.
chr14	105860119	105860119	HGSV_196866	N	<INS>	<INS>	INS	220	PASS	0.008427	INFO_AF	HG01922	HG01920	HG01921	0/1	0/0	0/0	.	.	.
chr14	105860119	105860119	HGSV_196866	N	<INS>	<INS>	INS	220	PASS	0.008427	INFO_AF	HG02815	HG02813	HG02814	0/1	0/0	0/0	.	.	.
chr14	105860119	105860119	HGSV_196866	N	<INS>	<INS>	INS	220	PASS	0.008427	INFO_AF	HG02945	HG02944	HG02943	0/1	0/0	0/0	.	.	.
chr14	105860119	105860119	HGSV_196866	N	<INS>	<INS>	INS	220	PASS	0.008427	INFO_AF	HG03310	HG03311	HG03309	0/1	0/0	0/0	.	.	.
chr14	105860119	105860119	HGSV_196866	N	<INS>	<INS>	INS	220	PASS	0.008427	INFO_AF	NA10854	NA11839	NA11840	0/1	0/0	0/0	.	.	.
chr14	105860119	105860119	HGSV_196866	N	<INS>	<INS>	INS	220	PASS	0.008427	INFO_AF	NA18930	NA18917	NA18916	0/1	0/0	0/0	.	.	.
chr14	105860119	105860119	HGSV_196866	N	<INS>	<INS>	INS	220	PASS	0.008427	INFO_AF	NA19174	NA19117	NA19118	0/1	0/0	0/0	.	.	.
chr14	105860203	105860203	HGSV_196868	N	<INS>	<INS>	INS	503	PASS	0.001132	INFO_AF	HG01358	HG01356	HG01357	0/1	0/0	0/0	.	.	.
chr14	105863791	105863830	HGSV_196935	N	<INS>	<INS>	INS	63	PASS	0.000156	INFO_AF	NA19796	NA19795	NA19794	0/1	0/0	0/0	1	999	999
chr14	105863837	105863857	HGSV_196936	N	<INS>	<INS>	INS	59	PASS	0.000156	INFO_AF	HG03371	HG03370	HG03369	0/1	0/0	0/0	1	999	999
chr15	20656771	20656793	HGSV_197274	N	<INS>	<INS>	INS	104	PASS	0.003759	INFO_AF	HG01621	HG01619	HG01620	0/1	0/0	0/0	1	999	999
chr15	20656771	20656793	HGSV_197274	N	<INS>	<INS>	INS	104	PASS	0.003759	INFO_AF	NA18860	NA18859	NA18858	0/1	0/0	0/0	586	999	999
chr15	21298330	21298330	HGSV_197309	N	<INS>	<INS>	INS	171	PASS	0.004164	INFO_AF	HG03026	HG03024	HG03025	0/1	0/0	0/0	.	.	.
chr15	21298330	21298330	HGSV_197309	N	<INS>	<INS>	INS	171	PASS	0.004164	INFO_AF	HG03576	HG03574	HG03575	0/1	0/0	0/0	.	.	.
chr15	21298330	21298330	HGSV_197309	N	<INS>	<INS>	INS	171	PASS	0.004164	INFO_AF	NA18506	NA18507	NA18508	0/1	0/0	0/0	.	.	.
chr15	23178881	23178892	HGSV_197451	N	<INS>	<INS>	INS	124	PASS	0.008971	INFO_AF	HG03110	HG03109	HG03108	0/1	0/0	0/0	1	999	999
chr15	23178881	23178892	HGSV_197451	N	<INS>	<INS>	INS	124	PASS	0.008971	INFO_AF	HG03519	HG03518	HG03517	0/1	0/0	0/0	99	999	999
chr15	23657267	23657309	HGSV_197501	N	<INS:ME:ALU>	<INS:ME:ALU>	INS	302	PASS	0.003441	INFO_AF	NA10839	NA12005	NA12006	0/1	0/0	0/0	1	999	999
chr15	23657267	23657309	HGSV_197501	N	<INS:ME:ALU>	<INS:ME:ALU>	INS	302	PASS	0.003441	INFO_AF	NA12386	NA12399	NA12400	0/1	0/0	0/0	1	999	999
chr15	24255969	24256020	HGSV_197566	N	<INS:ME:ALU>	<INS:ME:ALU>	INS	236	PASS	0.00125	INFO_AF	HG02856	HG02854	HG02855	0/1	0/0	0/0	1	999	999
chr15	27397277	27397328	HGSV_197932	N	<INS:ME:ALU>	<INS:ME:ALU>	INS	183	PASS	0.007062	INFO_AF	HG02625	HG02623	HG02624	0/1	0/0	0/0	1	999	999
chr15	27397277	27397328	HGSV_197932	N	<INS:ME:ALU>	<INS:ME:ALU>	INS	183	PASS	0.007062	INFO_AF	HG02889	HG02887	HG02888	0/1	0/0	0/0	922	999	999
chr15	27911936	27911987	HGSV_197966	N	<INS:ME:ALU>	<INS:ME:ALU>	INS	278	PASS	0.000625	INFO_AF	HG03197	HG03196	HG03195	0/1	0/0	0/0	1	999	999
chr15	29329215	29329249	HGSV_198092	N	<INS>	<INS>	INS	306	PASS	0.001249	INFO_AF	NA18935	NA18934	NA18933	0/1	0/0	0/0	1	999	999
chr15	29526446	29526497	HGSV_198107	N	<INS:ME:ALU>	<INS:ME:ALU>	INS	279	PASS	0.005932	INFO_AF	NA19686	NA19685	NA19684	0/1	0/0	0/0	1	999	999
chr15	30087760	30087810	HGSV_198167	N	<INS:ME:ALU>	<INS:ME:ALU>	INS	280	PASS	0.002342	INFO_AF	HG03041	HG03039	HG03040	0/1	0/0	0/0	640	999	999
chr15	30874086	30874137	HGSV_198263	N	<INS:ME:SVA>	<INS:ME:SVA>	INS	1240	PASS	0.006132	INFO_AF	HG03029	HG03027	HG03028	0/1	0/0	0/0	1	999	999
chr15	31979257	31979287	HGSV_198349	N	<INS:ME:ALU>	<INS:ME:ALU>	INS	281	PASS	0.001717	INFO_AF	HG01888	HG01882	HG01883	0/1	0/0	0/0	1	999	999
chr15	32315404	32315418	HGSV_198387	N	<INS>	<INS>	INS	56	PASS	0.008117	INFO_AF	HG02892	HG02890	HG02891	0/1	0/0	0/0	1	999	999
chr15	32553581	32553632	HGSV_198414	N	<INS:ME:ALU>	<INS:ME:ALU>	INS	272	PASS	0.003757	INFO_AF	HG03519	HG03518	HG03517	0/1	0/0	0/0	1	999	999
chr15	32755182	32755232	HGSV_198437	N	<INS>	<INS>	INS	52	PASS	0.008163	INFO_AF	HG02463	HG02461	HG02462	0/1	0/0	0/0	1	999	999
chr15	32755182	32755232	HGSV_198437	N	<INS>	<INS>	INS	52	PASS	0.008163	INFO_AF	HG03110	HG03109	HG03108	0/1	0/0	0/0	1	999	999
chr15	32755182	32755232	HGSV_198437	N	<INS>	<INS>	INS	52	PASS	0.008163	INFO_AF	NA19115	NA19113	NA19114	0/1	0/0	0/0	680	999	999
chr15	33496286	33496337	HGSV_198493	N	<INS:ME:ALU>	<INS:ME:ALU>	INS	280	PASS	0.000156	INFO_AF	HG01604	HG01606	HG01605	0/1	0/0	0/0	1	999	999
chr15	36917505	36917556	HGSV_198820	N	<INS:ME:ALU>	<INS:ME:ALU>	INS	158	PASS	0.003434	INFO_AF	NA10856	NA11829	NA11830	0/1	0/0	0/0	1	999	999
chr15	37504746	37504784	HGSV_198881	N	<INS>	<INS>	INS	305	PASS	0.002347	INFO_AF	HG03519	HG03518	HG03517	0/1	0/0	0/0	1	999	999
chr15	37504746	37504784	HGSV_198881	N	<INS>	<INS>	INS	305	PASS	0.002347	INFO_AF	NA19186	NA19184	NA19185	0/1	0/0	0/0	1	999	999
chr15	37754613	37754664	HGSV_198889	N	<INS:ME:ALU>	<INS:ME:ALU>	INS	280	PASS	0.00344	INFO_AF	HG01081	HG01079	HG01080	0/1	0/0	0/0	1	999	999
chr15	37754613	37754664	HGSV_198889	N	<INS:ME:ALU>	<INS:ME:ALU>	INS	280	PASS	0.00344	INFO_AF	HG02451	HG02449	HG02450	0/1	0/0	0/0	1	999	999
chr15	37754613	37754664	HGSV_198889	N	<INS:ME:ALU>	<INS:ME:ALU>	INS	280	PASS	0.00344	INFO_AF	NA20279	NA20278	NA20282	0/1	0/0	0/0	1	999	999
chr15	39347048	39347099	HGSV_199011	N	<INS:ME:ALU>	<INS:ME:ALU>	INS	252	PASS	0.004059	INFO_AF	HG02883	HG02881	HG02882	0/1	0/0	0/0	1	999	999
chr15	41327644	41327647	HGSV_199208	N	<INS>	<INS>	INS	251	PASS	0.002966	INFO_AF	HG03137	HG03136	HG03135	0/1	0/0	0/0	1	999	999
chr15	42320628	42320666	HGSV_199315	N	<INS>	<INS>	INS	193	PASS	0.002655	INFO_AF	HG02055	HG02053	HG02054	0/1	0/0	0/0	515	999	999
chr15	46574743	46574794	HGSV_199686	N	<INS:ME:ALU>	<INS:ME:ALU>	INS	280	PASS	0.000156	INFO_AF	NA19724	NA19723	NA19722	0/1	0/0	0/0	1	999	999
chr15	47345218	47345264	HGSV_199749	N	<INS:ME:ALU>	<INS:ME:ALU>	INS	280	PASS	0.005776	INFO_AF	NA10852	NA12045	NA12046	0/1	0/0	0/0	1	999	999
chr15	48026661	48026712	HGSV_199794	N	<INS:ME:ALU>	<INS:ME:ALU>	INS	217	PASS	0.00172	INFO_AF	HG02280	HG02307	HG02308	0/1	0/0	0/0	1	999	999
chr15	52552675	52552726	HGSV_200197	N	<INS:ME:ALU>	<INS:ME:ALU>	INS	279	PASS	0.003905	INFO_AF	HG00594	HG00592	HG00593	0/1	0/0	0/0	1	999	999
chr15	54900081	54900132	HGSV_200413	N	<INS:ME:ALU>	<INS:ME:ALU>	INS	281	PASS	0.000937	INFO_AF	HG01884	HG01885	HG01956	0/1	0/0	0/0	1	999	999
chr15	54936379	54936430	HGSV_200419	N	<INS:ME:ALU>	<INS:ME:ALU>	INS	281	PASS	0.008117	INFO_AF	HG02677	HG02675	HG02676	0/1	0/0	0/0	1	999	999
chr15	54936379	54936430	HGSV_200419	N	<INS:ME:ALU>	<INS:ME:ALU>	INS	281	PASS	0.008117	INFO_AF	HG03763	HG03761	HG03762	0/1	0/0	0/0	1	999	999
chr15	55040024	55040075	HGSV_200423	N	<INS:ME:ALU>	<INS:ME:ALU>	INS	281	PASS	0.001093	INFO_AF	HG01508	HG01506	HG01507	0/1	0/0	0/0	1	999	999
chr15	55590777	55590784	HGSV_200494	N	<INS:ME:ALU>	<INS:ME:ALU>	INS	281	PASS	0.009054	INFO_AF	NA10842	NA11917	NA11918	0/1	0/0	0/0	1	999	999
chr15	57145631	57145682	HGSV_200629	N	<INS:ME:ALU>	<INS:ME:ALU>	INS	280	PASS	0.004374	INFO_AF	HG02883	HG02881	HG02882	0/1	0/0	0/0	1	999	999
chr15	58423057	58423108	HGSV_200736	N	<INS:ME:LINE1>	<INS:ME:LINE1>	INS	6019	PASS	0.003125	INFO_AF	HG03350	HG03352	HG03351	0/1	0/0	0/0	627	999	999
chr15	61657974	61658025	HGSV_201058	N	<INS:ME:ALU>	<INS:ME:ALU>	INS	57	PASS	0.006244	INFO_AF	HG02856	HG02854	HG02855	0/1	0/0	0/0	1	999	999
chr15	72130203	72130241	HGSV_201935	N	<INS>	<INS>	INS	326	PASS	0.000312	INFO_AF	HG01959	HG01986	HG01958	0/1	0/0	0/0	1	999	999
chr15	73401542	73401586	HGSV_202020	N	<INS>	<INS>	INS	321	PASS	0.00297	INFO_AF	HG02495	HG02493	HG02494	0/1	0/0	0/0	1	999	999
chr15	73580419	73580419	HGSV_202036	N	<INS>	<INS>	INS	109	PASS	0.001425	INFO_AF	NA12864	NA12872	NA12873	0/1	0/0	0/0	.	.	.
chr15	75082484	75082535	HGSV_202174	N	<INS:ME:ALU>	<INS:ME:ALU>	INS	280	PASS	0.001875	INFO_AF	HG03056	HG03054	HG03055	0/1	0/0	0/0	1	999	999
chr15	77262657	77262708	HGSV_202363	N	<INS:ME:ALU>	<INS:ME:ALU>	INS	281	PASS	0.000937	INFO_AF	HG01189	HG01187	HG01188	0/1	0/0	0/0	1	999	999
chr15	77262657	77262708	HGSV_202363	N	<INS:ME:ALU>	<INS:ME:ALU>	INS	281	PASS	0.000937	INFO_AF	HG02883	HG02881	HG02882	0/1	0/0	0/0	1	999	999
chr15	79064862	79064913	HGSV_202539	N	<INS:ME:ALU>	<INS:ME:ALU>	INS	281	PASS	0.000156	INFO_AF	HG03047	HG03045	HG03046	0/1	0/0	0/0	1	999	999
chr15	80011873	80011887	HGSV_202617	N	<INS>	<INS>	INS	50	PASS	0.001095	INFO_AF	NA20128	NA20126	NA20127	0/1	0/0	0/0	1	999	999
chr15	80413086	80413137	HGSV_202656	N	<INS:ME:ALU>	<INS:ME:ALU>	INS	280	PASS	0.00469	INFO_AF	NA19100	NA19098	NA19099	0/1	0/0	0/0	1	999	999
chr15	82367394	82367410	HGSV_202818	N	<INS>	<INS>	INS	50	PASS	0.008024	INFO_AF	HG02612	HG02610	HG02611	0/1	0/0	0/0	1	999	999
chr15	82367394	82367410	HGSV_202818	N	<INS>	<INS>	INS	50	PASS	0.008024	INFO_AF	NA18872	NA18871	NA18870	0/1	0/0	0/0	1	999	999
chr15	85812542	85812583	HGSV_203124	N	<INS>	<INS>	INS	72	PASS	0.006736	INFO_AF	HG01514	HG01512	HG01513	0/1	0/0	0/0	1	999	999
chr15	85812542	85812583	HGSV_203124	N	<INS>	<INS>	INS	72	PASS	0.006736	INFO_AF	HG02770	HG02768	HG02769	0/1	0/0	0/0	1	999	999
chr15	85812542	85812583	HGSV_203124	N	<INS>	<INS>	INS	72	PASS	0.006736	INFO_AF	HG02773	HG02771	HG02772	0/1	0/0	0/0	1	999	999
chr15	85812542	85812583	HGSV_203124	N	<INS>	<INS>	INS	72	PASS	0.006736	INFO_AF	HG03816	HG03815	HG03814	0/1	0/0	0/0	1	999	999
chr15	85812542	85812583	HGSV_203124	N	<INS>	<INS>	INS	72	PASS	0.006736	INFO_AF	HG03942	HG03941	HG03940	0/1	0/0	0/0	1	999	999
chr15	85812542	85812583	HGSV_203124	N	<INS>	<INS>	INS	72	PASS	0.006736	INFO_AF	NA06997	NA06986	NA07045	0/1	0/0	0/0	1	999	999
chr15	85812542	85812583	HGSV_203124	N	<INS>	<INS>	INS	72	PASS	0.006736	INFO_AF	NA19662	NA19661	NA19660	0/1	0/0	0/0	1	999	999
chr15	85812542	85812583	HGSV_203124	N	<INS>	<INS>	INS	72	PASS	0.006736	INFO_AF	NA20279	NA20278	NA20282	0/1	0/0	0/0	1	999	999
chr15	85982879	85982930	HGSV_203138	N	<INS:ME:ALU>	<INS:ME:ALU>	INS	281	PASS	0.000156	INFO_AF	HG01778	HG01777	HG01776	0/1	0/0	0/0	1	999	999
chr15	87235116	87235167	HGSV_203245	N	<INS:ME:ALU>	<INS:ME:ALU>	INS	279	PASS	0.005324	INFO_AF	HG00526	HG00524	HG00525	0/1	0/0	0/0	1	999	999
chr15	90393477	90393528	HGSV_203546	N	<INS:ME:ALU>	<INS:ME:ALU>	INS	281	PASS	0.006088	INFO_AF	HG03191	HG03190	HG03189	0/1	0/0	0/0	113	999	999
chr15	92881576	92881627	HGSV_203760	N	<INS:ME:ALU>	<INS:ME:ALU>	INS	280	PASS	0.000781	INFO_AF	HG03522	HG03521	HG03520	0/1	0/0	0/0	1	999	999
chr15	94332693	94332744	HGSV_203920	N	<INS:ME:ALU>	<INS:ME:ALU>	INS	233	PASS	0.008318	INFO_AF	HG02883	HG02881	HG02882	0/1	0/0	0/0	1	999	999
chr15	94860860	94860911	HGSV_203964	N	<INS:ME:ALU>	<INS:ME:ALU>	INS	241	PASS	0.000156	INFO_AF	HG01096	HG01094	HG01095	0/1	0/0	0/0	1	999	999
chr15	96822686	96822690	HGSV_204109	N	<INS>	<INS>	INS	68	PASS	0.006457	INFO_AF	HG03128	HG03127	HG03126	0/1	0/0	0/0	1	999	999
chr15	96822686	96822690	HGSV_204109	N	<INS>	<INS>	INS	68	PASS	0.006457	INFO_AF	HG03350	HG03352	HG03351	0/1	0/0	0/0	1	999	999
chr15	96822686	96822690	HGSV_204109	N	<INS>	<INS>	INS	68	PASS	0.006457	INFO_AF	NA19139	NA19138	NA19137	0/1	0/0	0/0	1	999	999
chr15	99389401	99389452	HGSV_204374	N	<INS:ME:ALU>	<INS:ME:ALU>	INS	146	PASS	0.001093	INFO_AF	HG01884	HG01885	HG01956	0/1	0/0	0/0	1	999	999
chr15	99936814	99936865	HGSV_204436	N	<INS:ME:ALU>	<INS:ME:ALU>	INS	268	PASS	0.001093	INFO_AF	NA10836	NA12274	NA12275	0/1	0/0	0/0	1	999	999
chr15	101124925	101124976	HGSV_204583	N	<INS:ME:ALU>	<INS:ME:ALU>	INS	266	PASS	0.000156	INFO_AF	HG01895	HG01912	HG01894	0/1	0/0	0/0	1	999	999
chr15	101282986	101282991	HGSV_204606	N	<INS:ME:ALU>	<INS:ME:ALU>	INS	253	PASS	0.005965	INFO_AF	HG02892	HG02890	HG02891	0/1	0/0	0/0	1	999	999
chr16	492500	492502	HGSV_204854	N	<INS>	<INS>	INS	93	PASS	0.003281	INFO_AF	HG00652	HG00650	HG00651	0/1	0/0	0/0	1	999	999
chr16	492500	492502	HGSV_204854	N	<INS>	<INS>	INS	93	PASS	0.003281	INFO_AF	HG00673	HG00671	HG00672	0/1	0/0	0/0	1	999	999
chr16	492500	492502	HGSV_204854	N	<INS>	<INS>	INS	93	PASS	0.003281	INFO_AF	HG01897	HG02013	HG01896	0/1	0/0	0/0	1	999	999
chr16	492500	492502	HGSV_204854	N	<INS>	<INS>	INS	93	PASS	0.003281	INFO_AF	HG02280	HG02307	HG02308	0/1	0/0	0/0	1	999	999
chr16	692506	692557	HGSV_204874	N	<INS:ME:ALU>	<INS:ME:ALU>	INS	279	PASS	0.000156	INFO_AF	HG01352	HG01350	HG01351	0/1	0/0	0/0	1	999	999
chr16	795582	795613	HGSV_204894	N	<INS>	<INS>	INS	80	PASS	0.002505	INFO_AF	HG03704	HG03702	HG03703	0/1	0/0	0/0	1	999	999
chr16	821913	821964	HGSV_204906	N	<INS:ME:LINE1>	<INS:ME:LINE1>	INS	6017	PASS	0.006279	INFO_AF	NA18930	NA18917	NA18916	0/1	0/0	0/0	1	999	999
chr16	1113921	1113962	HGSV_204980	N	<INS>	<INS>	INS	55	PASS	0.007056	INFO_AF	HG00558	HG00556	HG00557	0/1	0/0	0/0	1	999	999
chr16	1113921	1113962	HGSV_204980	N	<INS>	<INS>	INS	55	PASS	0.007056	INFO_AF	HG01346	HG01344	HG01345	0/1	0/0	0/0	1	999	999
chr16	3188075	3188101	HGSV_205304	N	<INS>	<INS>	INS	61	PASS	0.007262	INFO_AF	HG02463	HG02461	HG02462	0/1	0/0	0/0	52	999	999
chr16	3188075	3188101	HGSV_205304	N	<INS>	<INS>	INS	61	PASS	0.007262	INFO_AF	NA10857	NA12043	NA12044	0/1	0/0	0/0	1	999	999
chr16	3188075	3188101	HGSV_205304	N	<INS>	<INS>	INS	61	PASS	0.007262	INFO_AF	NA12801	NA12812	NA12813	0/1	0/0	0/0	1	999	999
chr16	5057303	5057318	HGSV_205524	N	<INS>	<INS>	INS	52	PASS	0.003289	INFO_AF	HG02729	HG02727	HG02728	0/1	0/0	0/0	1	999	999
chr16	5057303	5057318	HGSV_205524	N	<INS>	<INS>	INS	52	PASS	0.003289	INFO_AF	HG03050	HG03048	HG03049	0/1	0/0	0/0	1	999	999
chr16	5103829	5103829	HGSV_205529	N	<INS>	<INS>	INS	1714	PASS	0.003003	INFO_AF	HG00535	HG00533	HG00534	0/1	0/0	0/0	.	.	.
chr16	8810783	8810783	HGSV_205918	N	<INS>	<INS>	INS	253	PASS	0.000156	INFO_AF	HG02683	HG02681	HG02682	0/1	0/0	0/0	.	.	.
chr16	9127982	9128033	HGSV_205971	N	<INS>	<INS>	INS	280	PASS	0.001251	INFO_AF	NA12801	NA12812	NA12813	0/1	0/0	0/0	1	999	999
chr16	9610014	9610014	HGSV_206016	N	<INS>	<INS>	INS	284	PASS	0.000635	INFO_AF	HG03516	HG03515	HG03514	0/1	0/0	0/0	.	.	.
chr16	9912561	9912612	HGSV_206038	N	<INS:ME:ALU>	<INS:ME:ALU>	INS	281	PASS	0.006124	INFO_AF	HG02883	HG02881	HG02882	0/1	0/0	0/0	1	999	999
chr16	9912561	9912612	HGSV_206038	N	<INS:ME:ALU>	<INS:ME:ALU>	INS	281	PASS	0.006124	INFO_AF	NA19919	NA19908	NA19909	0/1	0/0	0/0	1	999	999
chr16	11239497	11239534	HGSV_206181	N	<INS>	<INS>	INS	341	PASS	0.008903	INFO_AF	NA18503	NA18504	NA18505	0/1	0/0	0/0	1	999	999
chr16	12393427	12393438	HGSV_206337	N	<INS>	<INS>	INS	64	PASS	0.004558	INFO_AF	HG03308	HG03307	HG03306	0/1	0/0	0/0	1	999	999
chr16	12393427	12393438	HGSV_206337	N	<INS>	<INS>	INS	64	PASS	0.004558	INFO_AF	NA19097	NA19096	NA19095	0/1	0/0	0/0	1	999	999
chr16	12666146	12666194	HGSV_206382	N	<INS>	<INS>	INS	316	PASS	0.003746	INFO_AF	HG03374	HG03373	HG03372	0/1	0/0	0/0	1	999	999
chr16	16709716	16709738	HGSV_206783	N	<INS>	<INS>	INS	86	PASS	0.004083	INFO_AF	HG01358	HG01356	HG01357	0/1	0/0	0/0	1	999	999
chr16	16709716	16709738	HGSV_206783	N	<INS>	<INS>	INS	86	PASS	0.004083	INFO_AF	HG02596	HG02594	HG02595	0/1	0/0	0/0	1	999	999
chr16	16709731	16709814	HGSV_206785	N	<INS>	<INS>	INS	57	PASS	0.006894	INFO_AF	HG00636	HG00634	HG00635	0/1	0/0	0/0	1	999	999
chr16	16709731	16709814	HGSV_206785	N	<INS>	<INS>	INS	57	PASS	0.006894	INFO_AF	HG01687	HG01686	HG01685	0/1	0/0	0/0	1	999	999
chr16	16709731	16709814	HGSV_206785	N	<INS>	<INS>	INS	57	PASS	0.006894	INFO_AF	HG01698	HG01699	HG01697	0/1	0/0	0/0	1	999	999
chr16	16709731	16709814	HGSV_206785	N	<INS>	<INS>	INS	57	PASS	0.006894	INFO_AF	HG01748	HG01747	HG01746	0/1	0/0	0/0	1	999	999
chr16	16709731	16709814	HGSV_206785	N	<INS>	<INS>	INS	57	PASS	0.006894	INFO_AF	HG03710	HG03708	HG03709	0/1	0/0	0/0	1	999	999
chr16	16709731	16709814	HGSV_206785	N	<INS>	<INS>	INS	57	PASS	0.006894	INFO_AF	HG03801	HG03800	HG03799	0/1	0/0	0/0	1	999	999
chr16	16709731	16709814	HGSV_206785	N	<INS>	<INS>	INS	57	PASS	0.006894	INFO_AF	HG04215	HG03679	HG03642	0/1	0/0	0/0	1	999	999
chr16	16709731	16709814	HGSV_206785	N	<INS>	<INS>	INS	57	PASS	0.006894	INFO_AF	NA19751	NA19750	NA19749	0/1	0/0	0/0	1	999	999
chr16	17350724	17350775	HGSV_206833	N	<INS:ME:ALU>	<INS:ME:ALU>	INS	281	PASS	0.008742	INFO_AF	NA18869	NA18868	NA18867	0/1	0/0	0/0	922	999	999
chr16	19500691	19500742	HGSV_207057	N	<INS:ME:ALU>	<INS:ME:ALU>	INS	272	PASS	0.002812	INFO_AF	NA19240	NA19239	NA19238	0/1	0/0	0/0	1	999	999
chr16	20980312	20980330	HGSV_207188	N	<INS>	<INS>	INS	53	PASS	0.004403	INFO_AF	HG03683	HG03682	HG03684	0/1	0/0	0/0	1	999	999
chr16	20980312	20980330	HGSV_207188	N	<INS>	<INS>	INS	53	PASS	0.004403	INFO_AF	HG03906	HG03905	HG03904	0/1	0/0	0/0	148	999	999
chr16	23193826	23193877	HGSV_207340	N	<INS:ME:ALU>	<INS:ME:ALU>	INS	69	PASS	0.006712	INFO_AF	NA19208	NA19207	NA19206	0/1	0/0	0/0	1	999	999
chr16	24612466	24612468	HGSV_207471	N	<INS>	<INS>	INS	329	PASS	0.001873	INFO_AF	NA18497	NA18498	NA18499	0/1	0/0	0/0	1	999	999
chr16	24612466	24612468	HGSV_207471	N	<INS>	<INS>	INS	329	PASS	0.001873	INFO_AF	NA18930	NA18917	NA18916	0/1	0/0	0/0	1	999	999
chr16	24922148	24922162	HGSV_207501	N	<INS:ME:ALU>	<INS:ME:ALU>	INS	281	PASS	0.000156	INFO_AF	NA18485	NA18487	NA18489	0/1	0/0	0/0	1	999	999
chr16	24982268	24982292	HGSV_207507	N	<INS>	<INS>	INS	335	PASS	0.001093	INFO_AF	HG03125	HG03124	HG03123	0/1	0/0	0/0	1	999	999
chr16	25620179	25620179	HGSV_207567	N	<INS>	<INS>	INS	471	PASS	0.007085	INFO_AF	HG03374	HG03373	HG03372	0/1	0/0	0/0	.	.	.
chr16	27558844	27558895	HGSV_207726	N	<INS:ME:ALU>	<INS:ME:ALU>	INS	242	PASS	0.008742	INFO_AF	NA18521	NA18522	NA18523	0/1	0/0	0/0	1	999	999
chr16	31712969	31713020	HGSV_208134	N	<INS:ME:ALU>	<INS:ME:ALU>	INS	281	PASS	0.004839	INFO_AF	NA18875	NA18874	NA18873	0/1	0/0	0/0	1	999	999
chr16	32116451	32116487	HGSV_208171	N	<INS>	<INS>	INS	82	PASS	0.006569	INFO_AF	HG02615	HG02613	HG02614	0/1	0/0	0/0	1	999	999
chr16	32116451	32116487	HGSV_208171	N	<INS>	<INS>	INS	82	PASS	0.006569	INFO_AF	NA19983	NA19982	NA19713	0/1	0/0	0/0	1	999	999
chr16	33029574	33029593	HGSV_208243	N	<INS:ME:ALU>	<INS:ME:ALU>	INS	281	PASS	0.004217	INFO_AF	HG01463	HG01461	HG01462	0/1	0/0	0/0	1	999	999
chr16	33029574	33029593	HGSV_208243	N	<INS:ME:ALU>	<INS:ME:ALU>	INS	281	PASS	0.004217	INFO_AF	HG01532	HG01530	HG01531	0/1	0/0	0/0	1	999	999
chr16	33029574	33029593	HGSV_208243	N	<INS:ME:ALU>	<INS:ME:ALU>	INS	281	PASS	0.004217	INFO_AF	HG02148	HG02146	HG02147	0/1	0/0	0/0	1	999	999
chr16	33029574	33029593	HGSV_208243	N	<INS:ME:ALU>	<INS:ME:ALU>	INS	281	PASS	0.004217	INFO_AF	HG02590	HG02588	HG02589	0/1	0/0	0/0	1	999	999
chr16	33029574	33029593	HGSV_208243	N	<INS:ME:ALU>	<INS:ME:ALU>	INS	281	PASS	0.004217	INFO_AF	HG02668	HG02666	HG02667	0/1	0/0	0/0	1	999	999
chr16	33029574	33029593	HGSV_208243	N	<INS:ME:ALU>	<INS:ME:ALU>	INS	281	PASS	0.004217	INFO_AF	HG02984	HG02982	HG02983	0/1	0/0	0/0	1	999	999
chr16	47824687	47824738	HGSV_208756	N	<INS:ME:ALU>	<INS:ME:ALU>	INS	281	PASS	0.000312	INFO_AF	HG02883	HG02881	HG02882	0/1	0/0	0/0	1	999	999
chr16	51828884	51828888	HGSV_209016	N	<INS>	<INS>	INS	60	PASS	0.006138	INFO_AF	HG02563	HG02561	HG02562	0/1	0/0	0/0	203	999	999
chr16	51828884	51828888	HGSV_209016	N	<INS>	<INS>	INS	60	PASS	0.006138	INFO_AF	HG02773	HG02771	HG02772	0/1	0/0	0/0	1	999	999
chr16	51921489	51921540	HGSV_209023	N	<INS:ME:ALU>	<INS:ME:ALU>	INS	281	PASS	0.000625	INFO_AF	NA19097	NA19096	NA19095	0/1	0/0	0/0	1	999	999
chr16	57149878	57149889	HGSV_209370	N	<INS>	<INS>	INS	50	PASS	0.004375	INFO_AF	NA19145	NA19144	NA19143	0/1	0/0	0/0	1	999	999
chr16	60855091	60855142	HGSV_209698	N	<INS:ME:ALU>	<INS:ME:ALU>	INS	281	PASS	0.000468	INFO_AF	HG02892	HG02890	HG02891	0/1	0/0	0/0	1	999	999
chr16	67619466	67619517	HGSV_210214	N	<INS:ME:ALU>	<INS:ME:ALU>	INS	281	PASS	0.000156	INFO_AF	HG00733	HG00731	HG00732	0/1	0/0	0/0	1	999	999
chr16	68956706	68956741	HGSV_210315	N	<INS>	<INS>	INS	82	PASS	0.002342	INFO_AF	HG04175	HG04173	HG04174	0/1	0/0	0/0	1	999	999
chr16	76071484	76071484	HGSV_210999	N	<INS:ME:ALU>	<INS:ME:ALU>	INS	318	PASS	0.009779	INFO_AF	HG03371	HG03370	HG03369	0/1	0/0	0/0	.	.	.
chr16	77334628	77334628	HGSV_211138	N	<INS>	<INS>	INS	170	PASS	0.004823	INFO_AF	NA19109	NA19107	NA19108	0/1	0/0	0/0	.	.	.
chr16	78782017	78782068	HGSV_211310	N	<INS:ME:ALU>	<INS:ME:ALU>	INS	242	PASS	0.000156	INFO_AF	HG03834	HG03833	HG03832	0/1	0/0	0/0	1	999	999
chr16	82219421	82219466	HGSV_211642	N	<INS:ME:LINE1>	<INS:ME:LINE1>	INS	205	PASS	0.002811	INFO_AF	HG01138	HG01136	HG01137	0/1	0/0	0/0	1	999	999
chr16	83997663	83997669	HGSV_211820	N	<INS>	<INS>	INS	82	PASS	0.005321	INFO_AF	HG03486	HG03484	HG03485	0/1	0/0	0/0	148	999	999
chr16	84478123	84478164	HGSV_211872	N	<INS>	<INS>	INS	321	PASS	0.003278	INFO_AF	NA18500	NA18501	NA18502	0/1	0/0	0/0	1	999	999
chr16	87694941	87694941	HGSV_212217	N	<INS>	<INS>	INS	176	PASS	0.000157	INFO_AF	HG01358	HG01356	HG01357	0/1	0/0	0/0	.	.	.
chr16	88349753	88349835	HGSV_212338	N	<INS>	<INS>	INS	56	PASS	0.002654	INFO_AF	NA18875	NA18874	NA18873	0/1	0/0	0/0	1	999	999
chr16	88349753	88349835	HGSV_212338	N	<INS>	<INS>	INS	56	PASS	0.002654	INFO_AF	NA19659	NA19658	NA19657	0/1	0/0	0/0	1	999	999
chr17	315687	315694	HGSV_212793	N	<INS>	<INS>	INS	63	PASS	0.003298	INFO_AF	HG02055	HG02053	HG02054	0/1	0/0	0/0	1	999	999
chr17	1351417	1351468	HGSV_213056	N	<INS:ME:ALU>	<INS:ME:ALU>	INS	281	PASS	0.000469	INFO_AF	HG01109	HG01107	HG01108	0/1	0/0	0/0	1	999	999
chr17	1696163	1696205	HGSV_213134	N	<INS>	<INS>	INS	309	PASS	0.004527	INFO_AF	HG01987	HG01990	HG02012	0/1	0/0	0/0	508	999	999
chr17	1696163	1696205	HGSV_213134	N	<INS>	<INS>	INS	309	PASS	0.004527	INFO_AF	HG02838	HG02836	HG02837	0/1	0/0	0/0	208	999	999
chr17	2542933	2542951	HGSV_213268	N	<INS>	<INS>	INS	338	PASS	0.004371	INFO_AF	HG01276	HG01274	HG01275	0/1	0/0	0/0	149	999	999
chr17	2542933	2542951	HGSV_213268	N	<INS>	<INS>	INS	338	PASS	0.004371	INFO_AF	HG02240	HG02238	HG02239	0/1	0/0	0/0	1	999	999
chr17	4745774	4745778	HGSV_213614	N	<INS>	<INS>	INS	83	PASS	0.001251	INFO_AF	NA19919	NA19908	NA19909	0/1	0/0	0/0	1	999	999
chr17	6317034	6317069	HGSV_213790	N	<INS>	<INS>	INS	62	PASS	0.007025	INFO_AF	HG02258	HG02314	HG02315	0/1	0/0	0/0	313	999	999
chr17	6317034	6317069	HGSV_213790	N	<INS>	<INS>	INS	62	PASS	0.007025	INFO_AF	NA19919	NA19908	NA19909	0/1	0/0	0/0	1	999	999
chr17	6343766	6343817	HGSV_213795	N	<INS:ME:ALU>	<INS:ME:ALU>	INS	280	PASS	0.000156	INFO_AF	HG01523	HG01521	HG01522	0/1	0/0	0/0	1	999	999
chr17	8489747	8489798	HGSV_214047	N	<INS>	<INS>	INS	73	PASS	0.002035	INFO_AF	NA19139	NA19138	NA19137	0/1	0/0	0/0	1	999	999
chr17	9625604	9625655	HGSV_214164	N	<INS:ME:ALU>	<INS:ME:ALU>	INS	281	PASS	0.002812	INFO_AF	HG01627	HG01625	HG01626	0/1	0/0	0/0	1	999	999
chr17	14185297	14185392	HGSV_214555	N	<INS:ME:ALU>	<INS:ME:ALU>	INS	279	PASS	0.008117	INFO_AF	NA18515	NA18516	NA18517	0/1	0/0	0/0	1	999	999
chr17	15606080	15606115	HGSV_214696	N	<INS>	<INS>	INS	333	PASS	0.006096	INFO_AF	NA18857	NA18856	NA18855	0/1	0/0	0/0	1	999	999
chr17	15791032	15791083	HGSV_214729	N	<INS:ME:LINE1>	<INS:ME:LINE1>	INS	6015	PASS	0.007734	INFO_AF	HG01960	HG01988	HG01989	0/1	0/0	0/0	1	999	999
chr17	16805718	16805718	HGSV_214869	N	<INS:ME:ALU>	<INS:ME:ALU>	INS	316	PASS	0.006032	INFO_AF	HG03197	HG03196	HG03195	0/1	0/0	0/0	.	.	.
chr17	18759467	18759518	HGSV_215071	N	<INS:ME:ALU>	<INS:ME:ALU>	INS	280	PASS	0.003752	INFO_AF	HG01934	HG01932	HG01933	0/1	0/0	0/0	1	999	999
chr17	20832371	20832422	HGSV_215297	N	<INS:ME:ALU>	<INS:ME:ALU>	INS	281	PASS	0.005179	INFO_AF	HG02892	HG02890	HG02891	0/1	0/0	0/0	1	999	999
chr17	21152972	21153023	HGSV_215334	N	<INS:ME:ALU>	<INS:ME:ALU>	INS	279	PASS	0.00921	INFO_AF	NA10842	NA11917	NA11918	0/1	0/0	0/0	1	999	999
chr17	22137156	22137169	HGSV_215478	N	<INS>	<INS>	INS	56	PASS	0.006733	INFO_AF	NA19205	NA19203	NA19204	0/1	0/0	0/0	1	999	999
chr17	22137156	22137169	HGSV_215478	N	<INS>	<INS>	INS	56	PASS	0.006733	INFO_AF	NA19902	NA19900	NA19901	0/1	0/0	0/0	1	999	999
chr17	32838728	32838779	HGSV_216059	N	<INS:ME:ALU>	<INS:ME:ALU>	INS	280	PASS	0.001561	INFO_AF	HG02883	HG02881	HG02882	0/1	0/0	0/0	1	999	999
chr17	33894037	33894071	HGSV_216138	N	<INS>	<INS>	INS	315	PASS	0.004683	INFO_AF	NA10854	NA11839	NA11840	0/1	0/0	0/0	1	999	999
chr17	36409421	36409421	HGSV_216340	N	<INS>	<INS>	INS	220	PASS	0.005424	INFO_AF	HG02773	HG02771	HG02772	0/1	0/0	0/0	.	.	.
chr17	36409421	36409421	HGSV_216340	N	<INS>	<INS>	INS	220	PASS	0.005424	INFO_AF	HG02978	HG02977	HG02976	0/1	0/0	0/0	.	.	.
chr17	38679386	38679426	HGSV_216536	N	<INS>	<INS>	INS	339	PASS	0.005316	INFO_AF	NA12752	NA12760	NA12761	0/1	0/0	0/0	1	999	999
chr17	38679386	38679426	HGSV_216536	N	<INS>	<INS>	INS	339	PASS	0.005316	INFO_AF	NA19683	NA19682	NA19681	0/1	0/0	0/0	575	999	999
chr17	41716909	41716925	HGSV_216854	N	<INS:ME:ALU>	<INS:ME:ALU>	INS	280	PASS	0.003129	INFO_AF	NA10864	NA11893	NA11894	0/1	0/0	0/0	1	999	999
chr17	42695512	42695563	HGSV_216955	N	<INS:ME:SVA>	<INS:ME:SVA>	INS	1288	PASS	0.004371	INFO_AF	HG02463	HG02461	HG02462	0/1	0/0	0/0	1	999	999
chr17	43289980	43289999	HGSV_217017	N	<INS>	<INS>	INS	76	PASS	0.008204	INFO_AF	HG00552	HG01075	HG00551	0/1	0/0	0/0	1	999	999
chr17	43289980	43289999	HGSV_217017	N	<INS>	<INS>	INS	76	PASS	0.008204	INFO_AF	HG01346	HG01344	HG01345	0/1	0/0	0/0	1	999	999
chr17	43289980	43289999	HGSV_217017	N	<INS>	<INS>	INS	76	PASS	0.008204	INFO_AF	HG02662	HG02660	HG02661	0/1	0/0	0/0	1	999	999
chr17	47751140	47751191	HGSV_217438	N	<INS:ME:ALU>	<INS:ME:ALU>	INS	280	PASS	0.000624	INFO_AF	HG01925	HG01923	HG01924	0/1	0/0	0/0	1	999	999
chr17	48206468	48206519	HGSV_217485	N	<INS:ME:ALU>	<INS:ME:ALU>	INS	281	PASS	0.000156	INFO_AF	HG03710	HG03708	HG03709	0/1	0/0	0/0	1	999	999
chr17	52083203	52083254	HGSV_217834	N	<INS:ME:ALU>	<INS:ME:ALU>	INS	281	PASS	0.005171	INFO_AF	NA20128	NA20126	NA20127	0/1	0/0	0/0	1	999	999
chr17	52563493	52563544	HGSV_217858	N	<INS:ME:ALU>	<INS:ME:ALU>	INS	281	PASS	0.005022	INFO_AF	HG03453	HG03451	HG03452	0/1	0/0	0/0	1	999	999
chr17	52563493	52563544	HGSV_217858	N	<INS:ME:ALU>	<INS:ME:ALU>	INS	281	PASS	0.005022	INFO_AF	NA19100	NA19098	NA19099	0/1	0/0	0/0	1	999	999
chr17	53380646	53380697	HGSV_217919	N	<INS:ME:ALU>	<INS:ME:ALU>	INS	281	PASS	0.003906	INFO_AF	NA18869	NA18868	NA18867	0/1	0/0	0/0	922	999	999
chr17	54245888	54245969	HGSV_217994	N	<INS>	<INS>	INS	93	PASS	0.001876	INFO_AF	HG03041	HG03039	HG03040	0/1	0/0	0/0	1	999	999
chr17	54248359	54248410	HGSV_217997	N	<INS:ME:ALU>	<INS:ME:ALU>	INS	280	PASS	0.000781	INFO_AF	HG00535	HG00533	HG00534	0/1	0/0	0/0	1	999	999
chr17	55853563	55853573	HGSV_218099	N	<INS>	<INS>	INS	56	PASS	0.005493	INFO_AF	HG03906	HG03905	HG03904	0/1	0/0	0/0	1	999	999
chr17	58020046	58020079	HGSV_218262	N	<INS>	<INS>	INS	52	PASS	0.009884	INFO_AF	HG01633	HG01631	HG01632	0/1	0/0	0/0	1	999	999
chr17	58020046	58020079	HGSV_218262	N	<INS>	<INS>	INS	52	PASS	0.009884	INFO_AF	HG02612	HG02610	HG02611	0/1	0/0	0/0	1	999	999
chr17	58020046	58020079	HGSV_218262	N	<INS>	<INS>	INS	52	PASS	0.009884	INFO_AF	NA18930	NA18917	NA18916	0/1	0/0	0/0	1	999	999
chr17	59569739	59569756	HGSV_218388	N	<INS>	<INS>	INS	88	PASS	0.009318	INFO_AF	HG01099	HG01097	HG01098	0/1	0/0	0/0	113	999	999
chr17	59569739	59569756	HGSV_218388	N	<INS>	<INS>	INS	88	PASS	0.009318	INFO_AF	HG02841	HG02839	HG02840	0/1	0/0	0/0	1	999	999
chr17	59569739	59569756	HGSV_218388	N	<INS>	<INS>	INS	88	PASS	0.009318	INFO_AF	HG03299	HG03298	HG03297	0/1	0/0	0/0	1	999	999
chr17	59569739	59569756	HGSV_218388	N	<INS>	<INS>	INS	88	PASS	0.009318	INFO_AF	NA18521	NA18522	NA18523	0/1	0/0	0/0	72	999	999
chr17	59818484	59818510	HGSV_218425	N	<INS>	<INS>	INS	313	PASS	0.000312	INFO_AF	HG02889	HG02887	HG02888	0/1	0/0	0/0	1	999	999
chr17	60510044	60510095	HGSV_218499	N	<INS:ME:LINE1>	<INS:ME:LINE1>	INS	1369	PASS	0.006121	INFO_AF	HG03310	HG03311	HG03309	0/1	0/0	0/0	1	999	999
chr17	62240037	62240094	HGSV_218654	N	<INS:ME:ALU>	<INS:ME:ALU>	INS	279	PASS	0.003289	INFO_AF	HG02625	HG02623	HG02624	0/1	0/0	0/0	1	999	999
chr17	62240037	62240094	HGSV_218654	N	<INS:ME:ALU>	<INS:ME:ALU>	INS	279	PASS	0.003289	INFO_AF	HG02815	HG02813	HG02814	0/1	0/0	0/0	313	999	999
chr17	62240037	62240094	HGSV_218654	N	<INS:ME:ALU>	<INS:ME:ALU>	INS	279	PASS	0.003289	INFO_AF	HG02853	HG02851	HG02852	0/1	0/0	0/0	382	999	999
chr17	63297346	63297397	HGSV_218745	N	<INS:ME:ALU>	<INS:ME:ALU>	INS	281	PASS	0.003758	INFO_AF	HG03161	HG03160	HG03159	0/1	0/0	0/0	149	999	999
chr17	63668021	63668072	HGSV_218790	N	<INS:ME:ALU>	<INS:ME:ALU>	INS	281	PASS	0.00921	INFO_AF	HG03137	HG03136	HG03135	0/1	0/0	0/0	1	999	999
chr17	64297244	64297283	HGSV_218854	N	<INS>	<INS>	INS	334	PASS	0.001562	INFO_AF	HG03489	HG03487	HG03488	0/1	0/0	0/0	1	999	999
chr17	64566143	64566194	HGSV_218876	N	<INS:ME:ALU>	<INS:ME:ALU>	INS	281	PASS	0.009835	INFO_AF	HG02717	HG02715	HG02716	0/1	0/0	0/0	1	999	999
chr17	64662418	64662424	HGSV_218890	N	<INS>	<INS>	INS	57	PASS	0.004236	INFO_AF	HG03056	HG03054	HG03055	0/1	0/0	0/0	1	999	999
chr17	64662418	64662424	HGSV_218890	N	<INS>	<INS>	INS	57	PASS	0.004236	INFO_AF	HG03191	HG03190	HG03189	0/1	0/0	0/0	263	999	999
chr17	64662418	64662424	HGSV_218890	N	<INS>	<INS>	INS	57	PASS	0.004236	INFO_AF	NA19221	NA19223	NA19222	0/1	0/0	0/0	364	999	999
chr17	64960372	64960421	HGSV_218920	N	<INS>	<INS>	INS	195	PASS	0.00172	INFO_AF	HG02761	HG02759	HG02760	0/1	0/0	0/0	52	999	999
chr17	65133296	65133332	HGSV_218931	N	<INS>	<INS>	INS	320	PASS	0.002344	INFO_AF	HG01050	HG01048	HG01049	0/1	0/0	0/0	1	999	999
chr17	70891337	70891431	HGSV_219435	N	<INS:ME:ALU>	<INS:ME:ALU>	INS	279	PASS	0.002342	INFO_AF	HG03492	HG03490	HG03491	0/1	0/0	0/0	999	999	999
chr17	70891337	70891431	HGSV_219435	N	<INS:ME:ALU>	<INS:ME:ALU>	INS	279	PASS	0.002342	INFO_AF	NA07019	NA07022	NA07056	0/1	0/0	0/0	999	999	999
chr17	70891337	70891431	HGSV_219435	N	<INS:ME:ALU>	<INS:ME:ALU>	INS	279	PASS	0.002342	INFO_AF	NA19751	NA19750	NA19749	0/1	0/0	0/0	999	999	999
chr17	71727562	71727608	HGSV_219516	N	<INS>	<INS>	INS	213	PASS	0.001718	INFO_AF	HG00591	HG00589	HG00590	0/1	0/0	0/0	1	999	999
chr17	71727562	71727608	HGSV_219516	N	<INS>	<INS>	INS	213	PASS	0.001718	INFO_AF	HG02083	HG02085	HG02084	0/1	0/0	0/0	1	999	999
chr17	71727562	71727608	HGSV_219516	N	<INS>	<INS>	INS	213	PASS	0.001718	INFO_AF	NA19721	NA19720	NA19719	0/1	0/0	0/0	1	999	999
chr17	71858411	71858462	HGSV_219526	N	<INS:ME:ALU>	<INS:ME:ALU>	INS	281	PASS	0.000624	INFO_AF	NA12707	NA12716	NA12717	0/1	0/0	0/0	1	999	999
chr17	72665332	72665383	HGSV_219593	N	<INS:ME:ALU>	<INS:ME:ALU>	INS	279	PASS	0.004527	INFO_AF	HG02880	HG02878	HG02879	0/1	0/0	0/0	1	999	999
chr17	72687200	72687234	HGSV_219598	N	<INS>	<INS>	INS	322	PASS	0.008745	INFO_AF	NA18935	NA18934	NA18933	0/1	0/0	0/0	1	999	999
chr17	72687200	72687234	HGSV_219598	N	<INS>	<INS>	INS	322	PASS	0.008745	INFO_AF	NA19177	NA19175	NA19176	0/1	0/0	0/0	260	999	999
chr17	76925254	76925286	HGSV_220059	N	<INS>	<INS>	INS	63	PASS	0.006738	INFO_AF	HG02273	HG02271	HG02272	0/1	0/0	0/0	1	999	999
chr17	76925254	76925286	HGSV_220059	N	<INS>	<INS>	INS	63	PASS	0.006738	INFO_AF	HG03029	HG03027	HG03028	0/1	0/0	0/0	1	999	999
chr17	76925254	76925286	HGSV_220059	N	<INS>	<INS>	INS	63	PASS	0.006738	INFO_AF	HG03035	HG03033	HG03034	0/1	0/0	0/0	1	999	999
chr17	76925254	76925286	HGSV_220059	N	<INS>	<INS>	INS	63	PASS	0.006738	INFO_AF	HG03344	HG03343	HG03342	0/1	0/0	0/0	1	999	999
chr17	76925254	76925286	HGSV_220059	N	<INS>	<INS>	INS	63	PASS	0.006738	INFO_AF	NA18875	NA18874	NA18873	0/1	0/0	0/0	1	999	999
chr17	80265082	80265109	HGSV_220437	N	<INS>	<INS>	INS	314	PASS	0.006094	INFO_AF	HG01987	HG01990	HG02012	0/1	0/0	0/0	1	999	999
chr17	80265082	80265109	HGSV_220437	N	<INS>	<INS>	INS	314	PASS	0.006094	INFO_AF	HG02463	HG02461	HG02462	0/1	0/0	0/0	1	999	999
chr17	80265082	80265109	HGSV_220437	N	<INS>	<INS>	INS	314	PASS	0.006094	INFO_AF	HG02975	HG02973	HG02974	0/1	0/0	0/0	1	999	999
chr17	80930466	80930470	HGSV_220533	N	<INS>	<INS>	INS	83	PASS	0.007746	INFO_AF	HG00703	HG00701	HG00702	0/1	0/0	0/0	1	999	999
chr17	80930466	80930470	HGSV_220533	N	<INS>	<INS>	INS	83	PASS	0.007746	INFO_AF	HG01511	HG01509	HG01510	0/1	0/0	0/0	1	999	999
chr17	80930466	80930470	HGSV_220533	N	<INS>	<INS>	INS	83	PASS	0.007746	INFO_AF	HG01683	HG01682	HG01684	0/1	0/0	0/0	1	999	999
chr17	80930466	80930470	HGSV_220533	N	<INS>	<INS>	INS	83	PASS	0.007746	INFO_AF	HG01780	HG01781	HG01779	0/1	0/0	0/0	1	999	999
chr17	80930466	80930470	HGSV_220533	N	<INS>	<INS>	INS	83	PASS	0.007746	INFO_AF	HG01952	HG01950	HG01951	0/1	0/0	0/0	1	999	999
chr17	80930466	80930470	HGSV_220533	N	<INS>	<INS>	INS	83	PASS	0.007746	INFO_AF	HG02677	HG02675	HG02676	0/1	0/0	0/0	1	999	999
chr17	80930466	80930470	HGSV_220533	N	<INS>	<INS>	INS	83	PASS	0.007746	INFO_AF	HG02818	HG02816	HG02817	0/1	0/0	0/0	1	999	999
chr17	80930466	80930470	HGSV_220533	N	<INS>	<INS>	INS	83	PASS	0.007746	INFO_AF	NA12878	NA12891	NA12892	0/1	0/0	0/0	1	999	999
chr17	80930466	80930470	HGSV_220533	N	<INS>	<INS>	INS	83	PASS	0.007746	INFO_AF	NA19100	NA19098	NA19099	0/1	0/0	0/0	1	999	999
chr17	80930466	80930470	HGSV_220533	N	<INS>	<INS>	INS	83	PASS	0.007746	INFO_AF	NA19148	NA19146	NA19147	0/1	0/0	0/0	1	999	999
chr17	83127658	83127709	HGSV_220894	N	<INS>	<INS>	INS	85	PASS	0.00706	INFO_AF	HG04187	HG04185	HG04186	0/1	0/0	0/0	1	999	999
chr17	83127658	83127709	HGSV_220894	N	<INS>	<INS>	INS	85	PASS	0.00706	INFO_AF	NA10863	NA12264	NA12234	0/1	0/0	0/0	1	999	999
chr17	83127714	83127794	HGSV_220895	N	<INS>	<INS>	INS	64	PASS	0.005155	INFO_AF	HG02972	HG02971	HG02970	0/1	0/0	0/0	1	999	999
chr17	83127727	83127749	HGSV_220896	N	<INS>	<INS>	INS	82	PASS	0.004221	INFO_AF	HG02770	HG02768	HG02769	0/1	0/0	0/0	1	999	999
chr17	83127727	83127749	HGSV_220896	N	<INS>	<INS>	INS	82	PASS	0.004221	INFO_AF	HG03516	HG03515	HG03514	0/1	0/0	0/0	1	999	999
chr18	10932	10935	HGSV_220934	N	<INS>	<INS>	INS	59	PASS	0.002654	INFO_AF	NA19828	NA19818	NA19819	0/1	0/0	0/0	1	999	999
chr18	791105	791147	HGSV_221060	N	<INS:ME:SVA>	<INS:ME:SVA>	INS	1277	PASS	0.00344	INFO_AF	HG00664	HG00662	HG00663	0/1	0/0	0/0	1	999	999
chr18	1861948	1861999	HGSV_221164	N	<INS:ME:ALU>	<INS:ME:ALU>	INS	278	PASS	0.001875	INFO_AF	HG02770	HG02768	HG02769	0/1	0/0	0/0	1	999	999
chr18	2607836	2607860	HGSV_221239	N	<INS:ME:ALU>	<INS:ME:ALU>	INS	269	PASS	0.006244	INFO_AF	HG02644	HG02642	HG02643	0/1	0/0	0/0	1	999	999
chr18	3566153	3566204	HGSV_221374	N	<INS:ME:ALU>	<INS:ME:ALU>	INS	280	PASS	0.006782	INFO_AF	HG02764	HG02762	HG02763	0/1	0/0	0/0	1	999	999
chr18	3566153	3566204	HGSV_221374	N	<INS:ME:ALU>	<INS:ME:ALU>	INS	280	PASS	0.006782	INFO_AF	NA19919	NA19908	NA19909	0/1	0/0	0/0	1	999	999
chr18	3566153	3566204	HGSV_221374	N	<INS:ME:ALU>	<INS:ME:ALU>	INS	280	PASS	0.006782	INFO_AF	NA19983	NA19982	NA19713	0/1	0/0	0/0	1	999	999
chr18	4266901	4266952	HGSV_221449	N	<INS:ME:ALU>	<INS:ME:ALU>	INS	281	PASS	0.002192	INFO_AF	HG02615	HG02613	HG02614	0/1	0/0	0/0	1	999	999
chr18	4850518	4850569	HGSV_221501	N	<INS:ME:ALU>	<INS:ME:ALU>	INS	280	PASS	0.002192	INFO_AF	HG01499	HG01497	HG01498	0/1	0/0	0/0	496	999	999
chr18	4850518	4850569	HGSV_221501	N	<INS:ME:ALU>	<INS:ME:ALU>	INS	280	PASS	0.002192	INFO_AF	NA12818	NA12829	NA12830	0/1	0/0	0/0	1	999	999
chr18	5127396	5127443	HGSV_221526	N	<INS>	<INS>	INS	65	PASS	0.005308	INFO_AF	HG02596	HG02594	HG02595	0/1	0/0	0/0	1	999	999
chr18	8726504	8726546	HGSV_221826	N	<INS>	<INS>	INS	94	PASS	0.006092	INFO_AF	HG01884	HG01885	HG01956	0/1	0/0	0/0	1	999	999
chr18	9605667	9605718	HGSV_221910	N	<INS:ME:ALU>	<INS:ME:ALU>	INS	281	PASS	0.000156	INFO_AF	HG01969	HG01967	HG01968	0/1	0/0	0/0	1	999	999
chr18	10163449	10163500	HGSV_221965	N	<INS:ME:ALU>	<INS:ME:ALU>	INS	261	PASS	0.004545	INFO_AF	HG01499	HG01497	HG01498	0/1	0/0	0/0	496	999	999
chr18	12024820	12024871	HGSV_222180	N	<INS:ME:ALU>	<INS:ME:ALU>	INS	267	PASS	0.000469	INFO_AF	HG02889	HG02887	HG02888	0/1	0/0	0/0	1	999	999
chr18	12885567	12885618	HGSV_222293	N	<INS:ME:ALU>	<INS:ME:ALU>	INS	281	PASS	0.000156	INFO_AF	HG02030	HG02032	HG02031	0/1	0/0	0/0	1	999	999
chr18	22299592	22299643	HGSV_222668	N	<INS:ME:ALU>	<INS:ME:ALU>	INS	280	PASS	0.003122	INFO_AF	HG03110	HG03109	HG03108	0/1	0/0	0/0	1	999	999
chr18	25506270	25506321	HGSV_222893	N	<INS:ME:ALU>	<INS:ME:ALU>	INS	280	PASS	0.002189	INFO_AF	NA19154	NA19153	NA19152	0/1	0/0	0/0	1	999	999
chr18	26657079	26657108	HGSV_222985	N	<INS>	<INS>	INS	64	PASS	0.000625	INFO_AF	HG00609	HG00607	HG00608	0/1	0/0	0/0	1	999	999
chr18	27517047	27517098	HGSV_223043	N	<INS:ME:ALU>	<INS:ME:ALU>	INS	281	PASS	0.002966	INFO_AF	HG01698	HG01699	HG01697	0/1	0/0	0/0	1	999	999
chr18	27582324	27582375	HGSV_223046	N	<INS:ME:ALU>	<INS:ME:ALU>	INS	280	PASS	0.000156	INFO_AF	NA18484	NA18486	NA18488	0/1	0/0	0/0	1	999	999
chr18	30427095	30427146	HGSV_223293	N	<INS:ME:ALU>	<INS:ME:ALU>	INS	281	PASS	0.005932	INFO_AF	HG01633	HG01631	HG01632	0/1	0/0	0/0	1	999	999
chr18	32154538	32154584	HGSV_223445	N	<INS:ME:ALU>	<INS:ME:ALU>	INS	296	PASS	0.004221	INFO_AF	NA18930	NA18917	NA18916	0/1	0/0	0/0	1	999	999
chr18	32189482	32189533	HGSV_223449	N	<INS:ME:ALU>	<INS:ME:ALU>	INS	255	PASS	0.000625	INFO_AF	NA19145	NA19144	NA19143	0/1	0/0	0/0	1	999	999
chr18	32249622	32249673	HGSV_223452	N	<INS:ME:ALU>	<INS:ME:ALU>	INS	280	PASS	0.004066	INFO_AF	HG03310	HG03311	HG03309	0/1	0/0	0/0	1	999	999
chr18	32249622	32249673	HGSV_223452	N	<INS:ME:ALU>	<INS:ME:ALU>	INS	280	PASS	0.004066	INFO_AF	NA19097	NA19096	NA19095	0/1	0/0	0/0	1	999	999
chr18	32379558	32379600	HGSV_223461	N	<INS>	<INS>	INS	325	PASS	0.006291	INFO_AF	HG00585	HG00583	HG00584	0/1	0/0	0/0	1	999	999
chr18	32379558	32379600	HGSV_223461	N	<INS>	<INS>	INS	325	PASS	0.006291	INFO_AF	HG01925	HG01923	HG01924	0/1	0/0	0/0	1	999	999
chr18	32379558	32379600	HGSV_223461	N	<INS>	<INS>	INS	325	PASS	0.006291	INFO_AF	HG02126	HG02128	HG02127	0/1	0/0	0/0	1	999	999
chr18	32379558	32379600	HGSV_223461	N	<INS>	<INS>	INS	325	PASS	0.006291	INFO_AF	HG02773	HG02771	HG02772	0/1	0/0	0/0	1	999	999
chr18	33288020	33288071	HGSV_223551	N	<INS:ME:ALU>	<INS:ME:ALU>	INS	279	PASS	0.000781	INFO_AF	NA19132	NA19130	NA19131	0/1	0/0	0/0	1	999	999
chr18	33379075	33379099	HGSV_223557	N	<INS>	<INS>	INS	54	PASS	0.005819	INFO_AF	HG02812	HG02810	HG02811	0/1	0/0	0/0	1	999	999
chr18	33379075	33379099	HGSV_223557	N	<INS>	<INS>	INS	54	PASS	0.005819	INFO_AF	NA19718	NA19717	NA19716	0/1	0/0	0/0	313	999	999
chr18	33411612	33411663	HGSV_223565	N	<INS:ME:ALU>	<INS:ME:ALU>	INS	280	PASS	0.001251	INFO_AF	HG02584	HG02582	HG02583	0/1	0/0	0/0	1	999	999
chr18	33440643	33440665	HGSV_223568	N	<INS>	<INS>	INS	60	PASS	0.005308	INFO_AF	HG02622	HG02620	HG02621	0/1	0/0	0/0	1	999	999
chr18	33953480	33953531	HGSV_223608	N	<INS:ME:ALU>	<INS:ME:ALU>	INS	196	PASS	0.003746	INFO_AF	HG01696	HG01694	HG01695	0/1	0/0	0/0	1	999	999
chr18	33980119	33980170	HGSV_223616	N	<INS:ME:ALU>	<INS:ME:ALU>	INS	281	PASS	0.000624	INFO_AF	HG03576	HG03574	HG03575	0/1	0/0	0/0	1	999	999
chr18	35475906	35475957	HGSV_223724	N	<INS:ME:ALU>	<INS:ME:ALU>	INS	281	PASS	0.003122	INFO_AF	HG03248	HG03246	HG03247	0/1	0/0	0/0	1	999	999
chr18	43793890	43793941	HGSV_224403	N	<INS:ME:ALU>	<INS:ME:ALU>	INS	280	PASS	0.007042	INFO_AF	HG03122	HG03120	HG03121	0/1	0/0	0/0	1	999	999
chr18	43793890	43793941	HGSV_224403	N	<INS:ME:ALU>	<INS:ME:ALU>	INS	280	PASS	0.007042	INFO_AF	NA19154	NA19153	NA19152	0/1	0/0	0/0	1	999	999
chr18	43793890	43793941	HGSV_224403	N	<INS:ME:ALU>	<INS:ME:ALU>	INS	280	PASS	0.007042	INFO_AF	NA19983	NA19982	NA19713	0/1	0/0	0/0	1	999	999
chr18	44372496	44372547	HGSV_224449	N	<INS:ME:ALU>	<INS:ME:ALU>	INS	280	PASS	0.003603	INFO_AF	HG03486	HG03484	HG03485	0/1	0/0	0/0	1	999	999
chr18	44372496	44372547	HGSV_224449	N	<INS:ME:ALU>	<INS:ME:ALU>	INS	280	PASS	0.003603	INFO_AF	NA20129	NA19920	NA19921	0/1	0/0	0/0	1	999	999
chr18	45684240	45684291	HGSV_224518	N	<INS:ME:ALU>	<INS:ME:ALU>	INS	281	PASS	0.005313	INFO_AF	NA19224	NA19226	NA19225	0/1	0/0	0/0	1	999	999
chr18	46596165	46596216	HGSV_224603	N	<INS:ME:ALU>	<INS:ME:ALU>	INS	280	PASS	0.003746	INFO_AF	HG02683	HG02681	HG02682	0/1	0/0	0/0	1	999	999
chr18	47194251	47194302	HGSV_224651	N	<INS:ME:ALU>	<INS:ME:ALU>	INS	176	PASS	0.009678	INFO_AF	HG02945	HG02944	HG02943	0/1	0/0	0/0	1	999	999
chr18	47194251	47194302	HGSV_224651	N	<INS:ME:ALU>	<INS:ME:ALU>	INS	176	PASS	0.009678	INFO_AF	NA18863	NA18862	NA18861	0/1	0/0	0/0	1	999	999
chr18	52161972	52162023	HGSV_225042	N	<INS:ME:ALU>	<INS:ME:ALU>	INS	64	PASS	0.002654	INFO_AF	HG03122	HG03120	HG03121	0/1	0/0	0/0	696	999	999
chr18	52783559	52783610	HGSV_225093	N	<INS:ME:ALU>	<INS:ME:ALU>	INS	280	PASS	0.000156	INFO_AF	NA10855	NA11831	NA11832	0/1	0/0	0/0	1	999	999
chr18	55156749	55156791	HGSV_225318	N	<INS>	<INS>	INS	73	PASS	0.000156	INFO_AF	HG00514	HG00512	HG00513	0/1	0/0	0/0	1	999	999
chr18	56532000	56532019	HGSV_225396	N	<INS>	<INS>	INS	174	PASS	0.000781	INFO_AF	HG02972	HG02971	HG02970	0/1	0/0	0/0	1	999	999
chr18	56874843	56874894	HGSV_225420	N	<INS:ME:ALU>	<INS:ME:ALU>	INS	280	PASS	0.008898	INFO_AF	HG02466	HG02464	HG02465	0/1	0/0	0/0	1	999	999
chr18	60958405	60958456	HGSV_225802	N	<INS:ME:ALU>	<INS:ME:ALU>	INS	280	PASS	0.009835	INFO_AF	HG02738	HG02736	HG02737	0/1	0/0	0/0	85	999	999
chr18	61322641	61322692	HGSV_225830	N	<INS:ME:ALU>	<INS:ME:ALU>	INS	280	PASS	0.001094	INFO_AF	HG02563	HG02561	HG02562	0/1	0/0	0/0	1	999	999
chr18	61466123	61466134	HGSV_225833	N	<INS>	<INS>	INS	82	PASS	0.003457	INFO_AF	HG02587	HG02585	HG02586	0/1	0/0	0/0	1	999	999
chr18	61999244	61999295	HGSV_225871	N	<INS:ME:ALU>	<INS:ME:ALU>	INS	281	PASS	0.000937	INFO_AF	NA10861	NA11994	NA11995	0/1	0/0	0/0	1	999	999
chr18	65781768	65781783	HGSV_226207	N	<INS>	<INS>	INS	56	PASS	0.009262	INFO_AF	HG01103	HG01101	HG01102	0/1	0/0	0/0	1	999	999
chr18	65781768	65781783	HGSV_226207	N	<INS>	<INS>	INS	56	PASS	0.009262	INFO_AF	HG01346	HG01344	HG01345	0/1	0/0	0/0	1	999	999
chr18	65781768	65781783	HGSV_226207	N	<INS>	<INS>	INS	56	PASS	0.009262	INFO_AF	HG02701	HG02699	HG02700	0/1	0/0	0/0	1	999	999
chr18	65781768	65781783	HGSV_226207	N	<INS>	<INS>	INS	56	PASS	0.009262	INFO_AF	HG03308	HG03307	HG03306	0/1	0/0	0/0	1	999	999
chr18	65781768	65781783	HGSV_226207	N	<INS>	<INS>	INS	56	PASS	0.009262	INFO_AF	HG03350	HG03352	HG03351	0/1	0/0	0/0	1	999	999
chr18	66740867	66740918	HGSV_226306	N	<INS:ME:ALU>	<INS:ME:ALU>	INS	280	PASS	0.003903	INFO_AF	HG03540	HG03538	HG03539	0/1	0/0	0/0	1	999	999
chr18	68784337	68784388	HGSV_226494	N	<INS:ME:ALU>	<INS:ME:ALU>	INS	279	PASS	0.002349	INFO_AF	NA19174	NA19117	NA19118	0/1	0/0	0/0	1	999	999
chr18	68893419	68893470	HGSV_226510	N	<INS:ME:ALU>	<INS:ME:ALU>	INS	99	PASS	0.000156	INFO_AF	HG01517	HG01515	HG01516	0/1	0/0	0/0	1	999	999
chr18	70411951	70412002	HGSV_226634	N	<INS:ME:ALU>	<INS:ME:ALU>	INS	280	PASS	0.002186	INFO_AF	HG02984	HG02982	HG02983	0/1	0/0	0/0	1	999	999
chr18	72946645	72946696	HGSV_226887	N	<INS:ME:ALU>	<INS:ME:ALU>	INS	280	PASS	0.000781	INFO_AF	HG04184	HG04182	HG04183	0/1	0/0	0/0	1	999	999
chr18	75599015	75599066	HGSV_227096	N	<INS:ME:ALU>	<INS:ME:ALU>	INS	280	PASS	0.003134	INFO_AF	HG02841	HG02839	HG02840	0/1	0/0	0/0	1	999	999
chr18	75778930	75778981	HGSV_227111	N	<INS:ME:ALU>	<INS:ME:ALU>	INS	280	PASS	0.000156	INFO_AF	NA10838	NA12003	NA12004	0/1	0/0	0/0	1	999	999
chr18	76755435	76755486	HGSV_227250	N	<INS:ME:ALU>	<INS:ME:ALU>	INS	272	PASS	0.001094	INFO_AF	HG01526	HG01524	HG01525	0/1	0/0	0/0	1	999	999
chr18	77859770	77859808	HGSV_227383	N	<INS>	<INS>	INS	56	PASS	0.006901	INFO_AF	HG00558	HG00556	HG00557	0/1	0/0	0/0	1	999	999
chr18	77859770	77859808	HGSV_227383	N	<INS>	<INS>	INS	56	PASS	0.006901	INFO_AF	HG03480	HG03478	HG03479	0/1	0/0	0/0	1	999	999
chr18	79060365	79060416	HGSV_227579	N	<INS:ME:ALU>	<INS:ME:ALU>	INS	212	PASS	0.008586	INFO_AF	HG02677	HG02675	HG02676	0/1	0/0	0/0	1	999	999
chr18	79468245	79468296	HGSV_227634	N	<INS:ME:ALU>	<INS:ME:ALU>	INS	281	PASS	0.001877	INFO_AF	HG02954	HG02953	HG02952	0/1	0/0	0/0	1	999	999
chr18	79620021	79620021	HGSV_227664	N	<INS>	<INS>	INS	116	PASS	0.006346	INFO_AF	HG00597	HG00595	HG00596	0/1	0/0	0/0	.	.	.
chr18	79620021	79620021	HGSV_227664	N	<INS>	<INS>	INS	116	PASS	0.006346	INFO_AF	HG01103	HG01101	HG01102	0/1	0/0	0/0	.	.	.
chr18	79620021	79620021	HGSV_227664	N	<INS>	<INS>	INS	116	PASS	0.006346	INFO_AF	HG01433	HG01431	HG01432	0/1	0/0	0/0	.	.	.
chr18	79684972	79684975	HGSV_227680	N	<INS>	<INS>	INS	77	PASS	0.005011	INFO_AF	HG01150	HG01148	HG01149	0/1	0/0	0/0	1	999	999
chr18	79684972	79684975	HGSV_227680	N	<INS>	<INS>	INS	77	PASS	0.005011	INFO_AF	HG01346	HG01344	HG01345	0/1	0/0	0/0	1	999	999
chr18	79684972	79684975	HGSV_227680	N	<INS>	<INS>	INS	77	PASS	0.005011	INFO_AF	HG01774	HG01775	HG01773	0/1	0/0	0/0	1	999	999
chr18	79684972	79684975	HGSV_227680	N	<INS>	<INS>	INS	77	PASS	0.005011	INFO_AF	HG03026	HG03024	HG03025	0/1	0/0	0/0	1	999	999
chr18	79684972	79684975	HGSV_227680	N	<INS>	<INS>	INS	77	PASS	0.005011	INFO_AF	HG03200	HG03199	HG03198	0/1	0/0	0/0	1	999	999
chr18	79684972	79684975	HGSV_227680	N	<INS>	<INS>	INS	77	PASS	0.005011	INFO_AF	HG03807	HG03806	HG03805	0/1	0/0	0/0	1	999	999
chr18	79684972	79684975	HGSV_227680	N	<INS>	<INS>	INS	77	PASS	0.005011	INFO_AF	NA07029	NA06994	NA07000	0/1	0/0	0/0	1	999	999
chr18	79684972	79684975	HGSV_227680	N	<INS>	<INS>	INS	77	PASS	0.005011	INFO_AF	NA19208	NA19207	NA19206	0/1	0/0	0/0	1	999	999
chr19	510159	510209	HGSV_227876	N	<INS>	<INS>	INS	191	PASS	0.004215	INFO_AF	HG02975	HG02973	HG02974	0/1	0/0	0/0	1	999	999
chr19	2254905	2254952	HGSV_228278	N	<INS>	<INS>	INS	327	PASS	0.002186	INFO_AF	HG03704	HG03702	HG03703	0/1	0/0	0/0	1	999	999
chr19	4158213	4158220	HGSV_228684	N	<INS>	<INS>	INS	312	PASS	0.002499	INFO_AF	NA18925	NA18923	NA18924	0/1	0/0	0/0	1	999	999
chr19	5303944	5303951	HGSV_228886	N	<INS>	<INS>	INS	53	PASS	0.00281	INFO_AF	HG01782	HG01783	HG01784	0/1	0/0	0/0	1	999	999
chr19	5910831	5910866	HGSV_228997	N	<INS>	<INS>	INS	320	PASS	0.001718	INFO_AF	NA19115	NA19113	NA19114	0/1	0/0	0/0	1	999	999
chr19	5910831	5910866	HGSV_228997	N	<INS>	<INS>	INS	320	PASS	0.001718	INFO_AF	NA19205	NA19203	NA19204	0/1	0/0	0/0	1	999	999
chr19	8325925	8325962	HGSV_229366	N	<INS>	<INS>	INS	319	PASS	0.005313	INFO_AF	HG02630	HG02628	HG02629	0/1	0/0	0/0	1	999	999
chr19	13971736	13971772	HGSV_230063	N	<INS>	<INS>	INS	165	PASS	0.000624	INFO_AF	HG04151	HG04149	HG04150	0/1	0/0	0/0	1	999	999
chr19	17554507	17554541	HGSV_230542	N	<INS>	<INS>	INS	337	PASS	0.000624	INFO_AF	NA18914	NA18913	NA18912	0/1	0/0	0/0	1	999	999
chr19	20198946	20198997	HGSV_230879	N	<INS:ME:ALU>	<INS:ME:ALU>	INS	281	PASS	0.005945	INFO_AF	HG03041	HG03039	HG03040	0/1	0/0	0/0	1	999	999
chr19	20198946	20198997	HGSV_230879	N	<INS:ME:ALU>	<INS:ME:ALU>	INS	281	PASS	0.005945	INFO_AF	NA18906	NA18877	NA18876	0/1	0/0	0/0	1	999	999
chr19	21261834	21261838	HGSV_231029	N	<INS>	<INS>	INS	98	PASS	0.007827	INFO_AF	HG03310	HG03311	HG03309	0/1	0/0	0/0	1	999	999
chr19	21495500	21495551	HGSV_231066	N	<INS:ME:SVA>	<INS:ME:SVA>	INS	1240	PASS	0.003128	INFO_AF	HG02653	HG02651	HG02652	0/1	0/0	0/0	1	999	999
chr19	22011653	22011704	HGSV_231153	N	<INS:ME:ALU>	<INS:ME:ALU>	INS	281	PASS	0.007805	INFO_AF	NA18518	NA18519	NA18520	0/1	0/0	0/0	1	999	999
chr19	22142252	22142274	HGSV_231164	N	<INS>	<INS>	INS	313	PASS	0.005467	INFO_AF	HG02897	HG02895	HG02896	0/1	0/0	0/0	1	999	999
chr19	22142252	22142274	HGSV_231164	N	<INS>	<INS>	INS	313	PASS	0.005467	INFO_AF	NA18497	NA18498	NA18499	0/1	0/0	0/0	1	999	999
chr19	22957994	22958050	HGSV_231283	N	<INS:ME:ALU>	<INS:ME:ALU>	INS	160	PASS	0.008797	INFO_AF	HG02466	HG02464	HG02465	0/1	0/0	0/0	469	999	999
chr19	28534024	28534048	HGSV_231496	N	<INS>	<INS>	INS	77	PASS	0.008014	INFO_AF	NA18857	NA18856	NA18855	0/1	0/0	0/0	1	999	999
chr19	29228428	29228442	HGSV_231553	N	<INS:ME:ALU>	<INS:ME:ALU>	INS	281	PASS	0.000469	INFO_AF	NA12485	NA12413	NA12414	0/1	0/0	0/0	1	999	999
chr19	30318004	30318055	HGSV_231672	N	<INS:ME:ALU>	<INS:ME:ALU>	INS	281	PASS	0.000624	INFO_AF	HG03191	HG03190	HG03189	0/1	0/0	0/0	1	999	999
chr19	32239972	32240023	HGSV_231818	N	<INS:ME:ALU>	<INS:ME:ALU>	INS	280	PASS	0.005151	INFO_AF	NA19115	NA19113	NA19114	0/1	0/0	0/0	52	999	999
chr19	36722962	36723013	HGSV_232283	N	<INS:ME:ALU>	<INS:ME:ALU>	INS	236	PASS	0.009245	INFO_AF	NA19919	NA19908	NA19909	0/1	0/0	0/0	365	999	999
chr19	42475542	42475593	HGSV_232909	N	<INS:ME:ALU>	<INS:ME:ALU>	INS	280	PASS	0.001093	INFO_AF	HG02625	HG02623	HG02624	0/1	0/0	0/0	1	999	999
chr19	43610545	43610578	HGSV_233048	N	<INS:ME:ALU>	<INS:ME:ALU>	INS	281	PASS	0.005932	INFO_AF	HG02596	HG02594	HG02595	0/1	0/0	0/0	1	999	999
chr19	44005482	44005533	HGSV_233093	N	<INS:ME:ALU>	<INS:ME:ALU>	INS	280	PASS	0.000312	INFO_AF	HG01604	HG01606	HG01605	0/1	0/0	0/0	1	999	999
chr19	44111017	44111020	HGSV_233098	N	<INS:ME:ALU>	<INS:ME:ALU>	INS	121	PASS	0.00843	INFO_AF	HG01916	HG01914	HG01915	0/1	0/0	0/0	347	999	999
chr19	44111017	44111020	HGSV_233098	N	<INS:ME:ALU>	<INS:ME:ALU>	INS	121	PASS	0.00843	INFO_AF	NA18925	NA18923	NA18924	0/1	0/0	0/0	1	999	999
chr19	44999126	44999161	HGSV_233191	N	<INS>	<INS>	INS	333	PASS	0.002033	INFO_AF	HG03131	HG03130	HG03129	0/1	0/0	0/0	113	999	999
chr19	46396532	46396583	HGSV_233342	N	<INS:ME:ALU>	<INS:ME:ALU>	INS	266	PASS	0.002033	INFO_AF	HG02809	HG02807	HG02808	0/1	0/0	0/0	1	999	999
chr19	47226108	47226132	HGSV_233472	N	<INS>	<INS>	INS	51	PASS	0.001718	INFO_AF	HG01888	HG01882	HG01883	0/1	0/0	0/0	1	999	999
chr19	47413908	47413950	HGSV_233501	N	<INS>	<INS>	INS	307	PASS	0.000625	INFO_AF	HG03248	HG03246	HG03247	0/1	0/0	0/0	1	999	999
chr19	50251520	50251523	HGSV_233930	N	<INS>	<INS>	INS	58	PASS	0.004705	INFO_AF	NA18914	NA18913	NA18912	0/1	0/0	0/0	1	999	999
chr19	50492980	50493023	HGSV_233967	N	<INS>	<INS>	INS	331	PASS	0.000781	INFO_AF	HG01109	HG01107	HG01108	0/1	0/0	0/0	1	999	999
chr19	50492980	50493023	HGSV_233967	N	<INS>	<INS>	INS	331	PASS	0.000781	INFO_AF	HG02059	HG02061	HG02060	0/1	0/0	0/0	1	999	999
chr19	51853980	51854031	HGSV_234139	N	<INS:ME:ALU>	<INS:ME:ALU>	INS	281	PASS	0.004382	INFO_AF	NA19123	NA19121	NA19122	0/1	0/0	0/0	1	999	999
chr19	52170087	52170138	HGSV_234160	N	<INS:ME:SVA>	<INS:ME:SVA>	INS	1240	PASS	0.006461	INFO_AF	HG02770	HG02768	HG02769	0/1	0/0	0/0	1	999	999
chr19	53270075	53270075	HGSV_234352	N	<INS>	<INS>	INS	117	PASS	0.00237	INFO_AF	NA19097	NA19096	NA19095	0/1	0/0	0/0	.	.	.
chr19	53657535	53657536	HGSV_234445	N	<INS:ME:ALU>	<INS:ME:ALU>	INS	279	PASS	0.009893	INFO_AF	HG02717	HG02715	HG02716	0/1	0/0	0/0	1	999	999
chr19	53657535	53657536	HGSV_234445	N	<INS:ME:ALU>	<INS:ME:ALU>	INS	279	PASS	0.009893	INFO_AF	HG02723	HG02721	HG02722	0/1	0/0	0/0	1	999	999
chr19	53657535	53657536	HGSV_234445	N	<INS:ME:ALU>	<INS:ME:ALU>	INS	279	PASS	0.009893	INFO_AF	HG02892	HG02890	HG02891	0/1	0/0	0/0	1	999	999
chr19	53657535	53657536	HGSV_234445	N	<INS:ME:ALU>	<INS:ME:ALU>	INS	279	PASS	0.009893	INFO_AF	NA18925	NA18923	NA18924	0/1	0/0	0/0	1	999	999
chr19	54109833	54109843	HGSV_234554	N	<INS>	<INS>	INS	81	PASS	0.004063	INFO_AF	HG01667	HG01669	HG01668	0/1	0/0	0/0	1	999	999
chr19	54109833	54109843	HGSV_234554	N	<INS>	<INS>	INS	81	PASS	0.004063	INFO_AF	HG02321	HG02281	HG02282	0/1	0/0	0/0	1	999	999
chr19	55404033	55404057	HGSV_234830	N	<INS:ME:ALU>	<INS:ME:ALU>	INS	280	PASS	0.009013	INFO_AF	HG02622	HG02620	HG02621	0/1	0/0	0/0	839	999	999
chr19	55404033	55404057	HGSV_234830	N	<INS:ME:ALU>	<INS:ME:ALU>	INS	280	PASS	0.009013	INFO_AF	HG02800	HG02798	HG02799	0/1	0/0	0/0	1	999	999
chr19	55404033	55404057	HGSV_234830	N	<INS:ME:ALU>	<INS:ME:ALU>	INS	280	PASS	0.009013	INFO_AF	HG02975	HG02973	HG02974	0/1	0/0	0/0	63	999	999
chr19	55404033	55404057	HGSV_234830	N	<INS:ME:ALU>	<INS:ME:ALU>	INS	280	PASS	0.009013	INFO_AF	HG03170	HG03169	HG03168	0/1	0/0	0/0	25	999	999
chr19	55404033	55404057	HGSV_234830	N	<INS:ME:ALU>	<INS:ME:ALU>	INS	280	PASS	0.009013	INFO_AF	HG03371	HG03370	HG03369	0/1	0/0	0/0	1	999	999
chr19	55404033	55404057	HGSV_234830	N	<INS:ME:ALU>	<INS:ME:ALU>	INS	280	PASS	0.009013	INFO_AF	NA18500	NA18501	NA18502	0/1	0/0	0/0	1	999	999
chr19	55404033	55404057	HGSV_234830	N	<INS:ME:ALU>	<INS:ME:ALU>	INS	280	PASS	0.009013	INFO_AF	NA18518	NA18519	NA18520	0/1	0/0	0/0	1	999	999
chr19	55404033	55404057	HGSV_234830	N	<INS:ME:ALU>	<INS:ME:ALU>	INS	280	PASS	0.009013	INFO_AF	NA19983	NA19982	NA19713	0/1	0/0	0/0	1	999	999
chr19	55557378	55557429	HGSV_234868	N	<INS>	<INS>	INS	182	PASS	0.004059	INFO_AF	NA19100	NA19098	NA19099	0/1	0/0	0/0	1	999	999
chr19	57379742	57379746	HGSV_235118	N	<INS>	<INS>	INS	67	PASS	0.007649	INFO_AF	HG00535	HG00533	HG00534	0/1	0/0	0/0	203	999	999
chr19	57932556	57932607	HGSV_235208	N	<INS:ME:ALU>	<INS:ME:ALU>	INS	281	PASS	0.000781	INFO_AF	HG03516	HG03515	HG03514	0/1	0/0	0/0	1	999	999
chr19	58410543	58410582	HGSV_235284	N	<INS>	<INS>	INS	52	PASS	0.002977	INFO_AF	NA18521	NA18522	NA18523	0/1	0/0	0/0	1	999	999
chr2	214467	214518	HGSV_19773	N	<INS>	<INS>	INS	72	PASS	0.004408	INFO_AF	HG02853	HG02851	HG02852	0/1	0/0	0/0	1	999	999
chr2	214467	214518	HGSV_19773	N	<INS>	<INS>	INS	72	PASS	0.004408	INFO_AF	HG03584	HG03582	HG03583	0/1	0/0	0/0	1	999	999
chr2	214467	214518	HGSV_19773	N	<INS>	<INS>	INS	72	PASS	0.004408	INFO_AF	HG03605	HG03606	HG03607	0/1	0/0	0/0	1	999	999
chr2	214467	214518	HGSV_19773	N	<INS>	<INS>	INS	72	PASS	0.004408	INFO_AF	HG04036	HG03943	HG03944	0/1	0/0	0/0	1	999	999
chr2	214467	214518	HGSV_19773	N	<INS>	<INS>	INS	72	PASS	0.004408	INFO_AF	NA06995	NA07435	NA07037	0/1	0/0	0/0	1	999	999
chr2	416681	416700	HGSV_19793	N	<INS>	<INS>	INS	99	PASS	0.005653	INFO_AF	HG02091	HG02090	HG02089	0/1	0/0	0/0	163	999	999
chr2	416681	416700	HGSV_19793	N	<INS>	<INS>	INS	99	PASS	0.005653	INFO_AF	NA19186	NA19184	NA19185	0/1	0/0	0/0	1	999	999
chr2	416686	416700	HGSV_19794	N	<INS>	<INS>	INS	99	PASS	0.009419	INFO_AF	NA19186	NA19184	NA19185	0/1	0/0	0/0	1	999	999
chr2	3180456	3180485	HGSV_20248	N	<INS>	<INS>	INS	73	PASS	0.009525	INFO_AF	HG01579	HG01577	HG01578	0/1	0/0	0/0	1	999	999
chr2	3180456	3180485	HGSV_20248	N	<INS>	<INS>	INS	73	PASS	0.009525	INFO_AF	HG02055	HG02053	HG02054	0/1	0/0	0/0	1	999	999
chr2	3180456	3180485	HGSV_20248	N	<INS>	<INS>	INS	73	PASS	0.009525	INFO_AF	HG02451	HG02449	HG02450	0/1	0/0	0/0	1	999	31
chr2	3180456	3180485	HGSV_20248	N	<INS>	<INS>	INS	73	PASS	0.009525	INFO_AF	HG03296	HG03295	HG03294	0/1	0/0	0/0	1	999	999
chr2	3180456	3180485	HGSV_20248	N	<INS>	<INS>	INS	73	PASS	0.009525	INFO_AF	HG03605	HG03606	HG03607	0/1	0/0	0/0	1	999	999
chr2	3180456	3180485	HGSV_20248	N	<INS>	<INS>	INS	73	PASS	0.009525	INFO_AF	NA18854	NA18853	NA18852	0/1	0/0	0/0	1	999	999
chr2	3180456	3180485	HGSV_20248	N	<INS>	<INS>	INS	73	PASS	0.009525	INFO_AF	NA19751	NA19750	NA19749	0/1	0/0	0/0	1	999	999
chr2	4338112	4338163	HGSV_20387	N	<INS>	<INS>	INS	333	PASS	0.003438	INFO_AF	HG03260	HG03258	HG03259	0/1	0/0	0/0	1	999	999
chr2	7380097	7380097	HGSV_20635	N	<INS>	<INS>	INS	117	PASS	0.008781	INFO_AF	NA19730	NA19729	NA19728	0/1	0/0	0/0	.	.	.
chr2	7673799	7673850	HGSV_20654	N	<INS:ME:ALU>	<INS:ME:ALU>	INS	280	PASS	0.007337	INFO_AF	HG01667	HG01669	HG01668	0/1	0/0	0/0	63	999	999
chr2	7673799	7673850	HGSV_20654	N	<INS:ME:ALU>	<INS:ME:ALU>	INS	280	PASS	0.007337	INFO_AF	HG01703	HG01705	HG01704	0/1	0/0	0/0	1	999	999
chr2	9080960	9081011	HGSV_20768	N	<INS:ME:ALU>	<INS:ME:ALU>	INS	278	PASS	0.007805	INFO_AF	HG01573	HG01571	HG01572	0/1	0/0	0/0	1	999	999
chr2	11545870	11545896	HGSV_21016	N	<INS>	<INS>	INS	320	PASS	0.000468	INFO_AF	HG03122	HG03120	HG03121	0/1	0/0	0/0	1	999	999
chr2	14091545	14091596	HGSV_21241	N	<INS:ME:ALU>	<INS:ME:ALU>	INS	274	PASS	0.000937	INFO_AF	HG01887	HG02014	HG01886	0/1	0/0	0/0	1	999	999
chr2	15567927	15567962	HGSV_21362	N	<INS>	<INS>	INS	317	PASS	0.003123	INFO_AF	HG02818	HG02816	HG02817	0/1	0/0	0/0	1	999	999
chr2	19566232	19566283	HGSV_21679	N	<INS:ME:ALU>	<INS:ME:ALU>	INS	244	PASS	0.005488	INFO_AF	HG03128	HG03127	HG03126	0/1	0/0	0/0	411	999	999
chr2	19627934	19627985	HGSV_21686	N	<INS:ME:ALU>	<INS:ME:ALU>	INS	281	PASS	0.001249	INFO_AF	NA19173	NA19171	NA19172	0/1	0/0	0/0	1	999	999
chr2	24059239	24059290	HGSV_22020	N	<INS:ME:ALU>	<INS:ME:ALU>	INS	65	PASS	0.006244	INFO_AF	HG02800	HG02798	HG02799	0/1	0/0	0/0	1	999	999
chr2	24324377	24324428	HGSV_22041	N	<INS:ME:ALU>	<INS:ME:ALU>	INS	278	PASS	0.000781	INFO_AF	HG00423	HG00421	HG00422	0/1	0/0	0/0	1	999	999
chr2	27538272	27538323	HGSV_22376	N	<INS:ME:ALU>	<INS:ME:ALU>	INS	266	PASS	0.005308	INFO_AF	NA18911	NA18910	NA18909	0/1	0/0	0/0	1	999	999
chr2	27910338	27910356	HGSV_22413	N	<INS>	<INS>	INS	281	PASS	0.007651	INFO_AF	NA18500	NA18501	NA18502	0/1	0/0	0/0	1	999	999
chr2	28835640	28835691	HGSV_22504	N	<INS:ME:ALU>	<INS:ME:ALU>	INS	280	PASS	0.000156	INFO_AF	HG02704	HG02702	HG02703	0/1	0/0	0/0	1	999	999
chr2	33617604	33617655	HGSV_22901	N	<INS:ME:ALU>	<INS:ME:ALU>	INS	281	PASS	0.006244	INFO_AF	NA19154	NA19153	NA19152	0/1	0/0	0/0	1	999	999
chr2	33946086	33946092	HGSV_22946	N	<INS:ME:ALU>	<INS:ME:ALU>	INS	280	PASS	0.005336	INFO_AF	HG02572	HG02570	HG02571	0/1	0/0	0/0	1	999	999
chr2	33946086	33946092	HGSV_22946	N	<INS:ME:ALU>	<INS:ME:ALU>	INS	280	PASS	0.005336	INFO_AF	HG02838	HG02836	HG02837	0/1	0/0	0/0	1	999	999
chr2	37559839	37559877	HGSV_23293	N	<INS>	<INS>	INS	317	PASS	0.002654	INFO_AF	HG02575	HG02573	HG02574	0/1	0/0	0/0	1	999	999
chr2	37559839	37559877	HGSV_23293	N	<INS>	<INS>	INS	317	PASS	0.002654	INFO_AF	HG02897	HG02895	HG02896	0/1	0/0	0/0	1	999	999
chr2	41792329	41792380	HGSV_23672	N	<INS:ME:ALU>	<INS:ME:ALU>	INS	69	PASS	0.005489	INFO_AF	NA10856	NA11829	NA11830	0/1	0/0	0/0	1	999	999
chr2	42047789	42047799	HGSV_23700	N	<INS>	<INS>	INS	51	PASS	0.002665	INFO_AF	NA20358	NA20356	NA20357	0/1	0/0	0/0	1	999	999
chr2	44528926	44528977	HGSV_23990	N	<INS:ME:ALU>	<INS:ME:ALU>	INS	279	PASS	0.002503	INFO_AF	HG03915	HG03914	HG03913	0/1	0/0	0/0	1	999	999
chr2	44727566	44727617	HGSV_24009	N	<INS:ME:ALU>	<INS:ME:ALU>	INS	281	PASS	0.000156	INFO_AF	HG02659	HG02657	HG02658	0/1	0/0	0/0	1	999	999
chr2	48232283	48232286	HGSV_24317	N	<INS:ME:ALU>	<INS:ME:ALU>	INS	277	PASS	0.003905	INFO_AF	HG03260	HG03258	HG03259	0/1	0/0	0/0	1	999	999
chr2	48303474	48303525	HGSV_24323	N	<INS:ME:ALU>	<INS:ME:ALU>	INS	182	PASS	0.001875	INFO_AF	HG02704	HG02702	HG02703	0/1	0/0	0/0	1	999	999
chr2	50184730	50184772	HGSV_24492	N	<INS:ME:ALU>	<INS:ME:ALU>	INS	279	PASS	0.004683	INFO_AF	HG03296	HG03295	HG03294	0/1	0/0	0/0	1	999	999
chr2	50184730	50184772	HGSV_24492	N	<INS:ME:ALU>	<INS:ME:ALU>	INS	279	PASS	0.004683	INFO_AF	HG03308	HG03307	HG03306	0/1	0/0	0/0	1	999	999
chr2	53429774	53429825	HGSV_24831	N	<INS:ME:ALU>	<INS:ME:ALU>	INS	86	PASS	0.000156	INFO_AF	HG01520	HG01518	HG01519	0/1	0/0	0/0	496	999	999
chr2	54230730	54230781	HGSV_24909	N	<INS:ME:ALU>	<INS:ME:ALU>	INS	281	PASS	0.002031	INFO_AF	HG02972	HG02971	HG02970	0/1	0/0	0/0	1	999	999
chr2	54230730	54230781	HGSV_24909	N	<INS:ME:ALU>	<INS:ME:ALU>	INS	281	PASS	0.002031	INFO_AF	NA19205	NA19203	NA19204	0/1	0/0	0/0	1	999	999
chr2	57750166	57750217	HGSV_25272	N	<INS:ME:ALU>	<INS:ME:ALU>	INS	281	PASS	0.009251	INFO_AF	HG01891	HG01890	HG01889	0/1	0/0	0/0	1	999	999
chr2	58315716	58315716	HGSV_25320	N	<INS>	<INS>	INS	436	PASS	0.004484	INFO_AF	HG03296	HG03295	HG03294	0/1	0/0	0/0	.	.	.
chr2	58315716	58315716	HGSV_25320	N	<INS>	<INS>	INS	436	PASS	0.004484	INFO_AF	NA19094	NA19092	NA19093	0/1	0/0	0/0	.	.	.
chr2	59949229	59949241	HGSV_25462	N	<INS:ME:ALU>	<INS:ME:ALU>	INS	281	PASS	0.00125	INFO_AF	HG02240	HG02238	HG02239	0/1	0/0	0/0	1	999	999
chr2	66270213	66270264	HGSV_25980	N	<INS:ME:ALU>	<INS:ME:ALU>	INS	280	PASS	0.000624	INFO_AF	HG02280	HG02307	HG02308	0/1	0/0	0/0	1	999	999
chr2	66637075	66637126	HGSV_26016	N	<INS:ME:ALU>	<INS:ME:ALU>	INS	281	PASS	0.006264	INFO_AF	NA19100	NA19098	NA19099	0/1	0/0	0/0	1	999	999
chr2	73154506	73154510	HGSV_26533	N	<INS>	<INS>	INS	52	PASS	0.003127	INFO_AF	NA19705	NA19703	NA19704	0/1	0/0	0/0	1	999	999
chr2	76924613	76924664	HGSV_26860	N	<INS:ME:ALU>	<INS:ME:ALU>	INS	281	PASS	0.003903	INFO_AF	HG03200	HG03199	HG03198	0/1	0/0	0/0	1	999	999
chr2	77465886	77465938	HGSV_26919	N	<INS>	<INS>	INS	70	PASS	0.005311	INFO_AF	NA19760	NA19759	NA19758	0/1	0/0	0/0	313	999	999
chr2	81167657	81167692	HGSV_27234	N	<INS>	<INS>	INS	58	PASS	0.008991	INFO_AF	HG01126	HG01124	HG01125	0/1	0/0	0/0	1	999	999
chr2	81167657	81167692	HGSV_27234	N	<INS>	<INS>	INS	58	PASS	0.008991	INFO_AF	HG02862	HG02860	HG02861	0/1	0/0	0/0	1	999	999
chr2	81167657	81167692	HGSV_27234	N	<INS>	<INS>	INS	58	PASS	0.008991	INFO_AF	HG03047	HG03045	HG03046	0/1	0/0	0/0	1	999	999
chr2	81167657	81167692	HGSV_27234	N	<INS>	<INS>	INS	58	PASS	0.008991	INFO_AF	HG03200	HG03199	HG03198	0/1	0/0	0/0	1	999	999
chr2	81167657	81167692	HGSV_27234	N	<INS>	<INS>	INS	58	PASS	0.008991	INFO_AF	NA19671	NA19670	NA19669	0/1	0/0	0/0	1	999	999
chr2	82245325	82245325	HGSV_27330	N	<INS>	<INS>	INS	192	PASS	0.003531	INFO_AF	NA19174	NA19117	NA19118	0/1	0/0	0/0	.	.	.
chr2	82440620	82440671	HGSV_27345	N	<INS:ME:ALU>	<INS:ME:ALU>	INS	96	PASS	0.008742	INFO_AF	NA19161	NA19160	NA19159	0/1	0/0	0/0	1	999	999
chr2	87967145	87967145	HGSV_27796	N	<INS>	<INS>	INS	1383	PASS	0.001553	INFO_AF	HG03825	HG03824	HG03823	0/1	0/0	0/0	.	.	.
chr2	88708241	88708292	HGSV_27865	N	<INS:ME:ALU>	<INS:ME:ALU>	INS	281	PASS	0.000625	INFO_AF	HG03834	HG03833	HG03832	0/1	0/0	0/0	1	999	999
chr2	89059974	89060012	HGSV_27991	N	<INS>	<INS>	INS	53	PASS	0.007899	INFO_AF	HG02897	HG02895	HG02896	0/1	0/0	0/0	915	999	999
chr2	89059974	89060012	HGSV_27991	N	<INS>	<INS>	INS	53	PASS	0.007899	INFO_AF	HG02948	HG02947	HG02946	0/1	0/0	0/0	616	999	999
chr2	89059974	89060012	HGSV_27991	N	<INS>	<INS>	INS	53	PASS	0.007899	INFO_AF	NA19186	NA19184	NA19185	0/1	0/0	0/0	768	999	999
chr2	94240531	94240531	HGSV_28211	N	<INS>	<INS>	INS	145	PASS	0.002888	INFO_AF	NA19208	NA19207	NA19206	0/1	0/0	0/0	.	.	.
chr2	99113726	99113763	HGSV_28448	N	<INS>	<INS>	INS	201	PASS	0.007181	INFO_AF	NA07348	NA07357	NA07345	0/1	0/0	0/0	1	999	999
chr2	102927269	102927320	HGSV_28702	N	<INS:ME:ALU>	<INS:ME:ALU>	INS	281	PASS	0.000156	INFO_AF	HG03710	HG03708	HG03709	0/1	0/0	0/0	1	999	999
chr2	104723204	104723255	HGSV_28835	N	<INS:ME:ALU>	<INS:ME:ALU>	INS	281	PASS	0.007051	INFO_AF	NA12767	NA12777	NA12778	0/1	0/0	0/0	1	999	999
chr2	104824443	104824447	HGSV_28847	N	<INS>	<INS>	INS	68	PASS	0.007839	INFO_AF	HG00474	HG00472	HG00473	0/1	0/0	0/0	1	999	999
chr2	104824443	104824447	HGSV_28847	N	<INS>	<INS>	INS	68	PASS	0.007839	INFO_AF	HG00706	HG00704	HG00705	0/1	0/0	0/0	1	999	999
chr2	104824443	104824447	HGSV_28847	N	<INS>	<INS>	INS	68	PASS	0.007839	INFO_AF	HG02129	HG02131	HG02130	0/1	0/0	0/0	1	999	999
chr2	104824443	104824447	HGSV_28847	N	<INS>	<INS>	INS	68	PASS	0.007839	INFO_AF	HG03596	HG03594	HG03595	0/1	0/0	0/0	1	999	999
chr2	104824443	104824447	HGSV_28847	N	<INS>	<INS>	INS	68	PASS	0.007839	INFO_AF	NA06995	NA07435	NA07037	0/1	0/0	0/0	1	999	999
chr2	108228090	108228093	HGSV_29134	N	<INS>	<INS>	INS	56	PASS	0.008517	INFO_AF	HG03029	HG03027	HG03028	0/1	0/0	0/0	1	999	999
chr2	108228090	108228093	HGSV_29134	N	<INS>	<INS>	INS	56	PASS	0.008517	INFO_AF	HG03116	HG03115	HG03114	0/1	0/0	0/0	1	999	999
chr2	113429603	113429614	HGSV_29505	N	<INS>	<INS>	INS	318	PASS	0.004068	INFO_AF	HG03516	HG03515	HG03514	0/1	0/0	0/0	1	999	999
chr2	113429603	113429614	HGSV_29505	N	<INS>	<INS>	INS	318	PASS	0.004068	INFO_AF	HG03710	HG03708	HG03709	0/1	0/0	0/0	1	999	999
chr2	117061881	117061932	HGSV_29825	N	<INS:ME:ALU>	<INS:ME:ALU>	INS	277	PASS	0.004371	INFO_AF	HG02625	HG02623	HG02624	0/1	0/0	0/0	1	999	999
chr2	117250559	117250610	HGSV_29850	N	<INS:ME:ALU>	<INS:ME:ALU>	INS	266	PASS	0.000156	INFO_AF	HG01150	HG01148	HG01149	0/1	0/0	0/0	1	999	999
chr2	117744304	117744355	HGSV_29894	N	<INS:ME:ALU>	<INS:ME:ALU>	INS	280	PASS	0.00393	INFO_AF	HG02889	HG02887	HG02888	0/1	0/0	0/0	1	999	999
chr2	118445130	118445181	HGSV_29948	N	<INS:ME:ALU>	<INS:ME:ALU>	INS	280	PASS	0.00125	INFO_AF	HG04187	HG04185	HG04186	0/1	0/0	0/0	1	999	999
chr2	119444230	119444255	HGSV_30007	N	<INS>	<INS>	INS	52	PASS	0.009573	INFO_AF	HG00447	HG00445	HG00446	0/1	0/0	0/0	1	999	999
chr2	119444230	119444255	HGSV_30007	N	<INS>	<INS>	INS	52	PASS	0.009573	INFO_AF	HG01887	HG02014	HG01886	0/1	0/0	0/0	1	999	999
chr2	119444230	119444255	HGSV_30007	N	<INS>	<INS>	INS	52	PASS	0.009573	INFO_AF	HG02321	HG02281	HG02282	0/1	0/0	0/0	1	999	999
chr2	119444230	119444255	HGSV_30007	N	<INS>	<INS>	INS	52	PASS	0.009573	INFO_AF	HG02615	HG02613	HG02614	0/1	0/0	0/0	1	999	999
chr2	119444230	119444255	HGSV_30007	N	<INS>	<INS>	INS	52	PASS	0.009573	INFO_AF	HG02704	HG02702	HG02703	0/1	0/0	0/0	1	999	999
chr2	119444230	119444255	HGSV_30007	N	<INS>	<INS>	INS	52	PASS	0.009573	INFO_AF	HG02886	HG02884	HG02885	0/1	0/0	0/0	1	999	999
chr2	119444230	119444255	HGSV_30007	N	<INS>	<INS>	INS	52	PASS	0.009573	INFO_AF	HG03113	HG03112	HG03111	0/1	0/0	0/0	1	999	999
chr2	119444230	119444255	HGSV_30007	N	<INS>	<INS>	INS	52	PASS	0.009573	INFO_AF	HG03350	HG03352	HG03351	0/1	0/0	0/0	1	999	999
chr2	119444230	119444255	HGSV_30007	N	<INS>	<INS>	INS	52	PASS	0.009573	INFO_AF	NA18857	NA18856	NA18855	0/1	0/0	0/0	1	999	999
chr2	121569568	121569570	HGSV_30151	N	<INS>	<INS>	INS	324	PASS	0.000781	INFO_AF	HG02647	HG02645	HG02646	0/1	0/0	0/0	1	999	999
chr2	121770678	121770729	HGSV_30173	N	<INS:ME:ALU>	<INS:ME:ALU>	INS	281	PASS	0.000156	INFO_AF	NA19123	NA19121	NA19122	0/1	0/0	0/0	1	999	999
chr2	124745110	124745161	HGSV_30427	N	<INS:ME:ALU>	<INS:ME:ALU>	INS	281	PASS	0.003746	INFO_AF	HG03164	HG03163	HG03162	0/1	0/0	0/0	1	999	999
chr2	125140031	125140079	HGSV_30466	N	<INS>	<INS>	INS	320	PASS	0.004215	INFO_AF	NA19115	NA19113	NA19114	0/1	0/0	0/0	1	999	999
chr2	126687289	126687340	HGSV_30616	N	<INS:ME:ALU>	<INS:ME:ALU>	INS	280	PASS	0.000156	INFO_AF	HG00465	HG00463	HG00464	0/1	0/0	0/0	1	999	999
chr2	127387429	127387449	HGSV_30669	N	<INS>	<INS>	INS	52	PASS	0.00843	INFO_AF	HG02625	HG02623	HG02624	0/1	0/0	0/0	1	999	999
chr2	127387429	127387449	HGSV_30669	N	<INS>	<INS>	INS	52	PASS	0.00843	INFO_AF	HG02975	HG02973	HG02974	0/1	0/0	0/0	1	999	999
chr2	127387429	127387449	HGSV_30669	N	<INS>	<INS>	INS	52	PASS	0.00843	INFO_AF	HG03122	HG03120	HG03121	0/1	0/0	0/0	1	999	999
chr2	127936271	127936286	HGSV_30712	N	<INS>	<INS>	INS	249	PASS	0.005464	INFO_AF	NA19120	NA19119	NA19116	0/1	0/0	0/0	1	999	999
chr2	127965871	127965920	HGSV_30714	N	<INS:ME:ALU>	<INS:ME:ALU>	INS	279	PASS	0.006461	INFO_AF	NA19775	NA19774	NA19773	0/1	0/0	0/0	1	999	999
chr2	130350049	130350074	HGSV_30941	N	<INS>	<INS>	INS	91	PASS	0.005332	INFO_AF	HG01916	HG01914	HG01915	0/1	0/0	0/0	50	999	999
chr2	130350049	130350074	HGSV_30941	N	<INS>	<INS>	INS	91	PASS	0.005332	INFO_AF	NA18518	NA18519	NA18520	0/1	0/0	0/0	1	999	999
chr2	131274310	131274310	HGSV_31071	N	<INS>	<INS>	INS	536	PASS	0.003043	INFO_AF	HG02647	HG02645	HG02646	0/1	0/0	0/0	.	.	.
chr2	131274310	131274310	HGSV_31071	N	<INS>	<INS>	INS	536	PASS	0.003043	INFO_AF	HG03302	HG03301	HG03300	0/1	0/0	0/0	.	.	.
chr2	133221063	133221114	HGSV_31272	N	<INS:ME:ALU>	<INS:ME:ALU>	INS	244	PASS	0.007685	INFO_AF	HG03584	HG03582	HG03583	0/1	0/0	0/0	1	999	999
chr2	133769124	133769175	HGSV_31308	N	<INS:ME:ALU>	<INS:ME:ALU>	INS	281	PASS	0.001406	INFO_AF	NA19757	NA19756	NA19755	0/1	0/0	0/0	1	999	999
chr2	133991032	133991082	HGSV_31332	N	<INS:ME:ALU>	<INS:ME:ALU>	INS	86	PASS	0.006244	INFO_AF	HG01887	HG02014	HG01886	0/1	0/0	0/0	999	999	999
chr2	133991032	133991082	HGSV_31332	N	<INS:ME:ALU>	<INS:ME:ALU>	INS	86	PASS	0.006244	INFO_AF	HG02704	HG02702	HG02703	0/1	0/0	0/0	999	999	999
chr2	133991032	133991082	HGSV_31332	N	<INS:ME:ALU>	<INS:ME:ALU>	INS	86	PASS	0.006244	INFO_AF	NA19919	NA19908	NA19909	0/1	0/0	0/0	999	999	999
chr2	134516748	134516762	HGSV_31368	N	<INS>	<INS>	INS	69	PASS	0.004407	INFO_AF	HG02612	HG02610	HG02611	0/1	0/0	0/0	1	999	999
chr2	134516748	134516762	HGSV_31368	N	<INS>	<INS>	INS	69	PASS	0.004407	INFO_AF	HG02692	HG02690	HG02691	0/1	0/0	0/0	1	999	999
chr2	134516748	134516762	HGSV_31368	N	<INS>	<INS>	INS	69	PASS	0.004407	INFO_AF	HG03047	HG03045	HG03046	0/1	0/0	0/0	1	999	999
chr2	134516748	134516762	HGSV_31368	N	<INS>	<INS>	INS	69	PASS	0.004407	INFO_AF	HG03170	HG03169	HG03168	0/1	0/0	0/0	1	999	999
chr2	134516748	134516762	HGSV_31368	N	<INS>	<INS>	INS	69	PASS	0.004407	INFO_AF	NA18521	NA18522	NA18523	0/1	0/0	0/0	1	999	999
chr2	137204765	137204816	HGSV_31602	N	<INS:ME:ALU>	<INS:ME:ALU>	INS	281	PASS	0.001249	INFO_AF	HG02316	HG02317	HG02318	0/1	0/0	0/0	1	999	999
chr2	137774176	137774176	HGSV_31659	N	<INS>	<INS>	INS	171	PASS	0.002353	INFO_AF	HG00444	HG00442	HG00443	0/1	0/0	0/0	.	.	.
chr2	137774176	137774176	HGSV_31659	N	<INS>	<INS>	INS	171	PASS	0.002353	INFO_AF	HG00585	HG00583	HG00584	0/1	0/0	0/0	.	.	.
chr2	137774176	137774176	HGSV_31659	N	<INS>	<INS>	INS	171	PASS	0.002353	INFO_AF	HG01276	HG01274	HG01275	0/1	0/0	0/0	.	.	.
chr2	137774176	137774176	HGSV_31659	N	<INS>	<INS>	INS	171	PASS	0.002353	INFO_AF	NA19148	NA19146	NA19147	0/1	0/0	0/0	.	.	.
chr2	139230322	139230373	HGSV_31752	N	<INS:ME:ALU>	<INS:ME:ALU>	INS	280	PASS	0.005464	INFO_AF	HG02809	HG02807	HG02808	0/1	0/0	0/0	1	999	999
chr2	139333917	139333968	HGSV_31762	N	<INS:ME:ALU>	<INS:ME:ALU>	INS	281	PASS	0.004531	INFO_AF	NA18863	NA18862	NA18861	0/1	0/0	0/0	1	999	999
chr2	139333917	139333968	HGSV_31762	N	<INS:ME:ALU>	<INS:ME:ALU>	INS	281	PASS	0.004531	INFO_AF	NA19103	NA19101	NA19102	0/1	0/0	0/0	1	999	999
chr2	139431470	139431521	HGSV_31771	N	<INS:ME:ALU>	<INS:ME:ALU>	INS	279	PASS	0.003755	INFO_AF	HG01959	HG01986	HG01958	0/1	0/0	0/0	1	999	999
chr2	140221520	140221571	HGSV_31832	N	<INS:ME:ALU>	<INS:ME:ALU>	INS	279	PASS	0.002657	INFO_AF	HG03368	HG03367	HG03366	0/1	0/0	0/0	1	999	999
chr2	140590753	140590804	HGSV_31866	N	<INS:ME:ALU>	<INS:ME:ALU>	INS	242	PASS	0.001561	INFO_AF	HG02077	HG02079	HG02078	0/1	0/0	0/0	1	999	999
chr2	146013777	146013828	HGSV_32286	N	<INS:ME:ALU>	<INS:ME:ALU>	INS	280	PASS	0.005002	INFO_AF	HG04175	HG04173	HG04174	0/1	0/0	0/0	1	999	999
chr2	150162642	150162685	HGSV_32552	N	<INS:ME:ALU>	<INS:ME:ALU>	INS	281	PASS	0.003903	INFO_AF	HG01526	HG01524	HG01525	0/1	0/0	0/0	1	999	999
chr2	150706700	150706751	HGSV_32596	N	<INS:ME:ALU>	<INS:ME:ALU>	INS	280	PASS	0.000156	INFO_AF	NA18914	NA18913	NA18912	0/1	0/0	0/0	1	999	999
chr2	151000446	151000497	HGSV_32625	N	<INS:ME:ALU>	<INS:ME:ALU>	INS	175	PASS	0.009522	INFO_AF	HG02257	HG02255	HG02256	0/1	0/0	0/0	1	999	999
chr2	151876627	151876677	HGSV_32682	N	<INS>	<INS>	INS	59	PASS	0.009918	INFO_AF	HG02871	HG02869	HG02870	0/1	0/0	0/0	1	999	999
chr2	152001344	152001394	HGSV_32691	N	<INS>	<INS>	INS	318	PASS	0.002972	INFO_AF	NA19702	NA19700	NA19701	0/1	0/0	0/0	1	999	999
chr2	153777156	153777207	HGSV_32830	N	<INS>	<INS>	INS	281	PASS	0.009875	INFO_AF	HG03101	HG03100	HG03099	0/1	0/0	0/0	945	999	999
chr2	153997468	153997504	HGSV_32850	N	<INS>	<INS>	INS	316	PASS	0.007649	INFO_AF	NA19115	NA19113	NA19114	0/1	0/0	0/0	1	999	999
chr2	154722187	154722238	HGSV_32906	N	<INS:ME:ALU>	<INS:ME:ALU>	INS	280	PASS	0.000468	INFO_AF	HG02523	HG02521	HG02522	0/1	0/0	0/0	1	999	999
chr2	155232845	155232896	HGSV_32943	N	<INS:ME:ALU>	<INS:ME:ALU>	INS	281	PASS	0.009401	INFO_AF	HG04228	HG04229	HG04227	0/1	0/0	0/0	364	999	999
chr2	155232845	155232896	HGSV_32943	N	<INS:ME:ALU>	<INS:ME:ALU>	INS	281	PASS	0.009401	INFO_AF	NA07019	NA07022	NA07056	0/1	0/0	0/0	768	999	999
chr2	155268316	155268319	HGSV_32946	N	<INS:ME:ALU>	<INS:ME:ALU>	INS	281	PASS	0.002347	INFO_AF	HG03641	HG03639	HG03640	0/1	0/0	0/0	1	999	999
chr2	155294876	155294927	HGSV_32949	N	<INS:ME:ALU>	<INS:ME:ALU>	INS	279	PASS	0.004693	INFO_AF	HG02862	HG02860	HG02861	0/1	0/0	0/0	1	999	999
chr2	156634830	156634881	HGSV_33045	N	<INS:ME:ALU>	<INS:ME:ALU>	INS	281	PASS	0.000156	INFO_AF	NA19123	NA19121	NA19122	0/1	0/0	0/0	1	999	999
chr2	157276793	157276844	HGSV_33089	N	<INS:ME:ALU>	<INS:ME:ALU>	INS	246	PASS	0.007337	INFO_AF	NA19103	NA19101	NA19102	0/1	0/0	0/0	1	999	999
chr2	161387263	161387314	HGSV_33434	N	<INS:ME:ALU>	<INS:ME:ALU>	INS	279	PASS	0.000156	INFO_AF	NA12740	NA12750	NA12751	0/1	0/0	0/0	1	999	999
chr2	167281545	167281596	HGSV_33869	N	<INS:ME:ALU>	<INS:ME:ALU>	INS	281	PASS	0.008586	INFO_AF	HG00408	HG00406	HG00407	0/1	0/0	0/0	1	999	999
chr2	167512573	167512606	HGSV_33894	N	<INS>	<INS>	INS	56	PASS	0.006244	INFO_AF	HG02717	HG02715	HG02716	0/1	0/0	0/0	1	999	999
chr2	172688348	172688399	HGSV_34331	N	<INS:ME:ALU>	<INS:ME:ALU>	INS	278	PASS	0.007337	INFO_AF	NA10842	NA11917	NA11918	0/1	0/0	0/0	1	999	999
chr2	172989382	172989433	HGSV_34351	N	<INS:ME:LINE1>	<INS:ME:LINE1>	INS	751	PASS	0.00736	INFO_AF	NA10839	NA12005	NA12006	0/1	0/0	0/0	1	999	999
chr2	173193385	173193436	HGSV_34365	N	<INS:ME:ALU>	<INS:ME:ALU>	INS	280	PASS	0.001405	INFO_AF	NA20279	NA20278	NA20282	0/1	0/0	0/0	1	999	999
chr2	175787823	175787874	HGSV_34578	N	<INS:ME:ALU>	<INS:ME:ALU>	INS	224	PASS	0.000781	INFO_AF	HG03041	HG03039	HG03040	0/1	0/0	0/0	1	999	999
chr2	176939788	176939839	HGSV_34663	N	<INS:ME:ALU>	<INS:ME:ALU>	INS	280	PASS	0.003126	INFO_AF	HG03269	HG03268	HG03267	0/1	0/0	0/0	1	999	999
chr2	179651551	179651602	HGSV_34889	N	<INS:ME:ALU>	<INS:ME:ALU>	INS	281	PASS	0.004063	INFO_AF	HG03098	HG03096	HG03097	0/1	0/0	0/0	1	999	999
chr2	179831034	179831085	HGSV_34903	N	<INS:ME:ALU>	<INS:ME:ALU>	INS	281	PASS	0.000156	INFO_AF	HG03008	HG03006	HG03007	0/1	0/0	0/0	1	999	999
chr2	180391500	180391551	HGSV_34939	N	<INS:ME:ALU>	<INS:ME:ALU>	INS	280	PASS	0.008346	INFO_AF	NA19191	NA19189	NA19190	0/1	0/0	0/0	1	999	999
chr2	180391500	180391551	HGSV_34939	N	<INS:ME:ALU>	<INS:ME:ALU>	INS	280	PASS	0.008346	INFO_AF	NA19208	NA19207	NA19206	0/1	0/0	0/0	1	999	999
chr2	186006740	186006791	HGSV_35382	N	<INS:ME:ALU>	<INS:ME:ALU>	INS	280	PASS	0.004683	INFO_AF	NA18518	NA18519	NA18520	0/1	0/0	0/0	1	999	999
chr2	186295459	186295510	HGSV_35404	N	<INS:ME:ALU>	<INS:ME:ALU>	INS	281	PASS	0.003752	INFO_AF	HG02954	HG02953	HG02952	0/1	0/0	0/0	1	999	999
chr2	186295459	186295510	HGSV_35404	N	<INS:ME:ALU>	<INS:ME:ALU>	INS	281	PASS	0.003752	INFO_AF	NA19132	NA19130	NA19131	0/1	0/0	0/0	1	999	999
chr2	188439242	188439293	HGSV_35596	N	<INS:ME:ALU>	<INS:ME:ALU>	INS	113	PASS	0.004233	INFO_AF	NA19148	NA19146	NA19147	0/1	0/0	0/0	1	999	999
chr2	188439242	188439293	HGSV_35596	N	<INS:ME:ALU>	<INS:ME:ALU>	INS	113	PASS	0.004233	INFO_AF	NA19702	NA19700	NA19701	0/1	0/0	0/0	1	999	999
chr2	191667902	191667913	HGSV_35834	N	<INS>	<INS>	INS	85	PASS	0.003918	INFO_AF	HG01502	HG01500	HG01501	0/1	0/0	0/0	1	999	999
chr2	191667902	191667913	HGSV_35834	N	<INS>	<INS>	INS	85	PASS	0.003918	INFO_AF	HG02984	HG02982	HG02983	0/1	0/0	0/0	1	999	999
chr2	192050595	192050637	HGSV_35879	N	<INS:ME:ALU>	<INS:ME:ALU>	INS	279	PASS	0.0064	INFO_AF	NA19103	NA19101	NA19102	0/1	0/0	0/0	1	999	999
chr2	193899272	193899323	HGSV_36044	N	<INS:ME:ALU>	<INS:ME:ALU>	INS	281	PASS	0.003278	INFO_AF	HG01126	HG01124	HG01125	0/1	0/0	0/0	1	999	999
chr2	194811374	194811418	HGSV_36149	N	<INS>	<INS>	INS	316	PASS	0.002667	INFO_AF	HG02321	HG02281	HG02282	0/1	0/0	0/0	1	999	999
chr2	194811374	194811418	HGSV_36149	N	<INS>	<INS>	INS	316	PASS	0.002667	INFO_AF	HG02821	HG02819	HG02820	0/1	0/0	0/0	41	999	999
chr2	194811374	194811418	HGSV_36149	N	<INS>	<INS>	INS	316	PASS	0.002667	INFO_AF	HG03029	HG03027	HG03028	0/1	0/0	0/0	1	999	999
chr2	194811374	194811418	HGSV_36149	N	<INS>	<INS>	INS	316	PASS	0.002667	INFO_AF	NA19115	NA19113	NA19114	0/1	0/0	0/0	1	999	999
chr2	194811374	194811418	HGSV_36149	N	<INS>	<INS>	INS	316	PASS	0.002667	INFO_AF	NA19208	NA19207	NA19206	0/1	0/0	0/0	1	999	999
chr2	194811374	194811418	HGSV_36149	N	<INS>	<INS>	INS	316	PASS	0.002667	INFO_AF	NA19224	NA19226	NA19225	0/1	0/0	0/0	1	999	999
chr2	194811374	194811418	HGSV_36149	N	<INS>	<INS>	INS	316	PASS	0.002667	INFO_AF	NA20358	NA20356	NA20357	0/1	0/0	0/0	1	999	999
chr2	196153531	196153582	HGSV_36265	N	<INS:ME:ALU>	<INS:ME:ALU>	INS	281	PASS	0.00235	INFO_AF	NA19683	NA19682	NA19681	0/1	0/0	0/0	1	999	999
chr2	198941435	198941486	HGSV_36477	N	<INS:ME:ALU>	<INS:ME:ALU>	INS	281	PASS	0.009366	INFO_AF	HG02764	HG02762	HG02763	0/1	0/0	0/0	1	999	999
chr2	200438728	200438779	HGSV_36571	N	<INS:ME:ALU>	<INS:ME:ALU>	INS	280	PASS	0.000156	INFO_AF	HG01490	HG01488	HG01489	0/1	0/0	0/0	546	999	999
chr2	201339071	201339122	HGSV_36657	N	<INS:ME:ALU>	<INS:ME:ALU>	INS	71	PASS	0.007025	INFO_AF	HG02954	HG02953	HG02952	0/1	0/0	0/0	1	999	999
chr2	203700945	203700996	HGSV_36864	N	<INS:ME:ALU>	<INS:ME:ALU>	INS	279	PASS	0.003436	INFO_AF	HG02563	HG02561	HG02562	0/1	0/0	0/0	1	999	999
chr2	206906675	206906726	HGSV_37108	N	<INS:ME:ALU>	<INS:ME:ALU>	INS	280	PASS	0.000469	INFO_AF	HG02644	HG02642	HG02643	0/1	0/0	0/0	1	999	999
chr2	207830710	207830715	HGSV_37209	N	<INS>	<INS>	INS	60	PASS	0.003903	INFO_AF	HG02729	HG02727	HG02728	0/1	0/0	0/0	163	999	999
chr2	208335280	208335322	HGSV_37270	N	<INS:ME:ALU>	<INS:ME:ALU>	INS	300	PASS	0.000781	INFO_AF	HG03029	HG03027	HG03028	0/1	0/0	0/0	1	999	999
chr2	209319195	209319231	HGSV_37356	N	<INS>	<INS>	INS	90	PASS	0.007062	INFO_AF	HG02622	HG02620	HG02621	0/1	0/0	0/0	469	999	999
chr2	209319195	209319231	HGSV_37356	N	<INS>	<INS>	INS	90	PASS	0.007062	INFO_AF	NA19924	NA19922	NA19923	0/1	0/0	0/0	1	999	999
chr2	212701185	212701236	HGSV_37664	N	<INS:ME:ALU>	<INS:ME:ALU>	INS	281	PASS	0.000156	INFO_AF	NA18854	NA18853	NA18852	0/1	0/0	0/0	1	999	999
chr2	215651533	215651536	HGSV_37926	N	<INS>	<INS>	INS	80	PASS	0.007578	INFO_AF	HG01895	HG01912	HG01894	0/1	0/0	0/0	1	999	999
chr2	215651533	215651536	HGSV_37926	N	<INS>	<INS>	INS	80	PASS	0.007578	INFO_AF	HG02011	HG02009	HG02010	0/1	0/0	0/0	1	999	999
chr2	215651533	215651536	HGSV_37926	N	<INS>	<INS>	INS	80	PASS	0.007578	INFO_AF	HG02644	HG02642	HG02643	0/1	0/0	0/0	1	999	999
chr2	215651533	215651536	HGSV_37926	N	<INS>	<INS>	INS	80	PASS	0.007578	INFO_AF	HG02647	HG02645	HG02646	0/1	0/0	0/0	1	999	999
chr2	215651533	215651536	HGSV_37926	N	<INS>	<INS>	INS	80	PASS	0.007578	INFO_AF	HG02838	HG02836	HG02837	0/1	0/0	0/0	1	999	999
chr2	215651533	215651536	HGSV_37926	N	<INS>	<INS>	INS	80	PASS	0.007578	INFO_AF	HG03486	HG03484	HG03485	0/1	0/0	0/0	1	999	999
chr2	215651533	215651536	HGSV_37926	N	<INS>	<INS>	INS	80	PASS	0.007578	INFO_AF	HG03522	HG03521	HG03520	0/1	0/0	0/0	1	999	999
chr2	215651533	215651536	HGSV_37926	N	<INS>	<INS>	INS	80	PASS	0.007578	INFO_AF	NA18930	NA18917	NA18916	0/1	0/0	0/0	1	999	999
chr2	215651533	215651536	HGSV_37926	N	<INS>	<INS>	INS	80	PASS	0.007578	INFO_AF	NA19123	NA19121	NA19122	0/1	0/0	0/0	1	999	999
chr2	216837496	216837545	HGSV_38023	N	<INS:ME:ALU>	<INS:ME:ALU>	INS	280	PASS	0.005825	INFO_AF	HG04122	HG04127	HG04075	0/1	0/0	0/0	364	999	999
chr2	218476420	218476458	HGSV_38166	N	<INS>	<INS>	INS	288	PASS	0.007183	INFO_AF	NA10847	NA12146	NA12239	0/1	0/0	0/0	1	999	999
chr2	221007138	221007189	HGSV_38371	N	<INS:ME:ALU>	<INS:ME:ALU>	INS	280	PASS	0.008898	INFO_AF	HG02148	HG02146	HG02147	0/1	0/0	0/0	1	999	999
chr2	229684209	229684226	HGSV_39115	N	<INS>	<INS>	INS	72	PASS	0.002509	INFO_AF	HG01748	HG01747	HG01746	0/1	0/0	0/0	1	999	999
chr2	229684209	229684226	HGSV_39115	N	<INS>	<INS>	INS	72	PASS	0.002509	INFO_AF	HG02257	HG02255	HG02256	0/1	0/0	0/0	1	999	999
chr2	234532617	234532668	HGSV_39578	N	<INS:ME:ALU>	<INS:ME:ALU>	INS	280	PASS	0.000781	INFO_AF	HG01175	HG01173	HG01174	0/1	0/0	0/0	1	999	999
chr2	234806951	234806986	HGSV_39604	N	<INS>	<INS>	INS	311	PASS	0.006246	INFO_AF	HG03050	HG03048	HG03049	0/1	0/0	0/0	1	999	999
chr2	239836860	239836903	HGSV_40050	N	<INS:ME:ALU>	<INS:ME:ALU>	INS	278	PASS	0.000156	INFO_AF	NA18518	NA18519	NA18520	0/1	0/0	0/0	1	999	999
chr2	240401520	240401523	HGSV_40130	N	<INS>	<INS>	INS	61	PASS	0.007181	INFO_AF	HG02636	HG02634	HG02635	0/1	0/0	0/0	1	999	999
chr20	3400503	3400536	HGSV_235693	N	<INS:ME:ALU>	<INS:ME:ALU>	INS	61	PASS	0.005005	INFO_AF	HG02625	HG02623	HG02624	0/1	0/0	0/0	999	999	999
chr20	3400503	3400536	HGSV_235693	N	<INS:ME:ALU>	<INS:ME:ALU>	INS	61	PASS	0.005005	INFO_AF	HG02644	HG02642	HG02643	0/1	0/0	0/0	999	999	999
chr20	3400503	3400536	HGSV_235693	N	<INS:ME:ALU>	<INS:ME:ALU>	INS	61	PASS	0.005005	INFO_AF	HG03519	HG03518	HG03517	0/1	0/0	0/0	1	999	999
chr20	3400503	3400536	HGSV_235693	N	<INS:ME:ALU>	<INS:ME:ALU>	INS	61	PASS	0.005005	INFO_AF	NA10856	NA11829	NA11830	0/1	0/0	0/0	1	999	999
chr20	3837978	3838012	HGSV_235748	N	<INS>	<INS>	INS	321	PASS	0.001717	INFO_AF	HG02668	HG02666	HG02667	0/1	0/0	0/0	1	999	999
chr20	3839993	3840035	HGSV_235751	N	<INS:ME:SVA>	<INS:ME:SVA>	INS	292	PASS	0.002344	INFO_AF	HG00709	HG00707	HG00708	0/1	0/0	0/0	1	999	999
chr20	4231064	4231115	HGSV_235820	N	<INS>	<INS>	INS	52	PASS	0.005033	INFO_AF	HG02761	HG02759	HG02760	0/1	0/0	0/0	1	999	999
chr20	5168274	5168277	HGSV_235895	N	<INS>	<INS>	INS	312	PASS	0.007808	INFO_AF	HG02809	HG02807	HG02808	0/1	0/0	0/0	1	999	999
chr20	5168274	5168277	HGSV_235895	N	<INS>	<INS>	INS	312	PASS	0.007808	INFO_AF	HG03927	HG03926	HG03925	0/1	0/0	0/0	1	999	999
chr20	5525936	5525943	HGSV_235928	N	<INS>	<INS>	INS	56	PASS	0.002029	INFO_AF	HG02785	HG02783	HG02784	0/1	0/0	0/0	1	999	999
chr20	8205996	8206047	HGSV_236169	N	<INS:ME:ALU>	<INS:ME:ALU>	INS	280	PASS	0.007961	INFO_AF	NA18518	NA18519	NA18520	0/1	0/0	0/0	1	999	999
chr20	8541606	8541612	HGSV_236200	N	<INS>	<INS>	INS	84	PASS	0.007812	INFO_AF	NA18485	NA18487	NA18489	0/1	0/0	0/0	786	999	999
chr20	8541606	8541612	HGSV_236200	N	<INS>	<INS>	INS	84	PASS	0.007812	INFO_AF	NA18515	NA18516	NA18517	0/1	0/0	0/0	1	999	999
chr20	9577422	9577435	HGSV_236273	N	<INS>	<INS>	INS	60	PASS	0.001405	INFO_AF	HG02862	HG02860	HG02861	0/1	0/0	0/0	1	999	999
chr20	11021345	11021396	HGSV_236377	N	<INS>	<INS>	INS	179	PASS	0.000312	INFO_AF	HG03669	HG03667	HG03668	0/1	0/0	0/0	1	999	999
chr20	11610380	11610388	HGSV_236421	N	<INS>	<INS>	INS	297	PASS	0.001094	INFO_AF	HG01887	HG02014	HG01886	0/1	0/0	0/0	1	999	999
chr20	11610380	11610388	HGSV_236421	N	<INS>	<INS>	INS	297	PASS	0.001094	INFO_AF	HG03119	HG03118	HG03117	0/1	0/0	0/0	1	999	999
chr20	11610380	11610388	HGSV_236421	N	<INS>	<INS>	INS	297	PASS	0.001094	INFO_AF	HG03584	HG03582	HG03583	0/1	0/0	0/0	1	999	999
chr20	11905306	11905357	HGSV_236444	N	<INS:ME:ALU>	<INS:ME:ALU>	INS	279	PASS	0.005977	INFO_AF	NA18497	NA18498	NA18499	0/1	0/0	0/0	1	999	999
chr20	13733105	13733115	HGSV_236633	N	<INS>	<INS>	INS	206	PASS	0.007825	INFO_AF	NA18497	NA18498	NA18499	0/1	0/0	0/0	1	999	999
chr20	13733105	13733115	HGSV_236633	N	<INS>	<INS>	INS	206	PASS	0.007825	INFO_AF	NA19120	NA19119	NA19116	0/1	0/0	0/0	1	999	999
chr20	14386582	14386633	HGSV_236688	N	<INS>	<INS>	INS	329	PASS	0.00921	INFO_AF	HG02677	HG02675	HG02676	0/1	0/0	0/0	1	999	999
chr20	15668592	15668627	HGSV_236851	N	<INS>	<INS>	INS	330	PASS	0.007656	INFO_AF	HG02615	HG02613	HG02614	0/1	0/0	0/0	1	999	999
chr20	15668592	15668627	HGSV_236851	N	<INS>	<INS>	INS	330	PASS	0.007656	INFO_AF	HG03161	HG03160	HG03159	0/1	0/0	0/0	1	999	999
chr20	15668592	15668627	HGSV_236851	N	<INS>	<INS>	INS	330	PASS	0.007656	INFO_AF	HG03486	HG03484	HG03485	0/1	0/0	0/0	1	999	999
chr20	15668592	15668627	HGSV_236851	N	<INS>	<INS>	INS	330	PASS	0.007656	INFO_AF	NA18914	NA18913	NA18912	0/1	0/0	0/0	515	999	999
chr20	15948520	15948571	HGSV_236879	N	<INS:ME:ALU>	<INS:ME:ALU>	INS	214	PASS	0.003595	INFO_AF	HG01243	HG01241	HG01242	0/1	0/0	0/0	1	999	999
chr20	16735331	16735356	HGSV_236977	N	<INS>	<INS>	INS	54	PASS	0.006319	INFO_AF	HG03456	HG03454	HG03455	0/1	0/0	0/0	1	999	999
chr20	16735336	16735349	HGSV_236978	N	<INS>	<INS>	INS	54	PASS	0.008898	INFO_AF	NA12802	NA12814	NA12815	0/1	0/0	0/0	1	999	999
chr20	18655483	18655534	HGSV_237147	N	<INS:ME:ALU>	<INS:ME:ALU>	INS	243	PASS	0.004995	INFO_AF	HG03350	HG03352	HG03351	0/1	0/0	0/0	522	999	999
chr20	24567988	24568022	HGSV_237605	N	<INS>	<INS>	INS	312	PASS	0.002031	INFO_AF	NA18860	NA18859	NA18858	0/1	0/0	0/0	1	999	999
chr20	30207700	30207700	HGSV_237721	N	<INS>	<INS>	INS	269	PASS	0.002783	INFO_AF	HG01126	HG01124	HG01125	0/1	0/0	0/0	.	.	.
chr20	30207700	30207700	HGSV_237721	N	<INS>	<INS>	INS	269	PASS	0.002783	INFO_AF	NA12864	NA12872	NA12873	0/1	0/0	0/0	.	.	.
chr20	32727577	32727617	HGSV_237990	N	<INS>	<INS>	INS	318	PASS	0.000937	INFO_AF	NA19656	NA19655	NA19654	0/1	0/0	0/0	1	999	999
chr20	33285426	33285471	HGSV_238050	N	<INS>	<INS>	INS	262	PASS	0.007265	INFO_AF	HG01109	HG01107	HG01108	0/1	0/0	0/0	1	999	999
chr20	33285426	33285471	HGSV_238050	N	<INS>	<INS>	INS	262	PASS	0.007265	INFO_AF	HG02945	HG02944	HG02943	0/1	0/0	0/0	1	999	999
chr20	33285426	33285471	HGSV_238050	N	<INS>	<INS>	INS	262	PASS	0.007265	INFO_AF	HG03260	HG03258	HG03259	0/1	0/0	0/0	1	999	999
chr20	33285426	33285471	HGSV_238050	N	<INS>	<INS>	INS	262	PASS	0.007265	INFO_AF	HG03310	HG03311	HG03309	0/1	0/0	0/0	1	999	999
chr20	33285426	33285471	HGSV_238050	N	<INS>	<INS>	INS	262	PASS	0.007265	INFO_AF	NA18503	NA18504	NA18505	0/1	0/0	0/0	1	999	999
chr20	33285426	33285471	HGSV_238050	N	<INS>	<INS>	INS	262	PASS	0.007265	INFO_AF	NA18925	NA18923	NA18924	0/1	0/0	0/0	1	999	999
chr20	33285426	33285471	HGSV_238050	N	<INS>	<INS>	INS	262	PASS	0.007265	INFO_AF	NA19103	NA19101	NA19102	0/1	0/0	0/0	1	999	999
chr20	33285426	33285471	HGSV_238050	N	<INS>	<INS>	INS	262	PASS	0.007265	INFO_AF	NA19115	NA19113	NA19114	0/1	0/0	0/0	1	999	999
chr20	37329113	37329125	HGSV_238464	N	<INS>	<INS>	INS	308	PASS	0.005176	INFO_AF	HG02892	HG02890	HG02891	0/1	0/0	0/0	1	999	999
chr20	37329113	37329125	HGSV_238464	N	<INS>	<INS>	INS	308	PASS	0.005176	INFO_AF	NA19161	NA19160	NA19159	0/1	0/0	0/0	1	999	999
chr20	39101138	39101189	HGSV_238613	N	<INS:ME:ALU>	<INS:ME:ALU>	INS	150	PASS	0.000156	INFO_AF	HG03438	HG03469	HG03470	0/1	0/0	0/0	1	999	999
chr20	44588929	44588962	HGSV_239027	N	<INS:ME:ALU>	<INS:ME:ALU>	INS	280	PASS	0.000156	INFO_AF	HG02451	HG02449	HG02450	0/1	0/0	0/0	1	999	999
chr20	53613709	53613760	HGSV_239853	N	<INS:ME:ALU>	<INS:ME:ALU>	INS	280	PASS	0.001563	INFO_AF	HG04217	HG04198	HG04200	0/1	0/0	0/0	1	999	999
chr20	54714197	54714199	HGSV_239962	N	<INS>	<INS>	INS	114	PASS	0.003907	INFO_AF	HG03131	HG03130	HG03129	0/1	0/0	0/0	1	999	999
chr20	55828003	55828004	HGSV_240079	N	<INS>	<INS>	INS	77	PASS	0.003905	INFO_AF	NA19139	NA19138	NA19137	0/1	0/0	0/0	1	999	999
chr20	56970883	56970934	HGSV_240185	N	<INS:ME:ALU>	<INS:ME:ALU>	INS	281	PASS	0.002185	INFO_AF	NA12818	NA12829	NA12830	0/1	0/0	0/0	1	999	999
chr20	64088665	64088698	HGSV_240884	N	<INS>	<INS>	INS	80	PASS	0.00359	INFO_AF	HG00585	HG00583	HG00584	0/1	0/0	0/0	1	999	999
chr20	64088665	64088698	HGSV_240884	N	<INS>	<INS>	INS	80	PASS	0.00359	INFO_AF	HG01349	HG01347	HG01348	0/1	0/0	0/0	1	999	999
chr20	64088665	64088698	HGSV_240884	N	<INS>	<INS>	INS	80	PASS	0.00359	INFO_AF	NA19675	NA19679	NA19678	0/1	0/0	0/0	1	999	999
chr20	64088665	64088698	HGSV_240884	N	<INS>	<INS>	INS	80	PASS	0.00359	INFO_AF	NA19721	NA19720	NA19719	0/1	0/0	0/0	1	999	999
chr21	5142290	5142311	HGSV_240935	N	<INS>	<INS>	INS	74	PASS	0.00282	INFO_AF	NA19115	NA19113	NA19114	0/1	0/0	0/0	1	999	999
chr21	5227411	5227472	HGSV_240939	N	<INS>	<INS>	INS	50	PASS	0.001723	INFO_AF	HG01895	HG01912	HG01894	0/1	0/0	0/0	1	999	999
chr21	5227411	5227472	HGSV_240939	N	<INS>	<INS>	INS	50	PASS	0.001723	INFO_AF	HG02862	HG02860	HG02861	0/1	0/0	0/0	1	999	999
chr21	5227411	5227472	HGSV_240939	N	<INS>	<INS>	INS	50	PASS	0.001723	INFO_AF	HG03456	HG03454	HG03455	0/1	0/0	0/0	1	999	999
chr21	5227411	5227472	HGSV_240939	N	<INS>	<INS>	INS	50	PASS	0.001723	INFO_AF	NA18857	NA18856	NA18855	0/1	0/0	0/0	1	999	999
chr21	5227423	5227452	HGSV_240940	N	<INS>	<INS>	INS	85	PASS	0.004705	INFO_AF	HG02083	HG02085	HG02084	0/1	0/0	0/0	1	999	999
chr21	5227423	5227452	HGSV_240940	N	<INS>	<INS>	INS	85	PASS	0.004705	INFO_AF	HG04175	HG04173	HG04174	0/1	0/0	0/0	1	999	999
chr21	5227423	5227452	HGSV_240940	N	<INS>	<INS>	INS	85	PASS	0.004705	INFO_AF	NA18869	NA18868	NA18867	0/1	0/0	0/0	1	999	999
chr21	6070540	6070571	HGSV_240974	N	<INS>	<INS>	INS	81	PASS	0.001093	INFO_AF	HG03137	HG03136	HG03135	0/1	0/0	0/0	1	999	999
chr21	6070540	6070571	HGSV_240974	N	<INS>	<INS>	INS	81	PASS	0.001093	INFO_AF	HG03260	HG03258	HG03259	0/1	0/0	0/0	1	999	999
chr21	7926670	7926725	HGSV_241014	N	<INS>	<INS>	INS	55	PASS	0.009522	INFO_AF	HG00532	HG00530	HG00531	0/1	0/0	0/0	1	999	999
chr21	7926670	7926725	HGSV_241014	N	<INS>	<INS>	INS	55	PASS	0.009522	INFO_AF	HG01100	HG01247	HG01248	0/1	0/0	0/0	1	999	999
chr21	7926670	7926725	HGSV_241014	N	<INS>	<INS>	INS	55	PASS	0.009522	INFO_AF	HG01490	HG01488	HG01489	0/1	0/0	0/0	1	999	999
chr21	7926670	7926725	HGSV_241014	N	<INS>	<INS>	INS	55	PASS	0.009522	INFO_AF	HG01496	HG01494	HG01495	0/1	0/0	0/0	1	999	999
chr21	7926670	7926725	HGSV_241014	N	<INS>	<INS>	INS	55	PASS	0.009522	INFO_AF	HG02726	HG02724	HG02725	0/1	0/0	0/0	1	999	999
chr21	7926670	7926725	HGSV_241014	N	<INS>	<INS>	INS	55	PASS	0.009522	INFO_AF	HG03050	HG03048	HG03049	0/1	0/0	0/0	1	999	999
chr21	7926670	7926725	HGSV_241014	N	<INS>	<INS>	INS	55	PASS	0.009522	INFO_AF	HG03456	HG03454	HG03455	0/1	0/0	0/0	1	999	999
chr21	7926670	7926725	HGSV_241014	N	<INS>	<INS>	INS	55	PASS	0.009522	INFO_AF	HG03489	HG03487	HG03488	0/1	0/0	0/0	1	999	999
chr21	7926670	7926725	HGSV_241014	N	<INS>	<INS>	INS	55	PASS	0.009522	INFO_AF	HG03831	HG03830	HG03829	0/1	0/0	0/0	1	999	999
chr21	7926670	7926725	HGSV_241014	N	<INS>	<INS>	INS	55	PASS	0.009522	INFO_AF	HG04142	HG04140	HG04141	0/1	0/0	0/0	1	999	999
chr21	7926670	7926725	HGSV_241014	N	<INS>	<INS>	INS	55	PASS	0.009522	INFO_AF	HG04148	HG04146	HG04147	0/1	0/0	0/0	1	999	999
chr21	7926670	7926725	HGSV_241014	N	<INS>	<INS>	INS	55	PASS	0.009522	INFO_AF	NA06991	NA06993	NA06985	0/1	0/0	0/0	1	999	999
chr21	7926670	7926725	HGSV_241014	N	<INS>	<INS>	INS	55	PASS	0.009522	INFO_AF	NA10851	NA12056	NA12057	0/1	0/0	0/0	1	999	999
chr21	7926670	7926725	HGSV_241014	N	<INS>	<INS>	INS	55	PASS	0.009522	INFO_AF	NA10863	NA12264	NA12234	0/1	0/0	0/0	1	999	999
chr21	7926670	7926725	HGSV_241014	N	<INS>	<INS>	INS	55	PASS	0.009522	INFO_AF	NA19186	NA19184	NA19185	0/1	0/0	0/0	1	999	999
chr21	7926670	7926725	HGSV_241014	N	<INS>	<INS>	INS	55	PASS	0.009522	INFO_AF	NA19211	NA19210	NA19209	0/1	0/0	0/0	1	999	999
chr21	7926670	7926725	HGSV_241014	N	<INS>	<INS>	INS	55	PASS	0.009522	INFO_AF	NA19249	NA19248	NA19247	0/1	0/0	0/0	1	999	999
chr21	7926670	7926725	HGSV_241014	N	<INS>	<INS>	INS	55	PASS	0.009522	INFO_AF	NA19650	NA19649	NA19648	0/1	0/0	0/0	1	999	999
chr21	7926670	7926725	HGSV_241014	N	<INS>	<INS>	INS	55	PASS	0.009522	INFO_AF	NA19680	NA19679	NA19678	0/1	0/0	0/0	1	999	999
chr21	7926670	7926725	HGSV_241014	N	<INS>	<INS>	INS	55	PASS	0.009522	INFO_AF	NA19730	NA19729	NA19728	0/1	0/0	0/0	1	999	999
chr21	7926670	7926725	HGSV_241014	N	<INS>	<INS>	INS	55	PASS	0.009522	INFO_AF	NA19733	NA19732	NA19731	0/1	0/0	0/0	1	999	999
chr21	7926670	7926725	HGSV_241014	N	<INS>	<INS>	INS	55	PASS	0.009522	INFO_AF	NA19757	NA19756	NA19755	0/1	0/0	0/0	1	999	999
chr21	7926670	7926725	HGSV_241014	N	<INS>	<INS>	INS	55	PASS	0.009522	INFO_AF	NA19778	NA19777	NA19776	0/1	0/0	0/0	1	999	999
chr21	7926670	7926725	HGSV_241014	N	<INS>	<INS>	INS	55	PASS	0.009522	INFO_AF	NA19787	NA19786	NA19785	0/1	0/0	0/0	1	999	999
chr21	7926670	7926725	HGSV_241014	N	<INS>	<INS>	INS	55	PASS	0.009522	INFO_AF	NA19790	NA19789	NA19788	0/1	0/0	0/0	1	999	999
chr21	7926670	7926725	HGSV_241014	N	<INS>	<INS>	INS	55	PASS	0.009522	INFO_AF	NA19918	NA19916	NA19917	0/1	0/0	0/0	1	999	999
chr21	7926670	7926725	HGSV_241014	N	<INS>	<INS>	INS	55	PASS	0.009522	INFO_AF	NA19924	NA19922	NA19923	0/1	0/0	0/0	1	999	999
chr21	7926670	7926725	HGSV_241014	N	<INS>	<INS>	INS	55	PASS	0.009522	INFO_AF	NA20128	NA20126	NA20127	0/1	0/0	0/0	1	999	999
chr21	7969064	7969064	HGSV_241025	N	<INS>	<INS>	INS	323	PASS	0.005222	INFO_AF	HG02856	HG02854	HG02855	0/1	0/0	0/0	.	.	.
chr21	7969064	7969064	HGSV_241025	N	<INS>	<INS>	INS	323	PASS	0.005222	INFO_AF	HG03122	HG03120	HG03121	0/1	0/0	0/0	.	.	.
chr21	9668913	9668964	HGSV_241089	N	<INS:ME:ALU>	<INS:ME:ALU>	INS	279	PASS	0.005464	INFO_AF	HG01633	HG01631	HG01632	0/1	0/0	0/0	1	999	999
chr21	9937831	9937863	HGSV_241112	N	<INS>	<INS>	INS	319	PASS	0.003446	INFO_AF	HG01463	HG01461	HG01462	0/1	0/0	0/0	1	999	999
chr21	9937831	9937863	HGSV_241112	N	<INS>	<INS>	INS	319	PASS	0.003446	INFO_AF	HG02883	HG02881	HG02882	0/1	0/0	0/0	1	999	999
chr21	9937831	9937863	HGSV_241112	N	<INS>	<INS>	INS	319	PASS	0.003446	INFO_AF	HG02978	HG02977	HG02976	0/1	0/0	0/0	1	999	999
chr21	9937831	9937863	HGSV_241112	N	<INS>	<INS>	INS	319	PASS	0.003446	INFO_AF	HG03119	HG03118	HG03117	0/1	0/0	0/0	1	999	999
chr21	9937831	9937863	HGSV_241112	N	<INS>	<INS>	INS	319	PASS	0.003446	INFO_AF	NA18935	NA18934	NA18933	0/1	0/0	0/0	1	999	999
chr21	10378670	10378686	HGSV_241136	N	<INS>	<INS>	INS	54	PASS	0.006778	INFO_AF	HG01959	HG01986	HG01958	0/1	0/0	0/0	1	999	999
chr21	10378670	10378686	HGSV_241136	N	<INS>	<INS>	INS	54	PASS	0.006778	INFO_AF	HG02636	HG02634	HG02635	0/1	0/0	0/0	1	999	999
chr21	10378670	10378686	HGSV_241136	N	<INS>	<INS>	INS	54	PASS	0.006778	INFO_AF	HG03669	HG03667	HG03668	0/1	0/0	0/0	1	999	999
chr21	10378670	10378686	HGSV_241136	N	<INS>	<INS>	INS	54	PASS	0.006778	INFO_AF	HG04142	HG04140	HG04141	0/1	0/0	0/0	1	999	999
chr21	10378670	10378686	HGSV_241136	N	<INS>	<INS>	INS	54	PASS	0.006778	INFO_AF	NA10863	NA12264	NA12234	0/1	0/0	0/0	1	999	999
chr21	10385142	10385184	HGSV_241139	N	<INS>	<INS>	INS	79	PASS	0.005776	INFO_AF	HG00703	HG00701	HG00702	0/1	0/0	0/0	1	999	999
chr21	10385142	10385184	HGSV_241139	N	<INS>	<INS>	INS	79	PASS	0.005776	INFO_AF	HG04142	HG04140	HG04141	0/1	0/0	0/0	1	999	999
chr21	10385142	10385184	HGSV_241139	N	<INS>	<INS>	INS	79	PASS	0.005776	INFO_AF	NA10852	NA12045	NA12046	0/1	0/0	0/0	1	999	999
chr21	10385142	10385184	HGSV_241139	N	<INS>	<INS>	INS	79	PASS	0.005776	INFO_AF	NA19751	NA19750	NA19749	0/1	0/0	0/0	1	999	999
chr21	10545236	10545236	HGSV_241160	N	<INS:ME:ALU>	<INS:ME:ALU>	INS	318	PASS	0.009112	INFO_AF	HG02764	HG02762	HG02763	0/1	0/0	0/0	.	.	.
chr21	10545236	10545236	HGSV_241160	N	<INS:ME:ALU>	<INS:ME:ALU>	INS	318	PASS	0.009112	INFO_AF	HG02770	HG02768	HG02769	0/1	0/0	0/0	.	.	.
chr21	10545236	10545236	HGSV_241160	N	<INS:ME:ALU>	<INS:ME:ALU>	INS	318	PASS	0.009112	INFO_AF	HG02773	HG02771	HG02772	0/1	0/0	0/0	.	.	.
chr21	10545236	10545236	HGSV_241160	N	<INS:ME:ALU>	<INS:ME:ALU>	INS	318	PASS	0.009112	INFO_AF	NA18515	NA18516	NA18517	0/1	0/0	0/0	.	.	.
chr21	13004003	13004003	HGSV_241231	N	<INS>	<INS>	INS	131	PASS	0.000471	INFO_AF	HG00450	HG00448	HG00449	0/1	0/0	0/0	.	.	.
chr21	13643682	13643733	HGSV_241292	N	<INS>	<INS>	INS	72	PASS	0.001094	INFO_AF	HG02704	HG02702	HG02703	0/1	0/0	0/0	1	999	999
chr21	13643682	13643733	HGSV_241292	N	<INS>	<INS>	INS	72	PASS	0.001094	INFO_AF	HG02815	HG02813	HG02814	0/1	0/0	0/0	1	999	999
chr21	13643682	13643733	HGSV_241292	N	<INS>	<INS>	INS	72	PASS	0.001094	INFO_AF	NA19161	NA19160	NA19159	0/1	0/0	0/0	1	999	999
chr21	14885310	14885361	HGSV_241406	N	<INS:ME:LINE1>	<INS:ME:LINE1>	INS	1044	PASS	0.002971	INFO_AF	HG01698	HG01699	HG01697	0/1	0/0	0/0	1	999	999
chr21	15625690	15625716	HGSV_241449	N	<INS>	<INS>	INS	64	PASS	0.003126	INFO_AF	HG03251	HG03249	HG03250	0/1	0/0	0/0	1	999	999
chr21	17284945	17284947	HGSV_241587	N	<INS:ME:ALU>	<INS:ME:ALU>	INS	279	PASS	0.007493	INFO_AF	HG03161	HG03160	HG03159	0/1	0/0	0/0	446	999	999
chr21	17284945	17284947	HGSV_241587	N	<INS:ME:ALU>	<INS:ME:ALU>	INS	279	PASS	0.007493	INFO_AF	HG03191	HG03190	HG03189	0/1	0/0	0/0	1	999	999
chr21	17284945	17284947	HGSV_241587	N	<INS:ME:ALU>	<INS:ME:ALU>	INS	279	PASS	0.007493	INFO_AF	HG03197	HG03196	HG03195	0/1	0/0	0/0	1	999	999
chr21	19253465	19253501	HGSV_241768	N	<INS>	<INS>	INS	50	PASS	0.005655	INFO_AF	HG02761	HG02759	HG02760	0/1	0/0	0/0	1	999	999
chr21	19374397	19374448	HGSV_241784	N	<INS:ME:ALU>	<INS:ME:ALU>	INS	281	PASS	0.009366	INFO_AF	NA19115	NA19113	NA19114	0/1	0/0	0/0	1	999	999
chr21	20053329	20053380	HGSV_241847	N	<INS:ME:ALU>	<INS:ME:ALU>	INS	279	PASS	0.000312	INFO_AF	HG03248	HG03246	HG03247	0/1	0/0	0/0	1	999	999
chr21	21099929	21099980	HGSV_241961	N	<INS:ME:ALU>	<INS:ME:ALU>	INS	280	PASS	0.005481	INFO_AF	HG03350	HG03352	HG03351	0/1	0/0	0/0	1	999	999
chr21	21209134	21209185	HGSV_241970	N	<INS:ME:ALU>	<INS:ME:ALU>	INS	281	PASS	0.003122	INFO_AF	NA06991	NA06993	NA06985	0/1	0/0	0/0	1	999	999
chr21	23120959	23121010	HGSV_242217	N	<INS>	<INS>	INS	94	PASS	0.007181	INFO_AF	NA19154	NA19153	NA19152	0/1	0/0	0/0	1	999	999
chr21	23271427	23271478	HGSV_242234	N	<INS:ME:ALU>	<INS:ME:ALU>	INS	280	PASS	0.000156	INFO_AF	NA18484	NA18486	NA18488	0/1	0/0	0/0	1	999	999
chr21	26196372	26196423	HGSV_242577	N	<INS:ME:ALU>	<INS:ME:ALU>	INS	280	PASS	0.008926	INFO_AF	HG01391	HG01389	HG01390	0/1	0/0	0/0	1	999	999
chr21	27566607	27566658	HGSV_242696	N	<INS:ME:ALU>	<INS:ME:ALU>	INS	260	PASS	0.000156	INFO_AF	HG02321	HG02281	HG02282	0/1	0/0	0/0	1	999	999
chr21	27909785	27909829	HGSV_242726	N	<INS>	<INS>	INS	298	PASS	0.008794	INFO_AF	NA19132	NA19130	NA19131	0/1	0/0	0/0	1	999	999
chr21	28204366	28204417	HGSV_242760	N	<INS:ME:ALU>	<INS:ME:ALU>	INS	243	PASS	0.001564	INFO_AF	HG03299	HG03298	HG03297	0/1	0/0	0/0	1	999	999
chr21	29762684	29762735	HGSV_242877	N	<INS:ME:ALU>	<INS:ME:ALU>	INS	280	PASS	0.007399	INFO_AF	HG03579	HG03577	HG03578	0/1	0/0	0/0	1	999	999
chr21	32229453	32229504	HGSV_243120	N	<INS:ME:ALU>	<INS:ME:ALU>	INS	102	PASS	0.000625	INFO_AF	HG02451	HG02449	HG02450	0/1	0/0	0/0	1	999	999
chr21	37122422	37122422	HGSV_243573	N	<INS>	<INS>	INS	155	PASS	0.009333	INFO_AF	HG03710	HG03708	HG03709	0/1	0/0	0/0	.	.	.
chr21	37122422	37122422	HGSV_243573	N	<INS>	<INS>	INS	155	PASS	0.009333	INFO_AF	NA19161	NA19160	NA19159	0/1	0/0	0/0	.	.	.
chr21	38265185	38265236	HGSV_243678	N	<INS:ME:ALU>	<INS:ME:ALU>	INS	279	PASS	0.000156	INFO_AF	HG03453	HG03451	HG03452	0/1	0/0	0/0	1	999	999
chr21	39964248	39964299	HGSV_243832	N	<INS:ME:ALU>	<INS:ME:ALU>	INS	280	PASS	0.009862	INFO_AF	NA18500	NA18501	NA18502	0/1	0/0	0/0	266	999	999
chr21	39964248	39964299	HGSV_243832	N	<INS:ME:ALU>	<INS:ME:ALU>	INS	280	PASS	0.009862	INFO_AF	NA19836	NA19834	NA19835	0/1	0/0	0/0	1	999	999
chr21	41420304	41420338	HGSV_243950	N	<INS>	<INS>	INS	72	PASS	0.001093	INFO_AF	HG02723	HG02721	HG02722	0/1	0/0	0/0	1	999	999
chr21	41531550	41531568	HGSV_243959	N	<INS>	<INS>	INS	311	PASS	0.001718	INFO_AF	HG01622	HG01624	HG01623	0/1	0/0	0/0	1	999	999
chr21	44895991	44896006	HGSV_244291	N	<INS>	<INS>	INS	63	PASS	0.001561	INFO_AF	HG03191	HG03190	HG03189	0/1	0/0	0/0	1	999	999
chr21	45798105	45798112	HGSV_244409	N	<INS>	<INS>	INS	80	PASS	0.003926	INFO_AF	HG00450	HG00448	HG00449	0/1	0/0	0/0	1	999	999
chr21	45798105	45798112	HGSV_244409	N	<INS>	<INS>	INS	80	PASS	0.003926	INFO_AF	HG02293	HG02291	HG02292	0/1	0/0	0/0	1	999	999
chr21	45798105	45798112	HGSV_244409	N	<INS>	<INS>	INS	80	PASS	0.003926	INFO_AF	NA19718	NA19717	NA19716	0/1	0/0	0/0	1	999	999
chr22	11548393	11548393	HGSV_244656	N	<INS>	<INS>	INS	361	PASS	0.004657	INFO_AF	HG03050	HG03048	HG03049	0/1	0/0	0/0	.	.	.
chr22	11548393	11548393	HGSV_244656	N	<INS>	<INS>	INS	361	PASS	0.004657	INFO_AF	HG04215	HG03679	HG03642	0/1	0/0	0/0	.	.	.
chr22	17694243	17694294	HGSV_244833	N	<INS:ME:ALU>	<INS:ME:ALU>	INS	278	PASS	0.006248	INFO_AF	HG03305	HG03304	HG03303	0/1	0/0	0/0	1	999	999
chr22	22329184	22329235	HGSV_245311	N	<INS:ME:ALU>	<INS:ME:ALU>	INS	277	PASS	0.002816	INFO_AF	HG01703	HG01705	HG01704	0/1	0/0	0/0	1	999	999
chr22	22329184	22329235	HGSV_245311	N	<INS:ME:ALU>	<INS:ME:ALU>	INS	277	PASS	0.002816	INFO_AF	HG02222	HG02221	HG02220	0/1	0/0	0/0	1	999	999
chr22	22905092	22905104	HGSV_245458	N	<INS>	<INS>	INS	68	PASS	0.000156	INFO_AF	HG01526	HG01524	HG01525	0/1	0/0	0/0	1	999	999
chr22	24042878	24042882	HGSV_245603	N	<INS>	<INS>	INS	61	PASS	0.001565	INFO_AF	NA18863	NA18862	NA18861	0/1	0/0	0/0	1	999	999
chr22	24122752	24122803	HGSV_245608	N	<INS:ME:ALU>	<INS:ME:ALU>	INS	277	PASS	0.001094	INFO_AF	HG03098	HG03096	HG03097	0/1	0/0	0/0	1	999	999
chr22	24863938	24863974	HGSV_245689	N	<INS>	<INS>	INS	339	PASS	0.00921	INFO_AF	HG03041	HG03039	HG03040	0/1	0/0	0/0	1	999	999
chr22	24863938	24863974	HGSV_245689	N	<INS>	<INS>	INS	339	PASS	0.00921	INFO_AF	HG03308	HG03307	HG03306	0/1	0/0	0/0	113	999	999
chr22	24863938	24863974	HGSV_245689	N	<INS>	<INS>	INS	339	PASS	0.00921	INFO_AF	NA18863	NA18862	NA18861	0/1	0/0	0/0	1	999	999
chr22	24863938	24863974	HGSV_245689	N	<INS>	<INS>	INS	339	PASS	0.00921	INFO_AF	NA19221	NA19223	NA19222	0/1	0/0	0/0	1	999	999
chr22	24985120	24985171	HGSV_245705	N	<INS:ME:ALU>	<INS:ME:ALU>	INS	252	PASS	0.000469	INFO_AF	HG01138	HG01136	HG01137	0/1	0/0	0/0	1	999	999
chr22	25277773	25277782	HGSV_245753	N	<INS>	<INS>	INS	50	PASS	0.001563	INFO_AF	HG02261	HG02259	HG02260	0/1	0/0	0/0	1	999	999
chr22	25918986	25919037	HGSV_245801	N	<INS:ME:ALU>	<INS:ME:ALU>	INS	280	PASS	0.000156	INFO_AF	HG01609	HG01608	HG01607	0/1	0/0	0/0	1	999	999
chr22	26111249	26111300	HGSV_245810	N	<INS>	<INS>	INS	6017	PASS	0.008438	INFO_AF	HG02145	HG02143	HG02144	0/1	0/0	0/0	1	999	999
chr22	26111249	26111300	HGSV_245810	N	<INS>	<INS>	INS	6017	PASS	0.008438	INFO_AF	HG02257	HG02255	HG02256	0/1	0/0	0/0	163	999	999
chr22	26935032	26935083	HGSV_245874	N	<INS:ME:ALU>	<INS:ME:ALU>	INS	280	PASS	0.008797	INFO_AF	NA19191	NA19189	NA19190	0/1	0/0	0/0	1	999	999
chr22	28855307	28855358	HGSV_246035	N	<INS:ME:ALU>	<INS:ME:ALU>	INS	281	PASS	0.005163	INFO_AF	HG03113	HG03112	HG03111	0/1	0/0	0/0	1	999	999
chr22	34241313	34241364	HGSV_246508	N	<INS:ME:ALU>	<INS:ME:ALU>	INS	281	PASS	0.000781	INFO_AF	HG02622	HG02620	HG02621	0/1	0/0	0/0	1	999	999
chr22	36077956	36077983	HGSV_246679	N	<INS>	<INS>	INS	326	PASS	0.00297	INFO_AF	HG01499	HG01497	HG01498	0/1	0/0	0/0	1	999	999
chr22	36077956	36077983	HGSV_246679	N	<INS>	<INS>	INS	326	PASS	0.00297	INFO_AF	HG03041	HG03039	HG03040	0/1	0/0	0/0	1	999	999
chr22	36077956	36077983	HGSV_246679	N	<INS>	<INS>	INS	326	PASS	0.00297	INFO_AF	NA19154	NA19153	NA19152	0/1	0/0	0/0	1	999	999
chr22	37817186	37817226	HGSV_246865	N	<INS:ME:SVA>	<INS:ME:SVA>	INS	801	PASS	0.007986	INFO_AF	HG02897	HG02895	HG02896	0/1	0/0	0/0	915	999	999
chr22	38398946	38398967	HGSV_246925	N	<INS>	<INS>	INS	55	PASS	0.008615	INFO_AF	HG00465	HG00463	HG00464	0/1	0/0	0/0	1	999	999
chr22	38398946	38398967	HGSV_246925	N	<INS>	<INS>	INS	55	PASS	0.008615	INFO_AF	HG01074	HG01072	HG01073	0/1	0/0	0/0	1	999	999
chr22	38398946	38398967	HGSV_246925	N	<INS>	<INS>	INS	55	PASS	0.008615	INFO_AF	HG02293	HG02291	HG02292	0/1	0/0	0/0	1	999	999
chr22	38398953	38398978	HGSV_246926	N	<INS>	<INS>	INS	55	PASS	0.009558	INFO_AF	HG00444	HG00442	HG00443	0/1	0/0	0/0	1	999	999
chr22	38398953	38398978	HGSV_246926	N	<INS>	<INS>	INS	55	PASS	0.009558	INFO_AF	HG01701	HG01700	HG01702	0/1	0/0	0/0	1	999	999
chr22	38398953	38398978	HGSV_246926	N	<INS>	<INS>	INS	55	PASS	0.009558	INFO_AF	HG01748	HG01747	HG01746	0/1	0/0	0/0	1	999	999
chr22	38398953	38398978	HGSV_246926	N	<INS>	<INS>	INS	55	PASS	0.009558	INFO_AF	HG01774	HG01775	HG01773	0/1	0/0	0/0	1	999	999
chr22	38398953	38398978	HGSV_246926	N	<INS>	<INS>	INS	55	PASS	0.009558	INFO_AF	HG01895	HG01912	HG01894	0/1	0/0	0/0	1	999	999
chr22	38398953	38398978	HGSV_246926	N	<INS>	<INS>	INS	55	PASS	0.009558	INFO_AF	HG01919	HG01917	HG01918	0/1	0/0	0/0	1	999	999
chr22	38398953	38398978	HGSV_246926	N	<INS>	<INS>	INS	55	PASS	0.009558	INFO_AF	HG02059	HG02061	HG02060	0/1	0/0	0/0	1	999	999
chr22	38398953	38398978	HGSV_246926	N	<INS>	<INS>	INS	55	PASS	0.009558	INFO_AF	HG03050	HG03048	HG03049	0/1	0/0	0/0	1	999	999
chr22	38398953	38398978	HGSV_246926	N	<INS>	<INS>	INS	55	PASS	0.009558	INFO_AF	HG03480	HG03478	HG03479	0/1	0/0	0/0	1	72	999
chr22	38398953	38398978	HGSV_246926	N	<INS>	<INS>	INS	55	PASS	0.009558	INFO_AF	HG03669	HG03667	HG03668	0/1	0/0	0/0	1	999	999
chr22	38398953	38398978	HGSV_246926	N	<INS>	<INS>	INS	55	PASS	0.009558	INFO_AF	HG03816	HG03815	HG03814	0/1	0/0	0/0	1	999	999
chr22	38398953	38398978	HGSV_246926	N	<INS>	<INS>	INS	55	PASS	0.009558	INFO_AF	HG03992	HG03943	HG03944	0/1	0/0	0/0	1	999	999
chr22	38398953	38398978	HGSV_246926	N	<INS>	<INS>	INS	55	PASS	0.009558	INFO_AF	HG04160	HG04158	HG04159	0/1	0/0	0/0	1	999	999
chr22	38398953	38398978	HGSV_246926	N	<INS>	<INS>	INS	55	PASS	0.009558	INFO_AF	HG04215	HG03679	HG03642	0/1	0/0	0/0	1	999	999
chr22	38398953	38398978	HGSV_246926	N	<INS>	<INS>	INS	55	PASS	0.009558	INFO_AF	NA07019	NA07022	NA07056	0/1	0/0	0/0	1	999	999
chr22	38398953	38398978	HGSV_246926	N	<INS>	<INS>	INS	55	PASS	0.009558	INFO_AF	NA10839	NA12005	NA12006	0/1	0/0	0/0	1	999	999
chr22	38398953	38398978	HGSV_246926	N	<INS>	<INS>	INS	55	PASS	0.009558	INFO_AF	NA10845	NA11930	NA11931	0/1	0/0	0/0	1	999	999
chr22	38398953	38398978	HGSV_246926	N	<INS>	<INS>	INS	55	PASS	0.009558	INFO_AF	NA10864	NA11893	NA11894	0/1	0/0	0/0	1	999	999
chr22	38398953	38398978	HGSV_246926	N	<INS>	<INS>	INS	55	PASS	0.009558	INFO_AF	NA12767	NA12777	NA12778	0/1	0/0	0/0	1	999	999
chr22	38398953	38398978	HGSV_246926	N	<INS>	<INS>	INS	55	PASS	0.009558	INFO_AF	NA19702	NA19700	NA19701	0/1	0/0	0/0	1	999	999
chr22	38398953	38398978	HGSV_246926	N	<INS>	<INS>	INS	55	PASS	0.009558	INFO_AF	NA19757	NA19756	NA19755	0/1	0/0	0/0	1	999	999
chr22	38398953	38398978	HGSV_246926	N	<INS>	<INS>	INS	55	PASS	0.009558	INFO_AF	NA19772	NA19771	NA19770	0/1	0/0	0/0	1	999	999
chr22	38398953	38398978	HGSV_246926	N	<INS>	<INS>	INS	55	PASS	0.009558	INFO_AF	NA19918	NA19916	NA19917	0/1	0/0	0/0	1	999	999
chr22	44176598	44176649	HGSV_247590	N	<INS:ME:ALU>	<INS:ME:ALU>	INS	281	PASS	0.000312	INFO_AF	HG03516	HG03515	HG03514	0/1	0/0	0/0	1	999	999
chr22	44492102	44492153	HGSV_247617	N	<INS>	<INS>	INS	90	PASS	0.002655	INFO_AF	HG01138	HG01136	HG01137	0/1	0/0	0/0	1	999	999
chr22	45942878	45942923	HGSV_247800	N	<INS>	<INS>	INS	58	PASS	0.009991	INFO_AF	NA19784	NA19783	NA19782	0/1	0/0	0/0	1	999	999
chr22	47313544	47313595	HGSV_247973	N	<INS:ME:ALU>	<INS:ME:ALU>	INS	53	PASS	0.00281	INFO_AF	HG02451	HG02449	HG02450	0/1	0/0	0/0	999	999	999
chr22	47313544	47313595	HGSV_247973	N	<INS:ME:ALU>	<INS:ME:ALU>	INS	53	PASS	0.00281	INFO_AF	HG02838	HG02836	HG02837	0/1	0/0	0/0	999	999	999
chr22	47313544	47313595	HGSV_247973	N	<INS:ME:ALU>	<INS:ME:ALU>	INS	53	PASS	0.00281	INFO_AF	HG03522	HG03521	HG03520	0/1	0/0	0/0	999	999	999
chr22	47313544	47313595	HGSV_247973	N	<INS:ME:ALU>	<INS:ME:ALU>	INS	53	PASS	0.00281	INFO_AF	NA19148	NA19146	NA19147	0/1	0/0	0/0	999	999	999
chr22	48629826	48629866	HGSV_248118	N	<INS>	<INS>	INS	69	PASS	0.006593	INFO_AF	NA19249	NA19248	NA19247	0/1	0/0	0/0	1	999	999
chr22	48925176	48925200	HGSV_248169	N	<INS>	<INS>	INS	76	PASS	0.005322	INFO_AF	HG03134	HG03133	HG03132	0/1	0/0	0/0	50	999	999
chr22	48925176	48925200	HGSV_248169	N	<INS>	<INS>	INS	76	PASS	0.005322	INFO_AF	HG03438	HG03469	HG03470	0/1	0/0	0/0	1	999	999
chr22	48925176	48925200	HGSV_248169	N	<INS>	<INS>	INS	76	PASS	0.005322	INFO_AF	NA19177	NA19175	NA19176	0/1	0/0	0/0	1	999	999
chr22	49922949	49922988	HGSV_248338	N	<INS>	<INS>	INS	70	PASS	0.00125	INFO_AF	NA19109	NA19107	NA19108	0/1	0/0	0/0	1	999	999
chr22	49951209	49951229	HGSV_248347	N	<INS>	<INS>	INS	65	PASS	0.005779	INFO_AF	HG02809	HG02807	HG02808	0/1	0/0	0/0	1	999	999
chr22	50243655	50243656	HGSV_248400	N	<INS>	<INS>	INS	55	PASS	0.00125	INFO_AF	HG01884	HG01885	HG01956	0/1	0/0	0/0	1	999	999
chr22	50243655	50243656	HGSV_248400	N	<INS>	<INS>	INS	55	PASS	0.00125	INFO_AF	HG03248	HG03246	HG03247	0/1	0/0	0/0	1	999	999
chr3	1194141	1194192	HGSV_40604	N	<INS:ME:ALU>	<INS:ME:ALU>	INS	261	PASS	0.00219	INFO_AF	HG02575	HG02573	HG02574	0/1	0/0	0/0	1	999	999
chr3	2026531	2026582	HGSV_40708	N	<INS:ME:ALU>	<INS:ME:ALU>	INS	280	PASS	0.002977	INFO_AF	NA19129	NA19128	NA19127	0/1	0/0	0/0	1	999	999
chr3	2058903	2058954	HGSV_40712	N	<INS:ME:ALU>	<INS:ME:ALU>	INS	281	PASS	0.000156	INFO_AF	NA19211	NA19210	NA19209	0/1	0/0	0/0	1	999	999
chr3	2323561	2323612	HGSV_40745	N	<INS:ME:ALU>	<INS:ME:ALU>	INS	280	PASS	0.000156	INFO_AF	HG02701	HG02699	HG02700	0/1	0/0	0/0	1	999	999
chr3	2841865	2841885	HGSV_40805	N	<INS:ME:LINE1>	<INS:ME:LINE1>	INS	538	PASS	0.00782	INFO_AF	NA19211	NA19210	NA19209	0/1	0/0	0/0	63	999	999
chr3	5151720	5151733	HGSV_41060	N	<INS>	<INS>	INS	61	PASS	0.003911	INFO_AF	HG01601	HG01603	HG01602	0/1	0/0	0/0	1	999	999
chr3	5151720	5151733	HGSV_41060	N	<INS>	<INS>	INS	61	PASS	0.003911	INFO_AF	HG01696	HG01694	HG01695	0/1	0/0	0/0	1	999	999
chr3	5151720	5151733	HGSV_41060	N	<INS>	<INS>	INS	61	PASS	0.003911	INFO_AF	HG02015	HG02017	HG02016	0/1	0/0	0/0	1	999	999
chr3	5151720	5151733	HGSV_41060	N	<INS>	<INS>	INS	61	PASS	0.003911	INFO_AF	HG04115	HG03896	HG03894	0/1	0/0	0/0	1	999	999
chr3	6695205	6695244	HGSV_41218	N	<INS>	<INS>	INS	97	PASS	0.001095	INFO_AF	HG03110	HG03109	HG03108	0/1	0/0	0/0	1	999	999
chr3	7814772	7814823	HGSV_41315	N	<INS:ME:ALU>	<INS:ME:ALU>	INS	280	PASS	0.001407	INFO_AF	NA19205	NA19203	NA19204	0/1	0/0	0/0	1	999	999
chr3	7874233	7874284	HGSV_41324	N	<INS:ME:ALU>	<INS:ME:ALU>	INS	280	PASS	0.003597	INFO_AF	HG02622	HG02620	HG02621	0/1	0/0	0/0	1	999	999
chr3	7874233	7874284	HGSV_41324	N	<INS:ME:ALU>	<INS:ME:ALU>	INS	280	PASS	0.003597	INFO_AF	HG02677	HG02675	HG02676	0/1	0/0	0/0	1	999	999
chr3	7874233	7874284	HGSV_41324	N	<INS:ME:ALU>	<INS:ME:ALU>	INS	280	PASS	0.003597	INFO_AF	NA19202	NA19200	NA19201	0/1	0/0	0/0	1	999	999
chr3	9926174	9926216	HGSV_41530	N	<INS>	<INS>	INS	55	PASS	0.000312	INFO_AF	HG03251	HG03249	HG03250	0/1	0/0	0/0	1	999	999
chr3	10713116	10713129	HGSV_41622	N	<INS:ME:ALU>	<INS:ME:ALU>	INS	239	PASS	0.001405	INFO_AF	HG03131	HG03130	HG03129	0/1	0/0	0/0	1	999	999
chr3	12948593	12948593	HGSV_41841	N	<INS>	<INS>	INS	359	PASS	0.000157	INFO_AF	HG01192	HG01190	HG01191	0/1	0/0	0/0	.	.	.
chr3	13708614	13708618	HGSV_41888	N	<INS>	<INS>	INS	61	PASS	0.004527	INFO_AF	NA19205	NA19203	NA19204	0/1	0/0	0/0	1	999	999
chr3	15265551	15265563	HGSV_41991	N	<INS>	<INS>	INS	87	PASS	0.00172	INFO_AF	NA19115	NA19113	NA19114	0/1	0/0	0/0	1	999	999
chr3	18058728	18058779	HGSV_42188	N	<INS:ME:ALU>	<INS:ME:ALU>	INS	281	PASS	0.000468	INFO_AF	HG00465	HG00463	HG00464	0/1	0/0	0/0	1	999	999
chr3	19146243	19146275	HGSV_42282	N	<INS:ME:ALU>	<INS:ME:ALU>	INS	299	PASS	0.008302	INFO_AF	HG01884	HG01885	HG01956	0/1	0/0	0/0	464	999	999
chr3	20982453	20982504	HGSV_42461	N	<INS:ME:ALU>	<INS:ME:ALU>	INS	281	PASS	0.000156	INFO_AF	HG00664	HG00662	HG00663	0/1	0/0	0/0	1	999	999
chr3	21035688	21035739	HGSV_42466	N	<INS:ME:ALU>	<INS:ME:ALU>	INS	278	PASS	0.00281	INFO_AF	HG02572	HG02570	HG02571	0/1	0/0	0/0	1	999	999
chr3	21338261	21338277	HGSV_42502	N	<INS>	<INS>	INS	56	PASS	0.002819	INFO_AF	HG01891	HG01890	HG01889	0/1	0/0	0/0	1	999	999
chr3	21835959	21836010	HGSV_42551	N	<INS:ME:ALU>	<INS:ME:ALU>	INS	281	PASS	0.000938	INFO_AF	HG02686	HG02684	HG02685	0/1	0/0	0/0	1	999	999
chr3	22239547	22239598	HGSV_42595	N	<INS:ME:ALU>	<INS:ME:ALU>	INS	280	PASS	0.008192	INFO_AF	NA18872	NA18871	NA18870	0/1	0/0	0/0	1	999	999
chr3	22239547	22239598	HGSV_42595	N	<INS:ME:ALU>	<INS:ME:ALU>	INS	280	PASS	0.008192	INFO_AF	NA19115	NA19113	NA19114	0/1	0/0	0/0	1	999	999
chr3	22239547	22239598	HGSV_42595	N	<INS:ME:ALU>	<INS:ME:ALU>	INS	280	PASS	0.008192	INFO_AF	NA19177	NA19175	NA19176	0/1	0/0	0/0	1	999	999
chr3	22324042	22324093	HGSV_42605	N	<INS:ME:ALU>	<INS:ME:ALU>	INS	281	PASS	0.002029	INFO_AF	HG01703	HG01705	HG01704	0/1	0/0	0/0	1	999	999
chr3	22441845	22441896	HGSV_42618	N	<INS:ME:ALU>	<INS:ME:ALU>	INS	278	PASS	0.004527	INFO_AF	HG02145	HG02143	HG02144	0/1	0/0	0/0	313	999	999
chr3	22441845	22441896	HGSV_42618	N	<INS:ME:ALU>	<INS:ME:ALU>	INS	278	PASS	0.004527	INFO_AF	HG02677	HG02675	HG02676	0/1	0/0	0/0	1	999	999
chr3	26483705	26483756	HGSV_42944	N	<INS:ME:ALU>	<INS:ME:ALU>	INS	280	PASS	0.00921	INFO_AF	HG03230	HG03228	HG03229	0/1	0/0	0/0	1	999	999
chr3	27315596	27315647	HGSV_43002	N	<INS:ME:ALU>	<INS:ME:ALU>	INS	281	PASS	0.002654	INFO_AF	HG02818	HG02816	HG02817	0/1	0/0	0/0	121	999	999
chr3	28609269	28609320	HGSV_43119	N	<INS:ME:ALU>	<INS:ME:ALU>	INS	247	PASS	0.000468	INFO_AF	NA12753	NA12762	NA12763	0/1	0/0	0/0	1	999	999
chr3	29137161	29137161	HGSV_43158	N	<INS:ME:ALU>	<INS:ME:ALU>	INS	237	PASS	0.001721	INFO_AF	NA18500	NA18501	NA18502	0/1	0/0	0/0	.	.	.
chr3	29495176	29495212	HGSV_43182	N	<INS>	<INS>	INS	316	PASS	0.008438	INFO_AF	HG01074	HG01072	HG01073	0/1	0/0	0/0	1	999	999
chr3	29495176	29495212	HGSV_43182	N	<INS>	<INS>	INS	316	PASS	0.008438	INFO_AF	HG03763	HG03761	HG03762	0/1	0/0	0/0	1	999	999
chr3	29495176	29495212	HGSV_43182	N	<INS>	<INS>	INS	316	PASS	0.008438	INFO_AF	NA20279	NA20278	NA20282	0/1	0/0	0/0	1	999	999
chr3	30017971	30018022	HGSV_43235	N	<INS:ME:ALU>	<INS:ME:ALU>	INS	281	PASS	0.00852	INFO_AF	HG02821	HG02819	HG02820	0/1	0/0	0/0	203	999	999
chr3	30017971	30018022	HGSV_43235	N	<INS:ME:ALU>	<INS:ME:ALU>	INS	281	PASS	0.00852	INFO_AF	NA19109	NA19107	NA19108	0/1	0/0	0/0	1	999	999
chr3	31298326	31298377	HGSV_43337	N	<INS:ME:ALU>	<INS:ME:ALU>	INS	280	PASS	0.008171	INFO_AF	HG01346	HG01344	HG01345	0/1	0/0	0/0	1	999	999
chr3	31298326	31298377	HGSV_43337	N	<INS:ME:ALU>	<INS:ME:ALU>	INS	280	PASS	0.008171	INFO_AF	NA12802	NA12814	NA12815	0/1	0/0	0/0	1	999	999
chr3	32677321	32677372	HGSV_43465	N	<INS>	<INS>	INS	325	PASS	0.009522	INFO_AF	HG03026	HG03024	HG03025	0/1	0/0	0/0	1	999	999
chr3	33669435	33669454	HGSV_43558	N	<INS:ME:ALU>	<INS:ME:ALU>	INS	281	PASS	0.000156	INFO_AF	NA10855	NA11831	NA11832	0/1	0/0	0/0	1	999	999
chr3	35088171	35088204	HGSV_43685	N	<INS>	<INS>	INS	51	PASS	0.002975	INFO_AF	HG00738	HG00736	HG00737	0/1	0/0	0/0	1	999	999
chr3	35366642	35366693	HGSV_43714	N	<INS:ME:ALU>	<INS:ME:ALU>	INS	279	PASS	0.005464	INFO_AF	HG02644	HG02642	HG02643	0/1	0/0	0/0	13	999	999
chr3	35789532	35789548	HGSV_43757	N	<INS:ME:ALU>	<INS:ME:ALU>	INS	276	PASS	0.004215	INFO_AF	NA19097	NA19096	NA19095	0/1	0/0	0/0	1	999	999
chr3	36558393	36558429	HGSV_43839	N	<INS:ME:LINE1>	<INS:ME:LINE1>	INS	530	PASS	0.005166	INFO_AF	NA19191	NA19189	NA19190	0/1	0/0	0/0	1	999	999
chr3	41900251	41900302	HGSV_44246	N	<INS:ME:ALU>	<INS:ME:ALU>	INS	279	PASS	0.007649	INFO_AF	HG03128	HG03127	HG03126	0/1	0/0	0/0	1	999	999
chr3	41900251	41900302	HGSV_44246	N	<INS:ME:ALU>	<INS:ME:ALU>	INS	279	PASS	0.007649	INFO_AF	HG03480	HG03478	HG03479	0/1	0/0	0/0	1	999	999
chr3	43571024	43571060	HGSV_44384	N	<INS:ME:ALU>	<INS:ME:ALU>	INS	256	PASS	0.000938	INFO_AF	HG02818	HG02816	HG02817	0/1	0/0	0/0	1	999	999
chr3	43571024	43571060	HGSV_44384	N	<INS:ME:ALU>	<INS:ME:ALU>	INS	256	PASS	0.000938	INFO_AF	HG03050	HG03048	HG03049	0/1	0/0	0/0	1	999	999
chr3	43571024	43571060	HGSV_44384	N	<INS:ME:ALU>	<INS:ME:ALU>	INS	256	PASS	0.000938	INFO_AF	HG03344	HG03343	HG03342	0/1	0/0	0/0	1	999	999
chr3	44031354	44031393	HGSV_44419	N	<INS>	<INS>	INS	332	PASS	0.002498	INFO_AF	HG02809	HG02807	HG02808	0/1	0/0	0/0	1	999	999
chr3	45594740	45594752	HGSV_44534	N	<INS>	<INS>	INS	73	PASS	0.008719	INFO_AF	NA19174	NA19117	NA19118	0/1	0/0	0/0	1	999	999
chr3	45594740	45594752	HGSV_44534	N	<INS>	<INS>	INS	73	PASS	0.008719	INFO_AF	NA19237	NA19236	NA19235	0/1	0/0	0/0	1	999	999
chr3	47761516	47761567	HGSV_44702	N	<INS:ME:ALU>	<INS:ME:ALU>	INS	273	PASS	0.001873	INFO_AF	NA18930	NA18917	NA18916	0/1	0/0	0/0	1	999	999
chr3	56885575	56885626	HGSV_45379	N	<INS:ME:ALU>	<INS:ME:ALU>	INS	280	PASS	0.000781	INFO_AF	NA19097	NA19096	NA19095	0/1	0/0	0/0	1	999	999
chr3	57536202	57536253	HGSV_45443	N	<INS:ME:ALU>	<INS:ME:ALU>	INS	281	PASS	0.005975	INFO_AF	HG01884	HG01885	HG01956	0/1	0/0	0/0	1	999	999
chr3	57536202	57536253	HGSV_45443	N	<INS:ME:ALU>	<INS:ME:ALU>	INS	281	PASS	0.005975	INFO_AF	NA12864	NA12872	NA12873	0/1	0/0	0/0	1	999	999
chr3	58286883	58286920	HGSV_45506	N	<INS>	<INS>	INS	75	PASS	0.003599	INFO_AF	HG02229	HG02231	HG02230	0/1	0/0	0/0	1	999	999
chr3	58286883	58286920	HGSV_45506	N	<INS>	<INS>	INS	75	PASS	0.003599	INFO_AF	HG02975	HG02973	HG02974	0/1	0/0	0/0	1	999	999
chr3	58540661	58540712	HGSV_45529	N	<INS:ME:ALU>	<INS:ME:ALU>	INS	270	PASS	0.000624	INFO_AF	NA19186	NA19184	NA19185	0/1	0/0	0/0	1	999	999
chr3	59440727	59440778	HGSV_45613	N	<INS:ME:ALU>	<INS:ME:ALU>	INS	277	PASS	0.008917	INFO_AF	HG02821	HG02819	HG02820	0/1	0/0	0/0	203	999	999
chr3	59440727	59440778	HGSV_45613	N	<INS:ME:ALU>	<INS:ME:ALU>	INS	277	PASS	0.008917	INFO_AF	HG02883	HG02881	HG02882	0/1	0/0	0/0	1	999	999
chr3	59609224	59609275	HGSV_45623	N	<INS:ME:ALU>	<INS:ME:ALU>	INS	261	PASS	0.006088	INFO_AF	HG03302	HG03301	HG03300	0/1	0/0	0/0	1	999	999
chr3	60084862	60084913	HGSV_45668	N	<INS:ME:ALU>	<INS:ME:ALU>	INS	281	PASS	0.000156	INFO_AF	HG02495	HG02493	HG02494	0/1	0/0	0/0	1	999	999
chr3	60619026	60619077	HGSV_45726	N	<INS:ME:LINE1>	<INS:ME:LINE1>	INS	3625	PASS	0.008656	INFO_AF	HG02622	HG02620	HG02621	0/1	0/0	0/0	1	999	999
chr3	60663154	60663155	HGSV_45730	N	<INS>	<INS>	INS	54	PASS	0.002654	INFO_AF	NA10839	NA12005	NA12006	0/1	0/0	0/0	52	999	999
chr3	61071655	61071735	HGSV_45764	N	<INS:ME:ALU>	<INS:ME:ALU>	INS	214	PASS	0.001405	INFO_AF	HG02886	HG02884	HG02885	0/1	0/0	0/0	1	999	999
chr3	61071655	61071735	HGSV_45764	N	<INS:ME:ALU>	<INS:ME:ALU>	INS	214	PASS	0.001405	INFO_AF	NA19751	NA19750	NA19749	0/1	0/0	0/0	1	999	999
chr3	61437441	61437492	HGSV_45799	N	<INS:ME:ALU>	<INS:ME:ALU>	INS	280	PASS	0.000156	INFO_AF	NA10835	NA12248	NA12249	0/1	0/0	0/0	1	999	999
chr3	70274408	70274459	HGSV_46455	N	<INS:ME:ALU>	<INS:ME:ALU>	INS	255	PASS	0.004233	INFO_AF	HG01888	HG01882	HG01883	0/1	0/0	0/0	1	999	999
chr3	70274408	70274459	HGSV_46455	N	<INS:ME:ALU>	<INS:ME:ALU>	INS	255	PASS	0.004233	INFO_AF	HG03453	HG03451	HG03452	0/1	0/0	0/0	263	999	999
chr3	70884853	70884904	HGSV_46493	N	<INS:ME:ALU>	<INS:ME:ALU>	INS	280	PASS	0.000156	INFO_AF	NA19787	NA19786	NA19785	0/1	0/0	0/0	1	999	999
chr3	71412171	71412222	HGSV_46535	N	<INS:ME:ALU>	<INS:ME:ALU>	INS	277	PASS	0.004379	INFO_AF	HG03453	HG03451	HG03452	0/1	0/0	0/0	1	999	999
chr3	74694054	74694093	HGSV_46773	N	<INS>	<INS>	INS	326	PASS	0.001405	INFO_AF	NA19902	NA19900	NA19901	0/1	0/0	0/0	1	999	999
chr3	75532567	75532606	HGSV_46863	N	<INS>	<INS>	INS	50	PASS	0.00219	INFO_AF	HG02451	HG02449	HG02450	0/1	0/0	0/0	1	999	999
chr3	75903713	75903764	HGSV_46901	N	<INS:ME:ALU>	<INS:ME:ALU>	INS	280	PASS	0.005151	INFO_AF	HG02966	HG02965	HG02964	0/1	0/0	0/0	1	999	999
chr3	76851770	76851774	HGSV_46997	N	<INS:ME:ALU>	<INS:ME:ALU>	INS	226	PASS	0.004396	INFO_AF	HG00612	HG00610	HG00611	0/1	0/0	0/0	1	999	999
chr3	76851770	76851774	HGSV_46997	N	<INS:ME:ALU>	<INS:ME:ALU>	INS	226	PASS	0.004396	INFO_AF	HG01126	HG01124	HG01125	0/1	0/0	0/0	1	999	999
chr3	76851770	76851774	HGSV_46997	N	<INS:ME:ALU>	<INS:ME:ALU>	INS	226	PASS	0.004396	INFO_AF	HG02602	HG02600	HG02601	0/1	0/0	0/0	1	999	999
chr3	76851770	76851774	HGSV_46997	N	<INS:ME:ALU>	<INS:ME:ALU>	INS	226	PASS	0.004396	INFO_AF	HG02978	HG02977	HG02976	0/1	0/0	0/0	1	999	999
chr3	76851770	76851774	HGSV_46997	N	<INS:ME:ALU>	<INS:ME:ALU>	INS	226	PASS	0.004396	INFO_AF	HG03576	HG03574	HG03575	0/1	0/0	0/0	1	999	999
chr3	77400998	77401049	HGSV_47067	N	<INS:ME:ALU>	<INS:ME:ALU>	INS	54	PASS	0.001251	INFO_AF	NA19174	NA19117	NA19118	0/1	0/0	0/0	1	999	999
chr3	78092520	78092571	HGSV_47125	N	<INS:ME:ALU>	<INS:ME:ALU>	INS	276	PASS	0.001561	INFO_AF	NA18930	NA18917	NA18916	0/1	0/0	0/0	1	999	999
chr3	78207754	78207805	HGSV_47136	N	<INS:ME:ALU>	<INS:ME:ALU>	INS	281	PASS	0.005308	INFO_AF	NA19145	NA19144	NA19143	0/1	0/0	0/0	1	999	999
chr3	82553175	82553226	HGSV_47486	N	<INS:ME:ALU>	<INS:ME:ALU>	INS	281	PASS	0.001718	INFO_AF	HG02889	HG02887	HG02888	0/1	0/0	0/0	1	999	999
chr3	83172935	83172986	HGSV_47552	N	<INS:ME:ALU>	<INS:ME:ALU>	INS	281	PASS	0.009835	INFO_AF	NA18930	NA18917	NA18916	0/1	0/0	0/0	72	999	999
chr3	83905864	83905915	HGSV_47632	N	<INS:ME:ALU>	<INS:ME:ALU>	INS	280	PASS	0.006556	INFO_AF	HG00474	HG00472	HG00473	0/1	0/0	0/0	1	999	999
chr3	84308346	84308397	HGSV_47679	N	<INS:ME:ALU>	<INS:ME:ALU>	INS	280	PASS	0.001876	INFO_AF	NA18911	NA18910	NA18909	0/1	0/0	0/0	1	999	999
chr3	84308346	84308397	HGSV_47679	N	<INS:ME:ALU>	<INS:ME:ALU>	INS	280	PASS	0.001876	INFO_AF	NA19109	NA19107	NA19108	0/1	0/0	0/0	1	999	999
chr3	86630267	86630267	HGSV_47894	N	<INS>	<INS>	INS	105	PASS	0.000625	INFO_AF	HG02225	HG02224	HG02223	0/1	0/0	0/0	.	.	.
chr3	94320287	94320338	HGSV_48013	N	<INS:ME:ALU>	<INS:ME:ALU>	INS	280	PASS	0.001405	INFO_AF	HG01511	HG01509	HG01510	0/1	0/0	0/0	1	999	999
chr3	94484393	94484444	HGSV_48025	N	<INS:ME:LINE1>	<INS:ME:LINE1>	INS	6015	PASS	0.006254	INFO_AF	HG02800	HG02798	HG02799	0/1	0/0	0/0	313	999	999
chr3	95059966	95059966	HGSV_48093	N	<INS>	<INS>	INS	215	PASS	0.007337	INFO_AF	HG01928	HG01926	HG01927	0/1	0/0	0/0	.	.	.
chr3	95059966	95059966	HGSV_48093	N	<INS>	<INS>	INS	215	PASS	0.007337	INFO_AF	NA12336	NA12342	NA12343	0/1	0/0	0/0	.	.	.
chr3	95059966	95059966	HGSV_48093	N	<INS>	<INS>	INS	215	PASS	0.007337	INFO_AF	NA19918	NA19916	NA19917	0/1	0/0	0/0	.	.	.
chr3	95560951	95561002	HGSV_48148	N	<INS:ME:ALU>	<INS:ME:ALU>	INS	281	PASS	0.000937	INFO_AF	HG02761	HG02759	HG02760	0/1	0/0	0/0	1	999	999
chr3	95751869	95751960	HGSV_48173	N	<INS:ME:ALU>	<INS:ME:ALU>	INS	66	PASS	0.006309	INFO_AF	HG02059	HG02061	HG02060	0/1	0/0	0/0	1	999	999
chr3	95751869	95751960	HGSV_48173	N	<INS:ME:ALU>	<INS:ME:ALU>	INS	66	PASS	0.006309	INFO_AF	HG02984	HG02982	HG02983	0/1	0/0	0/0	1	999	999
chr3	95751869	95751960	HGSV_48173	N	<INS:ME:ALU>	<INS:ME:ALU>	INS	66	PASS	0.006309	INFO_AF	HG03489	HG03487	HG03488	0/1	0/0	0/0	1	999	999
chr3	95751869	95751960	HGSV_48173	N	<INS:ME:ALU>	<INS:ME:ALU>	INS	66	PASS	0.006309	INFO_AF	HG04036	HG03943	HG03944	0/1	0/0	0/0	1	999	999
chr3	97056004	97056055	HGSV_48294	N	<INS:ME:LINE1>	<INS:ME:LINE1>	INS	234	PASS	0.006268	INFO_AF	HG02612	HG02610	HG02611	0/1	0/0	0/0	1	999	999
chr3	97146880	97146931	HGSV_48304	N	<INS:ME:ALU>	<INS:ME:ALU>	INS	281	PASS	0.005479	INFO_AF	HG02978	HG02977	HG02976	0/1	0/0	0/0	1	999	999
chr3	97611812	97611863	HGSV_48343	N	<INS:ME:ALU>	<INS:ME:ALU>	INS	279	PASS	0.000156	INFO_AF	HG04215	HG03679	HG03642	0/1	0/0	0/0	1	999	999
chr3	100091140	100091164	HGSV_48587	N	<INS>	<INS>	INS	312	PASS	0.003454	INFO_AF	HG02809	HG02807	HG02808	0/1	0/0	0/0	1	999	999
chr3	100091140	100091164	HGSV_48587	N	<INS>	<INS>	INS	312	PASS	0.003454	INFO_AF	HG03041	HG03039	HG03040	0/1	0/0	0/0	1	999	999
chr3	100091140	100091164	HGSV_48587	N	<INS>	<INS>	INS	312	PASS	0.003454	INFO_AF	HG04160	HG04158	HG04159	0/1	0/0	0/0	1	999	999
chr3	100091140	100091164	HGSV_48587	N	<INS>	<INS>	INS	312	PASS	0.003454	INFO_AF	NA10861	NA11994	NA11995	0/1	0/0	0/0	1	999	999
chr3	104594843	104594894	HGSV_48962	N	<INS:ME:ALU>	<INS:ME:ALU>	INS	281	PASS	0.001563	INFO_AF	NA12707	NA12716	NA12717	0/1	0/0	0/0	1	999	999
chr3	108316713	108316764	HGSV_49249	N	<INS:ME:ALU>	<INS:ME:ALU>	INS	280	PASS	0.000469	INFO_AF	HG03701	HG03699	HG03700	0/1	0/0	0/0	1	999	999
chr3	108514351	108514402	HGSV_49264	N	<INS:ME:ALU>	<INS:ME:ALU>	INS	280	PASS	0.002343	INFO_AF	HG04217	HG04198	HG04200	0/1	0/0	0/0	1	999	999
chr3	111375288	111375339	HGSV_49510	N	<INS:ME:ALU>	<INS:ME:ALU>	INS	281	PASS	0.003903	INFO_AF	HG03047	HG03045	HG03046	0/1	0/0	0/0	1	999	999
chr3	111940182	111940233	HGSV_49552	N	<INS:ME:ALU>	<INS:ME:ALU>	INS	280	PASS	0.004389	INFO_AF	HG01192	HG01190	HG01191	0/1	0/0	0/0	1	999	999
chr3	112802371	112802422	HGSV_49621	N	<INS:ME:ALU>	<INS:ME:ALU>	INS	279	PASS	0.009366	INFO_AF	HG02630	HG02628	HG02629	0/1	0/0	0/0	1	999	999
chr3	115299368	115299373	HGSV_49829	N	<INS>	<INS>	INS	330	PASS	0.009525	INFO_AF	HG01677	HG01678	HG01676	0/1	0/0	0/0	1	999	999
chr3	116348935	116348986	HGSV_49923	N	<INS:ME:ALU>	<INS:ME:ALU>	INS	280	PASS	0.000156	INFO_AF	HG00538	HG00536	HG00537	0/1	0/0	0/0	1	999	999
chr3	118616530	118616581	HGSV_50112	N	<INS:ME:ALU>	<INS:ME:ALU>	INS	137	PASS	0.006869	INFO_AF	NA19215	NA19213	NA19214	0/1	0/0	0/0	1	999	999
chr3	120624610	120624707	HGSV_50242	N	<INS>	<INS>	INS	54	PASS	0.00314	INFO_AF	HG01677	HG01678	HG01676	0/1	0/0	0/0	1	999	999
chr3	120624610	120624707	HGSV_50242	N	<INS>	<INS>	INS	54	PASS	0.00314	INFO_AF	HG02615	HG02613	HG02614	0/1	0/0	0/0	1	999	999
chr3	120624610	120624707	HGSV_50242	N	<INS>	<INS>	INS	54	PASS	0.00314	INFO_AF	NA18869	NA18868	NA18867	0/1	0/0	0/0	1	999	999
chr3	121253621	121253632	HGSV_50280	N	<INS>	<INS>	INS	60	PASS	0.009558	INFO_AF	HG01249	HG01110	HG01111	0/1	0/0	0/0	149	999	999
chr3	121253621	121253632	HGSV_50280	N	<INS>	<INS>	INS	60	PASS	0.009558	INFO_AF	NA10865	NA11891	NA11892	0/1	0/0	0/0	1	999	999
chr3	126762503	126762538	HGSV_50704	N	<INS:ME:ALU>	<INS:ME:ALU>	INS	280	PASS	0.000156	INFO_AF	HG01096	HG01094	HG01095	0/1	0/0	0/0	1	999	999
chr3	129247241	129247255	HGSV_50897	N	<INS>	<INS>	INS	51	PASS	0.006579	INFO_AF	HG01056	HG01054	HG01055	0/1	0/0	0/0	1	999	999
chr3	129247241	129247255	HGSV_50897	N	<INS>	<INS>	INS	51	PASS	0.006579	INFO_AF	HG02698	HG02696	HG02697	0/1	0/0	0/0	72	999	999
chr3	129760056	129760087	HGSV_50948	N	<INS>	<INS>	INS	194	PASS	0.005151	INFO_AF	NA18930	NA18917	NA18916	0/1	0/0	0/0	1	999	999
chr3	129824708	129824743	HGSV_50953	N	<INS>	<INS>	INS	337	PASS	0.007808	INFO_AF	HG01573	HG01571	HG01572	0/1	0/0	0/0	1	999	999
chr3	131293581	131293632	HGSV_51078	N	<INS:ME:ALU>	<INS:ME:ALU>	INS	280	PASS	0.008179	INFO_AF	HG03453	HG03451	HG03452	0/1	0/0	0/0	1	999	999
chr3	132118799	132118850	HGSV_51164	N	<INS:ME:LINE1>	<INS:ME:LINE1>	INS	6017	PASS	0.005488	INFO_AF	HG01109	HG01107	HG01108	0/1	0/0	0/0	1	999	999
chr3	133124640	133124691	HGSV_51251	N	<INS:ME:ALU>	<INS:ME:ALU>	INS	281	PASS	0.000156	INFO_AF	HG01538	HG01536	HG01537	0/1	0/0	0/0	1	999	999
chr3	136239745	136239782	HGSV_51447	N	<INS>	<INS>	INS	110	PASS	0.001405	INFO_AF	HG02704	HG02702	HG02703	0/1	0/0	0/0	1	999	999
chr3	138877482	138877533	HGSV_51632	N	<INS:ME:ALU>	<INS:ME:ALU>	INS	280	PASS	0.003613	INFO_AF	HG02975	HG02973	HG02974	0/1	0/0	0/0	1	999	999
chr3	138877482	138877533	HGSV_51632	N	<INS:ME:ALU>	<INS:ME:ALU>	INS	280	PASS	0.003613	INFO_AF	HG03026	HG03024	HG03025	0/1	0/0	0/0	1	999	999
chr3	138877482	138877533	HGSV_51632	N	<INS:ME:ALU>	<INS:ME:ALU>	INS	280	PASS	0.003613	INFO_AF	NA19094	NA19092	NA19093	0/1	0/0	0/0	999	999	999
chr3	138877482	138877533	HGSV_51632	N	<INS:ME:ALU>	<INS:ME:ALU>	INS	280	PASS	0.003613	INFO_AF	NA19199	NA19198	NA19197	0/1	0/0	0/0	113	999	999
chr3	141556333	141556354	HGSV_51816	N	<INS:ME:ALU>	<INS:ME:ALU>	INS	280	PASS	0.001249	INFO_AF	HG01081	HG01079	HG01080	0/1	0/0	0/0	1	999	999
chr3	142886389	142886440	HGSV_51954	N	<INS:ME:ALU>	<INS:ME:ALU>	INS	281	PASS	0.007201	INFO_AF	HG03576	HG03574	HG03575	0/1	0/0	0/0	1	999	999
chr3	143119913	143119929	HGSV_51985	N	<INS>	<INS>	INS	1102	PASS	0.000156	INFO_AF	HG04228	HG04229	HG04227	0/1	0/0	0/0	922	999	999
chr3	146502051	146502102	HGSV_52296	N	<INS:ME:ALU>	<INS:ME:ALU>	INS	250	PASS	0.008117	INFO_AF	HG01888	HG01882	HG01883	0/1	0/0	0/0	1	999	999
chr3	147358936	147358987	HGSV_52369	N	<INS:ME:ALU>	<INS:ME:ALU>	INS	221	PASS	0.000468	INFO_AF	NA10842	NA11917	NA11918	0/1	0/0	0/0	1	999	999
chr3	149274894	149274945	HGSV_52513	N	<INS:ME:ALU>	<INS:ME:ALU>	INS	183	PASS	0.000781	INFO_AF	HG02838	HG02836	HG02837	0/1	0/0	0/0	1	999	999
chr3	150719595	150719646	HGSV_52643	N	<INS:ME:ALU>	<INS:ME:ALU>	INS	281	PASS	0.000468	INFO_AF	NA19177	NA19175	NA19176	0/1	0/0	0/0	1	999	999
chr3	151267593	151267644	HGSV_52676	N	<INS:ME:ALU>	<INS:ME:ALU>	INS	281	PASS	0.000156	INFO_AF	HG00544	HG00542	HG00543	0/1	0/0	0/0	1	999	999
chr3	153064390	153064410	HGSV_52849	N	<INS>	<INS>	INS	50	PASS	0.005634	INFO_AF	HG02668	HG02666	HG02667	0/1	0/0	0/0	25	999	999
chr3	153064390	153064410	HGSV_52849	N	<INS>	<INS>	INS	50	PASS	0.005634	INFO_AF	HG02978	HG02977	HG02976	0/1	0/0	0/0	1	999	999
chr3	153064390	153064410	HGSV_52849	N	<INS>	<INS>	INS	50	PASS	0.005634	INFO_AF	NA19918	NA19916	NA19917	0/1	0/0	0/0	313	999	999
chr3	153925773	153925824	HGSV_52929	N	<INS:ME:ALU>	<INS:ME:ALU>	INS	194	PASS	0.008273	INFO_AF	NA19097	NA19096	NA19095	0/1	0/0	0/0	313	999	999
chr3	156992989	156993040	HGSV_53110	N	<INS:ME:ALU>	<INS:ME:ALU>	INS	280	PASS	0.000312	INFO_AF	HG04204	HG03679	HG03642	0/1	0/0	0/0	1	999	999
chr3	156992989	156993040	HGSV_53110	N	<INS:ME:ALU>	<INS:ME:ALU>	INS	280	PASS	0.000312	INFO_AF	HG04215	HG03679	HG03642	0/1	0/0	0/0	1	999	999
chr3	159176206	159176257	HGSV_53280	N	<INS:ME:ALU>	<INS:ME:ALU>	INS	280	PASS	0.004692	INFO_AF	HG03310	HG03311	HG03309	0/1	0/0	0/0	655	999	999
chr3	159179545	159179596	HGSV_53282	N	<INS:ME:ALU>	<INS:ME:ALU>	INS	281	PASS	0.00562	INFO_AF	HG02451	HG02449	HG02450	0/1	0/0	0/0	1	999	999
chr3	160546070	160546121	HGSV_53394	N	<INS:ME:ALU>	<INS:ME:ALU>	INS	124	PASS	0.001406	INFO_AF	HG02240	HG02238	HG02239	0/1	0/0	0/0	1	999	999
chr3	160917404	160917455	HGSV_53429	N	<INS:ME:ALU>	<INS:ME:ALU>	INS	281	PASS	0.007181	INFO_AF	HG03047	HG03045	HG03046	0/1	0/0	0/0	113	999	999
chr3	161063549	161063600	HGSV_53445	N	<INS:ME:ALU>	<INS:ME:ALU>	INS	280	PASS	0.000156	INFO_AF	HG04175	HG04173	HG04174	0/1	0/0	0/0	1	999	999
chr3	166675582	166675633	HGSV_53962	N	<INS:ME:ALU>	<INS:ME:ALU>	INS	281	PASS	0.002666	INFO_AF	HG01053	HG01051	HG01052	0/1	0/0	0/0	1	999	999
chr3	166819984	166820027	HGSV_53972	N	<INS>	<INS>	INS	310	PASS	0.006871	INFO_AF	HG02677	HG02675	HG02676	0/1	0/0	0/0	1	999	999
chr3	167948838	167948889	HGSV_54074	N	<INS:ME:ALU>	<INS:ME:ALU>	INS	280	PASS	0.002343	INFO_AF	HG01053	HG01051	HG01052	0/1	0/0	0/0	1	999	999
chr3	169612153	169612204	HGSV_54211	N	<INS:ME:ALU>	<INS:ME:ALU>	INS	279	PASS	0.000468	INFO_AF	HG02129	HG02131	HG02130	0/1	0/0	0/0	1	999	999
chr3	173575455	173575506	HGSV_54549	N	<INS:ME:ALU>	<INS:ME:ALU>	INS	280	PASS	0.000625	INFO_AF	HG01099	HG01097	HG01098	0/1	0/0	0/0	1	999	999
chr3	173901516	173901567	HGSV_54575	N	<INS:ME:ALU>	<INS:ME:ALU>	INS	280	PASS	0.000156	INFO_AF	HG01567	HG01565	HG01566	0/1	0/0	0/0	1	999	999
chr3	174713563	174713585	HGSV_54649	N	<INS>	<INS>	INS	76	PASS	0.002036	INFO_AF	HG03101	HG03100	HG03099	0/1	0/0	0/0	1	999	999
chr3	176710569	176710620	HGSV_54839	N	<INS:ME:ALU>	<INS:ME:ALU>	INS	281	PASS	0.004683	INFO_AF	HG02059	HG02061	HG02060	0/1	0/0	0/0	1	999	999
chr3	177630405	177630456	HGSV_54956	N	<INS:ME:ALU>	<INS:ME:ALU>	INS	281	PASS	0.007805	INFO_AF	NA18857	NA18856	NA18855	0/1	0/0	0/0	1	999	999
chr3	179348999	179349050	HGSV_55098	N	<INS:ME:ALU>	<INS:ME:ALU>	INS	280	PASS	0.000156	INFO_AF	HG00567	HG00565	HG00566	0/1	0/0	0/0	1	999	999
chr3	182352144	182352195	HGSV_55352	N	<INS:ME:ALU>	<INS:ME:ALU>	INS	281	PASS	0.005932	INFO_AF	NA19120	NA19119	NA19116	0/1	0/0	0/0	1	999	999
chr3	184805167	184805204	HGSV_55580	N	<INS>	<INS>	INS	60	PASS	0.00562	INFO_AF	NA19705	NA19703	NA19704	0/1	0/0	0/0	1	999	999
chr3	185058097	185058148	HGSV_55601	N	<INS:ME:ALU>	<INS:ME:ALU>	INS	279	PASS	0.000937	INFO_AF	HG00423	HG00421	HG00422	0/1	0/0	0/0	1	999	999
chr3	185361190	185361209	HGSV_55639	N	<INS>	<INS>	INS	131	PASS	0.007183	INFO_AF	HG02605	HG02603	HG02604	0/1	0/0	0/0	1	999	999
chr3	185361190	185361209	HGSV_55639	N	<INS>	<INS>	INS	131	PASS	0.007183	INFO_AF	HG02698	HG02696	HG02697	0/1	0/0	0/0	1	999	999
chr3	187745250	187745261	HGSV_55884	N	<INS>	<INS>	INS	74	PASS	0.000156	INFO_AF	NA06995	NA07435	NA07037	0/1	0/0	0/0	1	999	999
chr3	188013754	188013805	HGSV_55906	N	<INS:ME:ALU>	<INS:ME:ALU>	INS	260	PASS	0.000156	INFO_AF	NA19724	NA19723	NA19722	0/1	0/0	0/0	1	999	999
chr3	189210848	189210855	HGSV_56028	N	<INS:ME:ALU>	<INS:ME:ALU>	INS	281	PASS	0.00219	INFO_AF	HG02889	HG02887	HG02888	0/1	0/0	0/0	1	999	999
chr3	191308869	191308920	HGSV_56206	N	<INS:ME:ALU>	<INS:ME:ALU>	INS	276	PASS	0.001875	INFO_AF	HG03164	HG03163	HG03162	0/1	0/0	0/0	1	999	999
chr3	191308869	191308920	HGSV_56206	N	<INS:ME:ALU>	<INS:ME:ALU>	INS	276	PASS	0.001875	INFO_AF	HG03350	HG03352	HG03351	0/1	0/0	0/0	1	999	999
chr3	191605122	191605173	HGSV_56236	N	<INS:ME:ALU>	<INS:ME:ALU>	INS	281	PASS	0.00562	INFO_AF	HG00627	HG00625	HG00626	0/1	0/0	0/0	1	999	999
chr3	192275255	192275259	HGSV_56304	N	<INS:ME:ALU>	<INS:ME:ALU>	INS	280	PASS	0.001562	INFO_AF	HG02240	HG02238	HG02239	0/1	0/0	0/0	263	999	999
chr3	192275255	192275259	HGSV_56304	N	<INS:ME:ALU>	<INS:ME:ALU>	INS	280	PASS	0.001562	INFO_AF	NA10842	NA11917	NA11918	0/1	0/0	0/0	1	999	999
chr3	192839925	192839976	HGSV_56353	N	<INS:ME:ALU>	<INS:ME:ALU>	INS	66	PASS	0.008586	INFO_AF	HG01881	HG01879	HG01880	0/1	0/0	0/0	1	999	999
chr3	194324780	194324782	HGSV_56475	N	<INS>	<INS>	INS	54	PASS	0.004066	INFO_AF	HG01081	HG01079	HG01080	0/1	0/0	0/0	1	999	999
chr3	194324780	194324782	HGSV_56475	N	<INS>	<INS>	INS	54	PASS	0.004066	INFO_AF	HG03113	HG03112	HG03111	0/1	0/0	0/0	1	999	999
chr3	194324780	194324782	HGSV_56475	N	<INS>	<INS>	INS	54	PASS	0.004066	INFO_AF	NA12335	NA12340	NA12341	0/1	0/0	0/0	1	999	999
chr3	195103460	195103491	HGSV_56605	N	<INS>	<INS>	INS	70	PASS	0.001719	INFO_AF	HG02770	HG02768	HG02769	0/1	0/0	0/0	1	999	999
chr3	195103460	195103491	HGSV_56605	N	<INS>	<INS>	INS	70	PASS	0.001719	INFO_AF	HG02812	HG02810	HG02811	0/1	0/0	0/0	1	999	999
chr3	195474157	195474192	HGSV_56644	N	<INS>	<INS>	INS	309	PASS	0.000624	INFO_AF	HG03486	HG03484	HG03485	0/1	0/0	0/0	1	999	999
chr3	196721771	196721783	HGSV_56900	N	<INS>	<INS>	INS	324	PASS	0.007502	INFO_AF	HG02647	HG02645	HG02646	0/1	0/0	0/0	1	999	999
chr4	555204	555215	HGSV_57234	N	<INS>	<INS>	INS	54	PASS	0.008591	INFO_AF	HG00459	HG00457	HG00458	0/1	0/0	0/0	1	999	999
chr4	555204	555215	HGSV_57234	N	<INS>	<INS>	INS	54	PASS	0.008591	INFO_AF	HG01081	HG01079	HG01080	0/1	0/0	0/0	1	999	999
chr4	555204	555215	HGSV_57234	N	<INS>	<INS>	INS	54	PASS	0.008591	INFO_AF	HG01499	HG01497	HG01498	0/1	0/0	0/0	1	999	999
chr4	555204	555215	HGSV_57234	N	<INS>	<INS>	INS	54	PASS	0.008591	INFO_AF	HG01748	HG01747	HG01746	0/1	0/0	0/0	1	999	999
chr4	555204	555215	HGSV_57234	N	<INS>	<INS>	INS	54	PASS	0.008591	INFO_AF	HG01937	HG01935	HG01936	0/1	0/0	0/0	1	999	999
chr4	555204	555215	HGSV_57234	N	<INS>	<INS>	INS	54	PASS	0.008591	INFO_AF	HG02668	HG02666	HG02667	0/1	0/0	0/0	1	999	999
chr4	555204	555215	HGSV_57234	N	<INS>	<INS>	INS	54	PASS	0.008591	INFO_AF	HG03065	HG03063	HG03064	0/1	0/0	0/0	1	999	999
chr4	555204	555215	HGSV_57234	N	<INS>	<INS>	INS	54	PASS	0.008591	INFO_AF	HG03131	HG03130	HG03129	0/1	0/0	0/0	1	999	999
chr4	555204	555215	HGSV_57234	N	<INS>	<INS>	INS	54	PASS	0.008591	INFO_AF	HG03906	HG03905	HG03904	0/1	0/0	0/0	1	999	999
chr4	555204	555215	HGSV_57234	N	<INS>	<INS>	INS	54	PASS	0.008591	INFO_AF	NA07348	NA07357	NA07345	0/1	0/0	0/0	1	999	999
chr4	555204	555215	HGSV_57234	N	<INS>	<INS>	INS	54	PASS	0.008591	INFO_AF	NA10830	NA12154	NA12236	0/1	0/0	0/0	1	999	999
chr4	555204	555215	HGSV_57234	N	<INS>	<INS>	INS	54	PASS	0.008591	INFO_AF	NA19721	NA19720	NA19719	0/1	0/0	0/0	1	999	999
chr4	555204	555215	HGSV_57234	N	<INS>	<INS>	INS	54	PASS	0.008591	INFO_AF	NA19730	NA19729	NA19728	0/1	0/0	0/0	1	999	999
chr4	555572	555588	HGSV_57236	N	<INS>	<INS>	INS	91	PASS	0.005025	INFO_AF	HG01178	HG01176	HG01177	0/1	0/0	0/0	1	999	999
chr4	555572	555588	HGSV_57236	N	<INS>	<INS>	INS	91	PASS	0.005025	INFO_AF	HG01463	HG01461	HG01462	0/1	0/0	0/0	1	999	999
chr4	555572	555588	HGSV_57236	N	<INS>	<INS>	INS	91	PASS	0.005025	INFO_AF	HG02680	HG02678	HG02679	0/1	0/0	0/0	1	999	999
chr4	555572	555588	HGSV_57236	N	<INS>	<INS>	INS	91	PASS	0.005025	INFO_AF	HG03825	HG03824	HG03823	0/1	0/0	0/0	1	999	999
chr4	555572	555588	HGSV_57236	N	<INS>	<INS>	INS	91	PASS	0.005025	INFO_AF	NA19208	NA19207	NA19206	0/1	0/0	0/0	1	999	999
chr4	555572	555588	HGSV_57236	N	<INS>	<INS>	INS	91	PASS	0.005025	INFO_AF	NA19772	NA19771	NA19770	0/1	0/0	0/0	1	999	999
chr4	2199969	2200020	HGSV_57446	N	<INS:ME:ALU>	<INS:ME:ALU>	INS	281	PASS	0.000312	INFO_AF	HG03164	HG03163	HG03162	0/1	0/0	0/0	1	999	999
chr4	2226630	2226681	HGSV_57450	N	<INS:ME:ALU>	<INS:ME:ALU>	INS	280	PASS	0.00313	INFO_AF	HG03269	HG03268	HG03267	0/1	0/0	0/0	585	999	999
chr4	3826070	3826105	HGSV_57637	N	<INS>	<INS>	INS	52	PASS	0.005484	INFO_AF	HG03056	HG03054	HG03055	0/1	0/0	0/0	1	999	999
chr4	3826070	3826105	HGSV_57637	N	<INS>	<INS>	INS	52	PASS	0.005484	INFO_AF	NA10863	NA12264	NA12234	0/1	0/0	0/0	1	999	999
chr4	3826070	3826105	HGSV_57637	N	<INS>	<INS>	INS	52	PASS	0.005484	INFO_AF	NA19115	NA19113	NA19114	0/1	0/0	0/0	1	999	999
chr4	7252650	7252701	HGSV_58009	N	<INS>	<INS>	INS	63	PASS	0.00281	INFO_AF	HG02024	HG02026	HG02025	0/1	0/0	0/0	1	999	999
chr4	7262334	7262334	HGSV_58012	N	<INS>	<INS>	INS	153	PASS	0.002848	INFO_AF	HG01633	HG01631	HG01632	0/1	0/0	0/0	.	.	.
chr4	7262334	7262334	HGSV_58012	N	<INS>	<INS>	INS	153	PASS	0.002848	INFO_AF	HG01946	HG01944	HG01945	0/1	0/0	0/0	.	.	.
chr4	7262334	7262334	HGSV_58012	N	<INS>	<INS>	INS	153	PASS	0.002848	INFO_AF	NA19656	NA19655	NA19654	0/1	0/0	0/0	.	.	.
chr4	9032090	9032092	HGSV_58202	N	<INS>	<INS>	INS	90	PASS	0.008742	INFO_AF	HG02466	HG02464	HG02465	0/1	0/0	0/0	1	999	999
chr4	10874185	10874236	HGSV_58425	N	<INS:ME:ALU>	<INS:ME:ALU>	INS	281	PASS	0.007805	INFO_AF	HG03260	HG03258	HG03259	0/1	0/0	0/0	1	999	999
chr4	10874185	10874236	HGSV_58425	N	<INS:ME:ALU>	<INS:ME:ALU>	INS	281	PASS	0.007805	INFO_AF	NA20279	NA20278	NA20282	0/1	0/0	0/0	1	999	999
chr4	12427841	12427892	HGSV_58572	N	<INS:ME:LINE1>	<INS:ME:LINE1>	INS	863	PASS	0.009443	INFO_AF	HG02972	HG02971	HG02970	0/1	0/0	0/0	1	999	999
chr4	13596063	13596114	HGSV_58656	N	<INS:ME:ALU>	<INS:ME:ALU>	INS	279	PASS	0.004069	INFO_AF	NA19983	NA19982	NA19713	0/1	0/0	0/0	1	999	999
chr4	14067570	14067621	HGSV_58678	N	<INS:ME:ALU>	<INS:ME:ALU>	INS	281	PASS	0.001565	INFO_AF	NA19237	NA19236	NA19235	0/1	0/0	0/0	1	999	999
chr4	16237026	16237077	HGSV_58838	N	<INS:ME:LINE1>	<INS:ME:LINE1>	INS	6019	PASS	0.006289	INFO_AF	HG02948	HG02947	HG02946	0/1	0/0	0/0	1	999	999
chr4	17717125	17717158	HGSV_58953	N	<INS>	<INS>	INS	344	PASS	0.00328	INFO_AF	HG04217	HG04198	HG04200	0/1	0/0	0/0	1	999	999
chr4	18758403	18758454	HGSV_59021	N	<INS:ME:ALU>	<INS:ME:ALU>	INS	281	PASS	0.000468	INFO_AF	HG03519	HG03518	HG03517	0/1	0/0	0/0	1	999	999
chr4	20094873	20094924	HGSV_59149	N	<INS:ME:ALU>	<INS:ME:ALU>	INS	280	PASS	0.005801	INFO_AF	HG02563	HG02561	HG02562	0/1	0/0	0/0	41	999	999
chr4	20094873	20094924	HGSV_59149	N	<INS:ME:ALU>	<INS:ME:ALU>	INS	280	PASS	0.005801	INFO_AF	HG02862	HG02860	HG02861	0/1	0/0	0/0	1	999	999
chr4	21382543	21382594	HGSV_59283	N	<INS:ME:ALU>	<INS:ME:ALU>	INS	281	PASS	0.001249	INFO_AF	HG03110	HG03109	HG03108	0/1	0/0	0/0	1	999	999
chr4	21382543	21382594	HGSV_59283	N	<INS:ME:ALU>	<INS:ME:ALU>	INS	281	PASS	0.001249	INFO_AF	NA19836	NA19834	NA19835	0/1	0/0	0/0	1	999	999
chr4	21604866	21604917	HGSV_59316	N	<INS:ME:ALU>	<INS:ME:ALU>	INS	280	PASS	0.009835	INFO_AF	HG03798	HG03797	HG03796	0/1	0/0	0/0	1	999	999
chr4	21633457	21633508	HGSV_59318	N	<INS:ME:ALU>	<INS:ME:ALU>	INS	280	PASS	0.005174	INFO_AF	HG03930	HG03929	HG03928	0/1	0/0	0/0	1	999	999
chr4	23871208	23871259	HGSV_59499	N	<INS:ME:ALU>	<INS:ME:ALU>	INS	281	PASS	0.009991	INFO_AF	HG02889	HG02887	HG02888	0/1	0/0	0/0	263	999	999
chr4	30370852	30370903	HGSV_60049	N	<INS:ME:ALU>	<INS:ME:ALU>	INS	279	PASS	0.004995	INFO_AF	HG03125	HG03124	HG03123	0/1	0/0	0/0	163	999	999
chr4	30747531	30747582	HGSV_60087	N	<INS:ME:ALU>	<INS:ME:ALU>	INS	279	PASS	0.000937	INFO_AF	HG03732	HG03727	HG03721	0/1	0/0	0/0	1	999	999
chr4	31094820	31094871	HGSV_60115	N	<INS:ME:ALU>	<INS:ME:ALU>	INS	246	PASS	0.006569	INFO_AF	HG03098	HG03096	HG03097	0/1	0/0	0/0	1	999	999
chr4	31094820	31094871	HGSV_60115	N	<INS:ME:ALU>	<INS:ME:ALU>	INS	246	PASS	0.006569	INFO_AF	HG03116	HG03115	HG03114	0/1	0/0	0/0	1	999	999
chr4	32284537	32284588	HGSV_60239	N	<INS:ME:ALU>	<INS:ME:ALU>	INS	281	PASS	0.004876	INFO_AF	HG03480	HG03478	HG03479	0/1	0/0	0/0	1	999	999
chr4	33654479	33654530	HGSV_60381	N	<INS:ME:ALU>	<INS:ME:ALU>	INS	281	PASS	0.002502	INFO_AF	HG01937	HG01935	HG01936	0/1	0/0	0/0	1	999	999
chr4	33654479	33654530	HGSV_60381	N	<INS:ME:ALU>	<INS:ME:ALU>	INS	281	PASS	0.002502	INFO_AF	HG01969	HG01967	HG01968	0/1	0/0	0/0	1	999	999
chr4	34577363	34577414	HGSV_60466	N	<INS:ME:ALU>	<INS:ME:ALU>	INS	279	PASS	0.000937	INFO_AF	NA18860	NA18859	NA18858	0/1	0/0	0/0	1	999	999
chr4	36276764	36276815	HGSV_60637	N	<INS:ME:ALU>	<INS:ME:ALU>	INS	280	PASS	0.006262	INFO_AF	HG01099	HG01097	HG01098	0/1	0/0	0/0	1	999	999
chr4	37625322	37625373	HGSV_60752	N	<INS:ME:ALU>	<INS:ME:ALU>	INS	278	PASS	0.002656	INFO_AF	HG03101	HG03100	HG03099	0/1	0/0	0/0	627	999	999
chr4	37625322	37625373	HGSV_60752	N	<INS:ME:ALU>	<INS:ME:ALU>	INS	278	PASS	0.002656	INFO_AF	NA18872	NA18871	NA18870	0/1	0/0	0/0	627	999	999
chr4	41975396	41975447	HGSV_61148	N	<INS:ME:ALU>	<INS:ME:ALU>	INS	192	PASS	0.005776	INFO_AF	NA18875	NA18874	NA18873	0/1	0/0	0/0	1	999	999
chr4	41975396	41975447	HGSV_61148	N	<INS:ME:ALU>	<INS:ME:ALU>	INS	192	PASS	0.005776	INFO_AF	NA19177	NA19175	NA19176	0/1	0/0	0/0	1	999	999
chr4	43394844	43394895	HGSV_61282	N	<INS:ME:ALU>	<INS:ME:ALU>	INS	254	PASS	0.001094	INFO_AF	NA18515	NA18516	NA18517	0/1	0/0	0/0	1	999	999
chr4	46782917	46782968	HGSV_61593	N	<INS:ME:ALU>	<INS:ME:ALU>	INS	281	PASS	0.000781	INFO_AF	HG02451	HG02449	HG02450	0/1	0/0	0/0	1	999	999
chr4	46966003	46966054	HGSV_61604	N	<INS:ME:LINE1>	<INS:ME:LINE1>	INS	226	PASS	0.005954	INFO_AF	HG01633	HG01631	HG01632	0/1	0/0	0/0	1	999	999
chr4	47399493	47399544	HGSV_61650	N	<INS:ME:ALU>	<INS:ME:ALU>	INS	274	PASS	0.004527	INFO_AF	HG03269	HG03268	HG03267	0/1	0/0	0/0	1	999	999
chr4	53478400	53478451	HGSV_61870	N	<INS:ME:LINE1>	<INS:ME:LINE1>	INS	312	PASS	0.006134	INFO_AF	HG01925	HG01923	HG01924	0/1	0/0	0/0	1	999	999
chr4	53478400	53478451	HGSV_61870	N	<INS:ME:LINE1>	<INS:ME:LINE1>	INS	312	PASS	0.006134	INFO_AF	NA19186	NA19184	NA19185	0/1	0/0	0/0	1	999	999
chr4	56554735	56554786	HGSV_62092	N	<INS:ME:ALU>	<INS:ME:ALU>	INS	281	PASS	0.009054	INFO_AF	HG03128	HG03127	HG03126	0/1	0/0	0/0	1	999	999
chr4	57506900	57506949	HGSV_62200	N	<INS>	<INS>	INS	98	PASS	0.003133	INFO_AF	NA19775	NA19774	NA19773	0/1	0/0	0/0	1	999	999
chr4	58802172	58802187	HGSV_62327	N	<INS:ME:ALU>	<INS:ME:ALU>	INS	279	PASS	0.004851	INFO_AF	HG03305	HG03304	HG03303	0/1	0/0	0/0	104	999	999
chr4	60204482	60204533	HGSV_62470	N	<INS:ME:ALU>	<INS:ME:ALU>	INS	244	PASS	0.000156	INFO_AF	HG02612	HG02610	HG02611	0/1	0/0	0/0	1	999	999
chr4	61174730	61174781	HGSV_62554	N	<INS:ME:ALU>	<INS:ME:ALU>	INS	281	PASS	0.008026	INFO_AF	HG03480	HG03478	HG03479	0/1	0/0	0/0	1	999	999
chr4	61174730	61174781	HGSV_62554	N	<INS:ME:ALU>	<INS:ME:ALU>	INS	281	PASS	0.008026	INFO_AF	NA18857	NA18856	NA18855	0/1	0/0	0/0	1	999	999
chr4	61647716	61647767	HGSV_62594	N	<INS:ME:ALU>	<INS:ME:ALU>	INS	281	PASS	0.00921	INFO_AF	HG03308	HG03307	HG03306	0/1	0/0	0/0	1	999	999
chr4	62521346	62521397	HGSV_62671	N	<INS:ME:ALU>	<INS:ME:ALU>	INS	280	PASS	0.000156	INFO_AF	HG00612	HG00610	HG00611	0/1	0/0	0/0	1	999	999
chr4	64159300	64159351	HGSV_62850	N	<INS:ME:ALU>	<INS:ME:ALU>	INS	279	PASS	0.006729	INFO_AF	HG03041	HG03039	HG03040	0/1	0/0	0/0	203	999	999
chr4	66307853	66307904	HGSV_63054	N	<INS:ME:ALU>	<INS:ME:ALU>	INS	151	PASS	0.005932	INFO_AF	HG03915	HG03914	HG03913	0/1	0/0	0/0	1	999	999
chr4	66685145	66685196	HGSV_63095	N	<INS:ME:ALU>	<INS:ME:ALU>	INS	280	PASS	0.007961	INFO_AF	HG02704	HG02702	HG02703	0/1	0/0	0/0	1	999	999
chr4	66685145	66685196	HGSV_63095	N	<INS:ME:ALU>	<INS:ME:ALU>	INS	280	PASS	0.007961	INFO_AF	NA19177	NA19175	NA19176	0/1	0/0	0/0	522	999	999
chr4	67387779	67387817	HGSV_63165	N	<INS>	<INS>	INS	297	PASS	0.008128	INFO_AF	HG02966	HG02965	HG02964	0/1	0/0	0/0	1	999	999
chr4	67387779	67387817	HGSV_63165	N	<INS>	<INS>	INS	297	PASS	0.008128	INFO_AF	HG03026	HG03024	HG03025	0/1	0/0	0/0	1	999	999
chr4	67387779	67387817	HGSV_63165	N	<INS>	<INS>	INS	297	PASS	0.008128	INFO_AF	HG03125	HG03124	HG03123	0/1	0/0	0/0	1	999	999
chr4	67658492	67658543	HGSV_63184	N	<INS:ME:ALU>	<INS:ME:ALU>	INS	281	PASS	0.000156	INFO_AF	NA19919	NA19908	NA19909	0/1	0/0	0/0	1	999	999
chr4	71671008	71671048	HGSV_63582	N	<INS>	<INS>	INS	98	PASS	0.001879	INFO_AF	HG02773	HG02771	HG02772	0/1	0/0	0/0	1	999	999
chr4	71671008	71671048	HGSV_63582	N	<INS>	<INS>	INS	98	PASS	0.001879	INFO_AF	HG02897	HG02895	HG02896	0/1	0/0	0/0	1	999	999
chr4	72305622	72305673	HGSV_63643	N	<INS:ME:ALU>	<INS:ME:ALU>	INS	279	PASS	0.003909	INFO_AF	HG04115	HG03896	HG03894	0/1	0/0	0/0	1	999	999
chr4	73596224	73596275	HGSV_63748	N	<INS:ME:ALU>	<INS:ME:ALU>	INS	279	PASS	0.00219	INFO_AF	HG02587	HG02585	HG02586	0/1	0/0	0/0	1	999	999
chr4	76316986	76317037	HGSV_63995	N	<INS:ME:ALU>	<INS:ME:ALU>	INS	280	PASS	0.003903	INFO_AF	NA18925	NA18923	NA18924	0/1	0/0	0/0	1	999	999
chr4	77572919	77572968	HGSV_64094	N	<INS:ME:ALU>	<INS:ME:ALU>	INS	281	PASS	0.004215	INFO_AF	HG03251	HG03249	HG03250	0/1	0/0	0/0	1	999	999
chr4	79962339	79962390	HGSV_64277	N	<INS:ME:ALU>	<INS:ME:ALU>	INS	279	PASS	0.006556	INFO_AF	HG02701	HG02699	HG02700	0/1	0/0	0/0	24	999	999
chr4	82014976	82015027	HGSV_64418	N	<INS:ME:ALU>	<INS:ME:ALU>	INS	281	PASS	0.000468	INFO_AF	HG03310	HG03311	HG03309	0/1	0/0	0/0	1	999	999
chr4	82403853	82403904	HGSV_64447	N	<INS:ME:ALU>	<INS:ME:ALU>	INS	279	PASS	0.002344	INFO_AF	HG03834	HG03833	HG03832	0/1	0/0	0/0	1	999	999
chr4	82470030	82470081	HGSV_64453	N	<INS:ME:ALU>	<INS:ME:ALU>	INS	280	PASS	0.000156	INFO_AF	HG02770	HG02768	HG02769	0/1	0/0	0/0	1	999	999
chr4	84298599	84298650	HGSV_64614	N	<INS:ME:ALU>	<INS:ME:ALU>	INS	281	PASS	0.003754	INFO_AF	HG00465	HG00463	HG00464	0/1	0/0	0/0	1	999	999
chr4	84554780	84554790	HGSV_64634	N	<INS>	<INS>	INS	314	PASS	0.008435	INFO_AF	HG02321	HG02281	HG02282	0/1	0/0	0/0	1	999	999
chr4	84554780	84554790	HGSV_64634	N	<INS>	<INS>	INS	314	PASS	0.008435	INFO_AF	HG03831	HG03830	HG03829	0/1	0/0	0/0	1	999	999
chr4	87762859	87762910	HGSV_64865	N	<INS:ME:LINE1>	<INS:ME:LINE1>	INS	3352	PASS	0.002973	INFO_AF	HG03801	HG03800	HG03799	0/1	0/0	0/0	1	999	999
chr4	91367494	91367545	HGSV_65173	N	<INS:ME:ALU>	<INS:ME:ALU>	INS	280	PASS	0.009991	INFO_AF	HG02321	HG02281	HG02282	0/1	0/0	0/0	163	999	999
chr4	91367494	91367545	HGSV_65173	N	<INS:ME:ALU>	<INS:ME:ALU>	INS	280	PASS	0.009991	INFO_AF	HG02590	HG02588	HG02589	0/1	0/0	0/0	1	999	999
chr4	91367494	91367545	HGSV_65173	N	<INS:ME:ALU>	<INS:ME:ALU>	INS	280	PASS	0.009991	INFO_AF	HG03374	HG03373	HG03372	0/1	0/0	0/0	148	999	999
chr4	92412678	92412729	HGSV_65276	N	<INS:ME:ALU>	<INS:ME:ALU>	INS	281	PASS	0.000468	INFO_AF	NA19103	NA19101	NA19102	0/1	0/0	0/0	1	999	999
chr4	92460050	92460060	HGSV_65284	N	<INS>	<INS>	INS	97	PASS	0.000468	INFO_AF	NA19120	NA19119	NA19116	0/1	0/0	0/0	1	999	999
chr4	93401149	93401200	HGSV_65383	N	<INS:ME:ALU>	<INS:ME:ALU>	INS	280	PASS	0.003759	INFO_AF	NA18857	NA18856	NA18855	0/1	0/0	0/0	1	999	999
chr4	93401149	93401200	HGSV_65383	N	<INS:ME:ALU>	<INS:ME:ALU>	INS	280	PASS	0.003759	INFO_AF	NA20279	NA20278	NA20282	0/1	0/0	0/0	1	999	999
chr4	94449632	94449634	HGSV_65463	N	<INS>	<INS>	INS	144	PASS	0.001563	INFO_AF	HG02145	HG02143	HG02144	0/1	0/0	0/0	1	999	999
chr4	94622284	94622335	HGSV_65476	N	<INS:ME:LINE1>	<INS:ME:LINE1>	INS	6016	PASS	0.002975	INFO_AF	HG03516	HG03515	HG03514	0/1	0/0	0/0	1	999	999
chr4	96534397	96534448	HGSV_65631	N	<INS:ME:ALU>	<INS:ME:ALU>	INS	281	PASS	0.007649	INFO_AF	HG02316	HG02317	HG02318	0/1	0/0	0/0	366	999	999
chr4	97125074	97125125	HGSV_65691	N	<INS:ME:ALU>	<INS:ME:ALU>	INS	281	PASS	0.000156	INFO_AF	HG02280	HG02307	HG02308	0/1	0/0	0/0	1	999	999
chr4	98693969	98694020	HGSV_65823	N	<INS:ME:ALU>	<INS:ME:ALU>	INS	280	PASS	0.006556	INFO_AF	HG03310	HG03311	HG03309	0/1	0/0	0/0	1	999	999
chr4	101454910	101454961	HGSV_66016	N	<INS:ME:ALU>	<INS:ME:ALU>	INS	281	PASS	0.001251	INFO_AF	HG02625	HG02623	HG02624	0/1	0/0	0/0	1	999	999
chr4	102391030	102391081	HGSV_66107	N	<INS:ME:ALU>	<INS:ME:ALU>	INS	266	PASS	0.000937	INFO_AF	HG01172	HG01170	HG01171	0/1	0/0	0/0	1	999	999
chr4	103057269	103057295	HGSV_66162	N	<INS>	<INS>	INS	58	PASS	0.004851	INFO_AF	HG02596	HG02594	HG02595	0/1	0/0	0/0	1	999	999
chr4	103057269	103057295	HGSV_66162	N	<INS>	<INS>	INS	58	PASS	0.004851	INFO_AF	HG02647	HG02645	HG02646	0/1	0/0	0/0	156	999	999
chr4	103057269	103057295	HGSV_66162	N	<INS>	<INS>	INS	58	PASS	0.004851	INFO_AF	NA18857	NA18856	NA18855	0/1	0/0	0/0	1	999	999
chr4	103480966	103480967	HGSV_66196	N	<INS>	<INS>	INS	84	PASS	0.002498	INFO_AF	HG02647	HG02645	HG02646	0/1	0/0	0/0	999	999	999
chr4	107944842	107944890	HGSV_66538	N	<INS>	<INS>	INS	51	PASS	0.004699	INFO_AF	NA19683	NA19682	NA19681	0/1	0/0	0/0	1	999	999
chr4	107944842	107944890	HGSV_66538	N	<INS>	<INS>	INS	51	PASS	0.004699	INFO_AF	NA20129	NA19920	NA19921	0/1	0/0	0/0	1	999	999
chr4	108068131	108068164	HGSV_66542	N	<INS>	<INS>	INS	325	PASS	0.004389	INFO_AF	HG00642	HG00640	HG00641	0/1	0/0	0/0	1	999	999
chr4	108068131	108068164	HGSV_66542	N	<INS>	<INS>	INS	325	PASS	0.004389	INFO_AF	HG01891	HG01890	HG01889	0/1	0/0	0/0	1	999	999
chr4	108068131	108068164	HGSV_66542	N	<INS>	<INS>	INS	325	PASS	0.004389	INFO_AF	HG02303	HG02302	HG02301	0/1	0/0	0/0	1	999	999
chr4	108068131	108068164	HGSV_66542	N	<INS>	<INS>	INS	325	PASS	0.004389	INFO_AF	NA19173	NA19171	NA19172	0/1	0/0	0/0	1	999	999
chr4	108518421	108518458	HGSV_66578	N	<INS:ME:ALU>	<INS:ME:ALU>	INS	280	PASS	0.004219	INFO_AF	HG02889	HG02887	HG02888	0/1	0/0	0/0	1	999	999
chr4	108518421	108518458	HGSV_66578	N	<INS:ME:ALU>	<INS:ME:ALU>	INS	280	PASS	0.004219	INFO_AF	NA19115	NA19113	NA19114	0/1	0/0	0/0	1	999	999
chr4	112256051	112256102	HGSV_66913	N	<INS:ME:ALU>	<INS:ME:ALU>	INS	247	PASS	0.002971	INFO_AF	HG03540	HG03538	HG03539	0/1	0/0	0/0	1	999	999
chr4	112256051	112256102	HGSV_66913	N	<INS:ME:ALU>	<INS:ME:ALU>	INS	247	PASS	0.002971	INFO_AF	NA18521	NA18522	NA18523	0/1	0/0	0/0	72	999	999
chr4	112256051	112256102	HGSV_66913	N	<INS:ME:ALU>	<INS:ME:ALU>	INS	247	PASS	0.002971	INFO_AF	NA19103	NA19101	NA19102	0/1	0/0	0/0	1	999	999
chr4	112556141	112556192	HGSV_66931	N	<INS:ME:ALU>	<INS:ME:ALU>	INS	281	PASS	0.001875	INFO_AF	HG00420	HG00418	HG00419	0/1	0/0	0/0	366	999	999
chr4	112897584	112897635	HGSV_66965	N	<INS:ME:ALU>	<INS:ME:ALU>	INS	280	PASS	0.005482	INFO_AF	HG01891	HG01890	HG01889	0/1	0/0	0/0	1	999	999
chr4	112897584	112897635	HGSV_66965	N	<INS:ME:ALU>	<INS:ME:ALU>	INS	280	PASS	0.005482	INFO_AF	HG02644	HG02642	HG02643	0/1	0/0	0/0	1	999	999
chr4	113563103	113563142	HGSV_67016	N	<INS>	<INS>	INS	190	PASS	0.001249	INFO_AF	HG02761	HG02759	HG02760	0/1	0/0	0/0	1	999	999
chr4	114075333	114075380	HGSV_67047	N	<INS>	<INS>	INS	55	PASS	0.000312	INFO_AF	HG02954	HG02953	HG02952	0/1	0/0	0/0	1	999	999
chr4	114075333	114075380	HGSV_67047	N	<INS>	<INS>	INS	55	PASS	0.000312	INFO_AF	HG03368	HG03367	HG03366	0/1	0/0	0/0	1	999	999
chr4	114121923	114121926	HGSV_67055	N	<INS>	<INS>	INS	52	PASS	0.00298	INFO_AF	HG01972	HG01970	HG01971	0/1	0/0	0/0	1	999	999
chr4	114121923	114121926	HGSV_67055	N	<INS>	<INS>	INS	52	PASS	0.00298	INFO_AF	HG02279	HG02277	HG02278	0/1	0/0	0/0	1	999	999
chr4	114361191	114361242	HGSV_67072	N	<INS:ME:ALU>	<INS:ME:ALU>	INS	281	PASS	0.001249	INFO_AF	HG02785	HG02783	HG02784	0/1	0/0	0/0	1	999	999
chr4	115094126	115094177	HGSV_67150	N	<INS:ME:ALU>	<INS:ME:ALU>	INS	281	PASS	0.001094	INFO_AF	NA19677	NA19676	NA19675	0/1	0/0	0/0	1	999	999
chr4	116232410	116232461	HGSV_67260	N	<INS:ME:ALU>	<INS:ME:ALU>	INS	280	PASS	0.000625	INFO_AF	HG02563	HG02561	HG02562	0/1	0/0	0/0	1	999	999
chr4	116404283	116404313	HGSV_67280	N	<INS>	<INS>	INS	68	PASS	0.001722	INFO_AF	HG03098	HG03096	HG03097	0/1	0/0	0/0	1	999	999
chr4	116631610	116631661	HGSV_67306	N	<INS:ME:ALU>	<INS:ME:ALU>	INS	280	PASS	0.004683	INFO_AF	NA19202	NA19200	NA19201	0/1	0/0	0/0	1	999	999
chr4	117129981	117130032	HGSV_67337	N	<INS:ME:ALU>	<INS:ME:ALU>	INS	280	PASS	0.000156	INFO_AF	HG01367	HG01365	HG01366	0/1	0/0	0/0	1	999	999
chr4	117236425	117236425	HGSV_67347	N	<INS>	<INS>	INS	179	PASS	0.000156	INFO_AF	NA19154	NA19153	NA19152	0/1	0/0	0/0	.	.	.
chr4	118828688	118828739	HGSV_67496	N	<INS:ME:ALU>	<INS:ME:ALU>	INS	280	PASS	0.000156	INFO_AF	HG02622	HG02620	HG02621	0/1	0/0	0/0	1	999	999
chr4	123870249	123870286	HGSV_67905	N	<INS>	<INS>	INS	63	PASS	0.0064	INFO_AF	HG01888	HG01882	HG01883	0/1	0/0	0/0	1	999	999
chr4	125902996	125903047	HGSV_68063	N	<INS:ME:LINE1>	<INS:ME:LINE1>	INS	1751	PASS	0.004538	INFO_AF	NA18854	NA18853	NA18852	0/1	0/0	0/0	1	999	999
chr4	127223497	127223548	HGSV_68172	N	<INS:ME:ALU>	<INS:ME:ALU>	INS	280	PASS	0.000156	INFO_AF	HG00639	HG00637	HG00638	0/1	0/0	0/0	1	999	999
chr4	127754503	127754554	HGSV_68213	N	<INS:ME:ALU>	<INS:ME:ALU>	INS	280	PASS	0.000156	INFO_AF	HG02068	HG02070	HG02069	0/1	0/0	0/0	1	999	999
chr4	128622741	128622775	HGSV_68288	N	<INS>	<INS>	INS	52	PASS	0.00172	INFO_AF	HG02717	HG02715	HG02716	0/1	0/0	0/0	1	999	999
chr4	128622741	128622775	HGSV_68288	N	<INS>	<INS>	INS	52	PASS	0.00172	INFO_AF	NA18906	NA18877	NA18876	0/1	0/0	0/0	1	999	999
chr4	130728035	130728074	HGSV_68455	N	<INS>	<INS>	INS	328	PASS	0.007348	INFO_AF	HG02841	HG02839	HG02840	0/1	0/0	0/0	1	999	999
chr4	130728035	130728074	HGSV_68455	N	<INS>	<INS>	INS	328	PASS	0.007348	INFO_AF	NA19115	NA19113	NA19114	0/1	0/0	0/0	1	999	999
chr4	132342595	132342632	HGSV_68597	N	<INS>	<INS>	INS	283	PASS	0.000156	INFO_AF	HG03065	HG03063	HG03064	0/1	0/0	0/0	1	999	999
chr4	132601226	132601277	HGSV_68618	N	<INS:ME:ALU>	<INS:ME:ALU>	INS	281	PASS	0.003755	INFO_AF	HG02853	HG02851	HG02852	0/1	0/0	0/0	1	999	999
chr4	133197377	133197428	HGSV_68675	N	<INS:ME:ALU>	<INS:ME:ALU>	INS	281	PASS	0.000468	INFO_AF	HG02083	HG02085	HG02084	0/1	0/0	0/0	1	999	999
chr4	134264034	134264085	HGSV_68773	N	<INS:ME:ALU>	<INS:ME:ALU>	INS	281	PASS	0.004215	INFO_AF	HG01780	HG01781	HG01779	0/1	0/0	0/0	1	999	999
chr4	134532607	134532642	HGSV_68805	N	<INS>	<INS>	INS	320	PASS	0.002029	INFO_AF	NA19249	NA19248	NA19247	0/1	0/0	0/0	1	999	999
chr4	136848242	136848246	HGSV_69005	N	<INS>	<INS>	INS	52	PASS	0.004873	INFO_AF	HG02316	HG02317	HG02318	0/1	0/0	0/0	1	999	999
chr4	136848242	136848246	HGSV_69005	N	<INS>	<INS>	INS	52	PASS	0.004873	INFO_AF	HG03170	HG03169	HG03168	0/1	0/0	0/0	1	999	999
chr4	137512911	137512962	HGSV_69082	N	<INS:ME:ALU>	<INS:ME:ALU>	INS	281	PASS	0.000156	INFO_AF	NA19705	NA19703	NA19704	0/1	0/0	0/0	1	999	999
chr4	138632166	138632217	HGSV_69176	N	<INS:ME:ALU>	<INS:ME:ALU>	INS	280	PASS	0.000156	INFO_AF	NA12344	NA12347	NA12348	0/1	0/0	0/0	1	999	999
chr4	141541782	141541818	HGSV_69406	N	<INS>	<INS>	INS	286	PASS	0.009678	INFO_AF	HG03302	HG03301	HG03300	0/1	0/0	0/0	1	999	999
chr4	142001662	142001700	HGSV_69448	N	<INS:ME:ALU>	<INS:ME:ALU>	INS	280	PASS	0.000468	INFO_AF	HG02806	HG02804	HG02805	0/1	0/0	0/0	1	999	999
chr4	142720760	142720784	HGSV_69506	N	<INS>	<INS>	INS	96	PASS	0.003763	INFO_AF	HG03308	HG03307	HG03306	0/1	0/0	0/0	1	999	999
chr4	144067641	144067692	HGSV_69622	N	<INS:ME:ALU>	<INS:ME:ALU>	INS	281	PASS	0.008016	INFO_AF	NA19132	NA19130	NA19131	0/1	0/0	0/0	1	999	999
chr4	144556465	144556516	HGSV_69655	N	<INS:ME:ALU>	<INS:ME:ALU>	INS	280	PASS	0.006121	INFO_AF	HG02948	HG02947	HG02946	0/1	0/0	0/0	1	999	999
chr4	147312991	147313042	HGSV_69848	N	<INS:ME:ALU>	<INS:ME:ALU>	INS	280	PASS	0.001563	INFO_AF	NA19173	NA19171	NA19172	0/1	0/0	0/0	1	999	999
chr4	148337323	148337374	HGSV_69943	N	<INS:ME:ALU>	<INS:ME:ALU>	INS	277	PASS	0.001251	INFO_AF	HG03131	HG03130	HG03129	0/1	0/0	0/0	113	999	999
chr4	151311146	151311158	HGSV_70179	N	<INS>	<INS>	INS	56	PASS	0.004707	INFO_AF	HG02704	HG02702	HG02703	0/1	0/0	0/0	1	999	999
chr4	151311146	151311158	HGSV_70179	N	<INS>	<INS>	INS	56	PASS	0.004707	INFO_AF	HG02945	HG02944	HG02943	0/1	0/0	0/0	163	999	999
chr4	151944820	151944871	HGSV_70228	N	<INS:ME:ALU>	<INS:ME:ALU>	INS	280	PASS	0.003442	INFO_AF	HG01249	HG01110	HG01111	0/1	0/0	0/0	1	999	999
chr4	153267113	153267146	HGSV_70325	N	<INS>	<INS>	INS	349	PASS	0.007344	INFO_AF	HG00567	HG00565	HG00566	0/1	0/0	0/0	1	999	999
chr4	154765429	154765473	HGSV_70442	N	<INS>	<INS>	INS	64	PASS	0.009381	INFO_AF	HG03248	HG03246	HG03247	0/1	0/0	0/0	364	999	999
chr4	154765429	154765473	HGSV_70442	N	<INS>	<INS>	INS	64	PASS	0.009381	INFO_AF	HG03310	HG03311	HG03309	0/1	0/0	0/0	411	999	999
chr4	155874162	155874213	HGSV_70540	N	<INS:ME:ALU>	<INS:ME:ALU>	INS	281	PASS	0.003903	INFO_AF	NA18521	NA18522	NA18523	0/1	0/0	0/0	1	999	999
chr4	157146672	157146681	HGSV_70665	N	<INS>	<INS>	INS	317	PASS	0.002185	INFO_AF	HG01884	HG01885	HG01956	0/1	0/0	0/0	1	999	999
chr4	157146672	157146681	HGSV_70665	N	<INS>	<INS>	INS	317	PASS	0.002185	INFO_AF	HG02612	HG02610	HG02611	0/1	0/0	0/0	1	999	999
chr4	158484526	158484577	HGSV_70789	N	<INS:ME:ALU>	<INS:ME:ALU>	INS	261	PASS	0.007337	INFO_AF	NA19727	NA19726	NA19725	0/1	0/0	0/0	1	999	999
chr4	160054811	160054862	HGSV_70923	N	<INS:ME:ALU>	<INS:ME:ALU>	INS	280	PASS	0.000156	INFO_AF	HG03579	HG03577	HG03578	0/1	0/0	0/0	1	999	999
chr4	161252322	161252373	HGSV_71034	N	<INS:ME:ALU>	<INS:ME:ALU>	INS	278	PASS	0.005151	INFO_AF	HG03134	HG03133	HG03132	0/1	0/0	0/0	50	999	999
chr4	163090813	163090864	HGSV_71208	N	<INS:ME:ALU>	<INS:ME:ALU>	INS	281	PASS	0.000156	INFO_AF	NA10860	NA11992	NA11993	0/1	0/0	0/0	1	999	999
chr4	164573107	164573158	HGSV_71364	N	<INS:ME:ALU>	<INS:ME:ALU>	INS	233	PASS	0.004547	INFO_AF	HG00532	HG00530	HG00531	0/1	0/0	0/0	1	999	999
chr4	164573107	164573158	HGSV_71364	N	<INS:ME:ALU>	<INS:ME:ALU>	INS	233	PASS	0.004547	INFO_AF	HG00609	HG00607	HG00608	0/1	0/0	0/0	1	999	999
chr4	164573107	164573158	HGSV_71364	N	<INS:ME:ALU>	<INS:ME:ALU>	INS	233	PASS	0.004547	INFO_AF	HG00612	HG00610	HG00611	0/1	0/0	0/0	1	999	999
chr4	164573107	164573158	HGSV_71364	N	<INS:ME:ALU>	<INS:ME:ALU>	INS	233	PASS	0.004547	INFO_AF	HG02514	HG02512	HG02513	0/1	0/0	0/0	1	999	999
chr4	164602210	164602260	HGSV_71368	N	<INS:ME:ALU>	<INS:ME:ALU>	INS	281	PASS	0.001877	INFO_AF	HG02723	HG02721	HG02722	0/1	0/0	0/0	1	999	999
chr4	166218918	166218969	HGSV_71528	N	<INS:ME:ALU>	<INS:ME:ALU>	INS	212	PASS	0.00704	INFO_AF	NA20279	NA20278	NA20282	0/1	0/0	0/0	1	999	999
chr4	166640336	166640371	HGSV_71575	N	<INS>	<INS>	INS	50	PASS	0.004379	INFO_AF	NA20358	NA20356	NA20357	0/1	0/0	0/0	1	999	999
chr4	166801485	166801532	HGSV_71592	N	<INS>	<INS>	INS	318	PASS	0.002342	INFO_AF	HG02584	HG02582	HG02583	0/1	0/0	0/0	1	999	999
chr4	167205630	167205638	HGSV_71626	N	<INS>	<INS>	INS	66	PASS	0.005821	INFO_AF	HG01261	HG01259	HG01260	0/1	0/0	0/0	1	999	999
chr4	167205630	167205638	HGSV_71626	N	<INS>	<INS>	INS	66	PASS	0.005821	INFO_AF	HG01279	HG01277	HG01278	0/1	0/0	0/0	1	999	999
chr4	167205630	167205638	HGSV_71626	N	<INS>	<INS>	INS	66	PASS	0.005821	INFO_AF	HG03164	HG03163	HG03162	0/1	0/0	0/0	1	999	999
chr4	167205630	167205638	HGSV_71626	N	<INS>	<INS>	INS	66	PASS	0.005821	INFO_AF	HG03909	HG03908	HG03907	0/1	0/0	0/0	1	999	999
chr4	167205630	167205638	HGSV_71626	N	<INS>	<INS>	INS	66	PASS	0.005821	INFO_AF	NA10837	NA12272	NA12273	0/1	0/0	0/0	1	999	999
chr4	167205630	167205638	HGSV_71626	N	<INS>	<INS>	INS	66	PASS	0.005821	INFO_AF	NA18521	NA18522	NA18523	0/1	0/0	0/0	1	999	999
chr4	167205630	167205638	HGSV_71626	N	<INS>	<INS>	INS	66	PASS	0.005821	INFO_AF	NA18869	NA18868	NA18867	0/1	0/0	0/0	1	999	999
chr4	167205630	167205638	HGSV_71626	N	<INS>	<INS>	INS	66	PASS	0.005821	INFO_AF	NA19132	NA19130	NA19131	0/1	0/0	0/0	1	999	999
chr4	167635192	167635244	HGSV_71663	N	<INS:ME:ALU>	<INS:ME:ALU>	INS	280	PASS	0.003903	INFO_AF	NA19677	NA19676	NA19675	0/1	0/0	0/0	999	999	999
chr4	168940011	168940062	HGSV_71788	N	<INS:ME:ALU>	<INS:ME:ALU>	INS	279	PASS	0.000468	INFO_AF	HG02316	HG02317	HG02318	0/1	0/0	0/0	1	999	999
chr4	170411536	170411558	HGSV_71907	N	<INS:ME:ALU>	<INS:ME:ALU>	INS	280	PASS	0.000156	INFO_AF	HG03579	HG03577	HG03578	0/1	0/0	0/0	1	999	999
chr4	170880651	170880686	HGSV_71946	N	<INS:ME:ALU>	<INS:ME:ALU>	INS	279	PASS	0.000469	INFO_AF	HG03522	HG03521	HG03520	0/1	0/0	0/0	1	999	999
chr4	171392700	171392751	HGSV_72001	N	<INS:ME:ALU>	<INS:ME:ALU>	INS	119	PASS	0.001718	INFO_AF	NA18914	NA18913	NA18912	0/1	0/0	0/0	263	999	999
chr4	171422339	171422390	HGSV_72008	N	<INS:ME:ALU>	<INS:ME:ALU>	INS	281	PASS	0.006088	INFO_AF	NA19174	NA19117	NA19118	0/1	0/0	0/0	1	999	999
chr4	171639461	171639512	HGSV_72027	N	<INS:ME:LINE1>	<INS:ME:LINE1>	INS	803	PASS	0.007559	INFO_AF	HG01493	HG01491	HG01492	0/1	0/0	0/0	314	999	999
chr4	171931821	171931862	HGSV_72059	N	<INS:ME:ALU>	<INS:ME:ALU>	INS	302	PASS	0.001718	INFO_AF	NA19142	NA19141	NA19140	0/1	0/0	0/0	1	999	999
chr4	174629139	174629190	HGSV_72289	N	<INS:ME:ALU>	<INS:ME:ALU>	INS	281	PASS	0.000156	INFO_AF	HG00582	HG00580	HG00581	0/1	0/0	0/0	1	999	999
chr4	174888842	174888877	HGSV_72311	N	<INS:ME:SVA>	<INS:ME:SVA>	INS	510	PASS	0.007194	INFO_AF	HG02704	HG02702	HG02703	0/1	0/0	0/0	1	999	999
chr4	174888842	174888877	HGSV_72311	N	<INS:ME:SVA>	<INS:ME:SVA>	INS	510	PASS	0.007194	INFO_AF	NA19924	NA19922	NA19923	0/1	0/0	0/0	1	999	999
chr4	175309100	175309118	HGSV_72354	N	<INS>	<INS>	INS	57	PASS	0.009576	INFO_AF	HG03579	HG03577	HG03578	0/1	0/0	0/0	266	999	999
chr4	178507951	178507961	HGSV_72629	N	<INS:ME:ALU>	<INS:ME:ALU>	INS	279	PASS	0.006455	INFO_AF	NA18872	NA18871	NA18870	0/1	0/0	0/0	786	999	999
chr4	179441978	179442029	HGSV_72723	N	<INS:ME:ALU>	<INS:ME:ALU>	INS	279	PASS	0.00359	INFO_AF	NA19132	NA19130	NA19131	0/1	0/0	0/0	1	999	999
chr4	179750191	179750227	HGSV_72744	N	<INS>	<INS>	INS	324	PASS	0.002031	INFO_AF	HG01081	HG01079	HG01080	0/1	0/0	0/0	1	999	999
chr4	180751564	180751592	HGSV_72833	N	<INS>	<INS>	INS	306	PASS	0.001562	INFO_AF	HG02889	HG02887	HG02888	0/1	0/0	0/0	1	999	999
chr4	181120633	181120668	HGSV_72861	N	<INS>	<INS>	INS	313	PASS	0.006888	INFO_AF	HG02055	HG02053	HG02054	0/1	0/0	0/0	1	999	999
chr4	181120633	181120668	HGSV_72861	N	<INS>	<INS>	INS	313	PASS	0.006888	INFO_AF	HG02587	HG02585	HG02586	0/1	0/0	0/0	1	999	999
chr4	181120633	181120668	HGSV_72861	N	<INS>	<INS>	INS	313	PASS	0.006888	INFO_AF	HG03296	HG03295	HG03294	0/1	0/0	0/0	1	999	999
chr4	181946021	181946072	HGSV_72926	N	<INS:ME:ALU>	<INS:ME:ALU>	INS	280	PASS	0.000624	INFO_AF	HG01493	HG01491	HG01492	0/1	0/0	0/0	1	999	999
chr4	182424518	182424569	HGSV_72966	N	<INS:ME:ALU>	<INS:ME:ALU>	INS	279	PASS	0.002812	INFO_AF	HG03110	HG03109	HG03108	0/1	0/0	0/0	1	999	999
chr4	184057079	184057130	HGSV_73117	N	<INS:ME:ALU>	<INS:ME:ALU>	INS	157	PASS	0.000156	INFO_AF	HG01053	HG01051	HG01052	0/1	0/0	0/0	1	999	999
chr4	187278596	187278642	HGSV_73472	N	<INS:ME:ALU>	<INS:ME:ALU>	INS	280	PASS	0.000312	INFO_AF	HG01955	HG01953	HG01954	0/1	0/0	0/0	1	999	999
chr4	189303287	189303388	HGSV_73736	N	<INS>	<INS>	INS	76	PASS	0.001408	INFO_AF	HG00465	HG00463	HG00464	0/1	0/0	0/0	1	999	999
chr5	343496	343509	HGSV_73982	N	<INS>	<INS>	INS	111	PASS	0.001252	INFO_AF	HG03137	HG03136	HG03135	0/1	0/0	0/0	1	999	999
chr5	343496	343509	HGSV_73982	N	<INS>	<INS>	INS	111	PASS	0.001252	INFO_AF	NA19662	NA19661	NA19660	0/1	0/0	0/0	1	999	999
chr5	343496	343509	HGSV_73982	N	<INS>	<INS>	INS	111	PASS	0.001252	INFO_AF	NA19733	NA19732	NA19731	0/1	0/0	0/0	1	999	999
chr5	365652	365703	HGSV_73990	N	<INS:ME:ALU>	<INS:ME:ALU>	INS	281	PASS	0.001873	INFO_AF	HG03314	HG03313	HG03312	0/1	0/0	0/0	1	999	999
chr5	1081275	1081284	HGSV_74158	N	<INS>	<INS>	INS	64	PASS	0.007683	INFO_AF	HG01916	HG01914	HG01915	0/1	0/0	0/0	1	999	999
chr5	1096058	1096109	HGSV_74162	N	<INS:ME:ALU>	<INS:ME:ALU>	INS	281	PASS	0.000156	INFO_AF	HG02225	HG02224	HG02223	0/1	0/0	0/0	1	999	999
chr5	2198624	2198661	HGSV_74341	N	<INS>	<INS>	INS	70	PASS	0.007805	INFO_AF	HG03272	HG03271	HG03270	0/1	0/0	0/0	1	999	999
chr5	2198624	2198661	HGSV_74341	N	<INS>	<INS>	INS	70	PASS	0.007805	INFO_AF	NA19139	NA19138	NA19137	0/1	0/0	0/0	364	999	999
chr5	2684600	2684611	HGSV_74401	N	<INS>	<INS>	INS	563	PASS	0.000156	INFO_AF	HG02129	HG02131	HG02130	0/1	0/0	0/0	786	999	999
chr5	6230046	6230073	HGSV_74715	N	<INS:ME:ALU>	<INS:ME:ALU>	INS	281	PASS	0.000625	INFO_AF	HG03302	HG03301	HG03300	0/1	0/0	0/0	1	999	999
chr5	10913416	10913461	HGSV_75122	N	<INS>	<INS>	INS	62	PASS	0.004243	INFO_AF	HG02770	HG02768	HG02769	0/1	0/0	0/0	1	999	999
chr5	10913416	10913461	HGSV_75122	N	<INS>	<INS>	INS	62	PASS	0.004243	INFO_AF	HG02773	HG02771	HG02772	0/1	0/0	0/0	1	999	999
chr5	10913416	10913461	HGSV_75122	N	<INS>	<INS>	INS	62	PASS	0.004243	INFO_AF	HG03041	HG03039	HG03040	0/1	0/0	0/0	1	999	999
chr5	10913416	10913424	HGSV_75126	N	<INS>	<INS>	INS	62	PASS	0.004398	INFO_AF	HG02770	HG02768	HG02769	0/1	0/0	0/0	1	999	999
chr5	10913416	10913424	HGSV_75126	N	<INS>	<INS>	INS	62	PASS	0.004398	INFO_AF	HG02773	HG02771	HG02772	0/1	0/0	0/0	1	999	999
chr5	10913416	10913424	HGSV_75126	N	<INS>	<INS>	INS	62	PASS	0.004398	INFO_AF	HG03041	HG03039	HG03040	0/1	0/0	0/0	1	999	999
chr5	11136518	11136569	HGSV_75142	N	<INS:ME:ALU>	<INS:ME:ALU>	INS	280	PASS	0.00562	INFO_AF	HG02615	HG02613	HG02614	0/1	0/0	0/0	746	999	999
chr5	12242392	12242443	HGSV_75228	N	<INS:ME:ALU>	<INS:ME:ALU>	INS	243	PASS	0.008898	INFO_AF	HG03350	HG03352	HG03351	0/1	0/0	0/0	786	999	999
chr5	16818376	16818412	HGSV_75570	N	<INS>	<INS>	INS	88	PASS	0.009077	INFO_AF	NA19258	NA19256	NA19257	0/1	0/0	0/0	1	999	999
chr5	16882930	16882965	HGSV_75581	N	<INS:ME:LINE1>	<INS:ME:LINE1>	INS	6017	PASS	0.002033	INFO_AF	HG02723	HG02721	HG02722	0/1	0/0	0/0	1	999	999
chr5	16953822	16953873	HGSV_75594	N	<INS:ME:ALU>	<INS:ME:ALU>	INS	281	PASS	0.008586	INFO_AF	HG03519	HG03518	HG03517	0/1	0/0	0/0	247	999	999
chr5	18152550	18152575	HGSV_75796	N	<INS>	<INS>	INS	310	PASS	0.006266	INFO_AF	NA19258	NA19256	NA19257	0/1	0/0	0/0	1	999	999
chr5	18152593	18152644	HGSV_75798	N	<INS:ME:ALU>	<INS:ME:ALU>	INS	279	PASS	0.00282	INFO_AF	HG01987	HG01990	HG02012	0/1	0/0	0/0	1	999	999
chr5	18152593	18152644	HGSV_75798	N	<INS:ME:ALU>	<INS:ME:ALU>	INS	279	PASS	0.00282	INFO_AF	HG02972	HG02971	HG02970	0/1	0/0	0/0	1	999	999
chr5	18152593	18152644	HGSV_75798	N	<INS:ME:ALU>	<INS:ME:ALU>	INS	279	PASS	0.00282	INFO_AF	HG03272	HG03271	HG03270	0/1	0/0	0/0	1	999	999
chr5	19180290	19180329	HGSV_75902	N	<INS>	<INS>	INS	634	PASS	0.007341	INFO_AF	NA10852	NA12045	NA12046	0/1	0/0	0/0	1	999	999
chr5	21245005	21245056	HGSV_76067	N	<INS:ME:ALU>	<INS:ME:ALU>	INS	254	PASS	0.007493	INFO_AF	HG01881	HG01879	HG01880	0/1	0/0	0/0	1	999	999
chr5	22166181	22166219	HGSV_76156	N	<INS>	<INS>	INS	59	PASS	0.002818	INFO_AF	NA19115	NA19113	NA19114	0/1	0/0	0/0	1	999	999
chr5	22659410	22659461	HGSV_76198	N	<INS:ME:ALU>	<INS:ME:ALU>	INS	280	PASS	0.000312	INFO_AF	NA10865	NA11891	NA11892	0/1	0/0	0/0	1	999	999
chr5	22706145	22706196	HGSV_76200	N	<INS:ME:ALU>	<INS:ME:ALU>	INS	281	PASS	0.000781	INFO_AF	HG02514	HG02512	HG02513	0/1	0/0	0/0	1	999	27
chr5	26392765	26392794	HGSV_76558	N	<INS>	<INS>	INS	50	PASS	0.009222	INFO_AF	NA18914	NA18913	NA18912	0/1	0/0	0/0	364	999	999
chr5	26574515	26574566	HGSV_76576	N	<INS:ME:ALU>	<INS:ME:ALU>	INS	279	PASS	0.000312	INFO_AF	HG02622	HG02620	HG02621	0/1	0/0	0/0	1	999	999
chr5	27351134	27351184	HGSV_76650	N	<INS>	<INS>	INS	51	PASS	0.000781	INFO_AF	HG03308	HG03307	HG03306	0/1	0/0	0/0	1	999	999
chr5	29025724	29025775	HGSV_76797	N	<INS:ME:ALU>	<INS:ME:ALU>	INS	281	PASS	0.000156	INFO_AF	NA20279	NA20278	NA20282	0/1	0/0	0/0	1	999	999
chr5	31233256	31233307	HGSV_76980	N	<INS:ME:ALU>	<INS:ME:ALU>	INS	254	PASS	0.000468	INFO_AF	HG02818	HG02816	HG02817	0/1	0/0	0/0	1	999	999
chr5	31292870	31292875	HGSV_76985	N	<INS>	<INS>	INS	64	PASS	0.004537	INFO_AF	HG02701	HG02699	HG02700	0/1	0/0	0/0	1	999	999
chr5	39231754	39231784	HGSV_77674	N	<INS:ME:ALU>	<INS:ME:ALU>	INS	60	PASS	0.008898	INFO_AF	NA19177	NA19175	NA19176	0/1	0/0	0/0	1	999	999
chr5	39511891	39511942	HGSV_77706	N	<INS:ME:SVA>	<INS:ME:SVA>	INS	1302	PASS	0.009621	INFO_AF	HG01887	HG02014	HG01886	0/1	0/0	0/0	1	999	999
chr5	39838112	39838163	HGSV_77729	N	<INS:ME:ALU>	<INS:ME:ALU>	INS	280	PASS	0.001408	INFO_AF	NA19662	NA19661	NA19660	0/1	0/0	0/0	1	999	999
chr5	39838112	39838163	HGSV_77729	N	<INS:ME:ALU>	<INS:ME:ALU>	INS	280	PASS	0.001408	INFO_AF	NA19685	NA19661	NA19660	0/1	0/0	0/0	1	999	999
chr5	41859905	41859910	HGSV_77917	N	<INS>	<INS>	INS	92	PASS	0.006126	INFO_AF	HG01674	HG01675	HG01673	0/1	0/0	0/0	1	999	999
chr5	41859905	41859910	HGSV_77917	N	<INS>	<INS>	INS	92	PASS	0.006126	INFO_AF	HG02647	HG02645	HG02646	0/1	0/0	0/0	1	999	999
chr5	42701661	42701712	HGSV_78000	N	<INS:ME:ALU>	<INS:ME:ALU>	INS	280	PASS	0.000468	INFO_AF	NA19902	NA19900	NA19901	0/1	0/0	0/0	1	999	999
chr5	43076545	43076547	HGSV_78050	N	<INS>	<INS>	INS	335	PASS	0.006571	INFO_AF	HG00655	HG00653	HG00654	0/1	0/0	0/0	1	999	999
chr5	43076545	43076547	HGSV_78050	N	<INS>	<INS>	INS	335	PASS	0.006571	INFO_AF	HG01919	HG01917	HG01918	0/1	0/0	0/0	1	999	999
chr5	43076545	43076547	HGSV_78050	N	<INS>	<INS>	INS	335	PASS	0.006571	INFO_AF	HG01946	HG01944	HG01945	0/1	0/0	0/0	1	999	999
chr5	43186298	43186330	HGSV_78061	N	<INS>	<INS>	INS	317	PASS	0.0025	INFO_AF	HG02622	HG02620	HG02621	0/1	0/0	0/0	1	999	999
chr5	43186298	43186330	HGSV_78061	N	<INS>	<INS>	INS	317	PASS	0.0025	INFO_AF	NA19177	NA19175	NA19176	0/1	0/0	0/0	104	999	999
chr5	43420080	43420131	HGSV_78087	N	<INS:ME:ALU>	<INS:ME:ALU>	INS	281	PASS	0.003762	INFO_AF	HG02980	HG02981	HG02979	0/1	0/0	0/0	1	999	999
chr5	43420080	43420131	HGSV_78087	N	<INS:ME:ALU>	<INS:ME:ALU>	INS	281	PASS	0.003762	INFO_AF	HG03101	HG03100	HG03099	0/1	0/0	0/0	208	999	999
chr5	43620599	43620649	HGSV_78112	N	<INS>	<INS>	INS	322	PASS	0.008276	INFO_AF	HG01897	HG02013	HG01896	0/1	0/0	0/0	1	999	999
chr5	43620599	43620649	HGSV_78112	N	<INS>	<INS>	INS	322	PASS	0.008276	INFO_AF	HG02680	HG02678	HG02679	0/1	0/0	0/0	203	999	999
chr5	43620599	43620649	HGSV_78112	N	<INS>	<INS>	INS	322	PASS	0.008276	INFO_AF	HG03200	HG03199	HG03198	0/1	0/0	0/0	1	999	999
chr5	43620599	43620649	HGSV_78112	N	<INS>	<INS>	INS	322	PASS	0.008276	INFO_AF	HG03344	HG03343	HG03342	0/1	0/0	0/0	1	999	999
chr5	43620599	43620649	HGSV_78112	N	<INS>	<INS>	INS	322	PASS	0.008276	INFO_AF	HG03368	HG03367	HG03366	0/1	0/0	0/0	1	999	999
chr5	43620599	43620649	HGSV_78112	N	<INS>	<INS>	INS	322	PASS	0.008276	INFO_AF	NA19191	NA19189	NA19190	0/1	0/0	0/0	1	999	999
chr5	45076860	45076911	HGSV_78245	N	<INS:ME:ALU>	<INS:ME:ALU>	INS	280	PASS	0.003903	INFO_AF	HG03197	HG03196	HG03195	0/1	0/0	0/0	1	999	999
chr5	54230990	54231041	HGSV_78665	N	<INS:ME:ALU>	<INS:ME:ALU>	INS	51	PASS	0.001249	INFO_AF	HG01895	HG01912	HG01894	0/1	0/0	0/0	1	999	999
chr5	54355378	54355429	HGSV_78675	N	<INS:ME:ALU>	<INS:ME:ALU>	INS	280	PASS	0.001875	INFO_AF	HG02605	HG02603	HG02604	0/1	0/0	0/0	1	999	999
chr5	55659254	55659285	HGSV_78771	N	<INS:ME:ALU>	<INS:ME:ALU>	INS	296	PASS	0.008898	INFO_AF	HG03035	HG03033	HG03034	0/1	0/0	0/0	1	999	999
chr5	55659254	55659285	HGSV_78771	N	<INS:ME:ALU>	<INS:ME:ALU>	INS	296	PASS	0.008898	INFO_AF	NA18860	NA18859	NA18858	0/1	0/0	0/0	1	999	999
chr5	56868855	56868906	HGSV_78886	N	<INS:ME:ALU>	<INS:ME:ALU>	INS	281	PASS	0.000312	INFO_AF	HG02258	HG02314	HG02315	0/1	0/0	0/0	1	999	999
chr5	57096472	57096523	HGSV_78896	N	<INS:ME:ALU>	<INS:ME:ALU>	INS	280	PASS	0.007512	INFO_AF	NA19919	NA19908	NA19909	0/1	0/0	0/0	786	999	999
chr5	57660624	57660643	HGSV_78952	N	<INS:ME:ALU>	<INS:ME:ALU>	INS	280	PASS	0.001093	INFO_AF	HG03161	HG03160	HG03159	0/1	0/0	0/0	1	999	999
chr5	57766381	57766432	HGSV_78964	N	<INS:ME:ALU>	<INS:ME:ALU>	INS	281	PASS	0.000156	INFO_AF	HG02659	HG02657	HG02658	0/1	0/0	0/0	1	999	999
chr5	60151808	60151859	HGSV_79158	N	<INS:ME:ALU>	<INS:ME:ALU>	INS	173	PASS	0.000156	INFO_AF	NA19733	NA19732	NA19731	0/1	0/0	0/0	1	999	999
chr5	64643608	64643649	HGSV_79491	N	<INS>	<INS>	INS	62	PASS	0.005979	INFO_AF	HG02924	HG02923	HG02922	0/1	0/0	0/0	1	999	999
chr5	64643608	64643649	HGSV_79491	N	<INS>	<INS>	INS	62	PASS	0.005979	INFO_AF	HG03248	HG03246	HG03247	0/1	0/0	0/0	1	999	999
chr5	67328965	67328972	HGSV_79679	N	<INS>	<INS>	INS	68	PASS	0.009225	INFO_AF	HG02770	HG02768	HG02769	0/1	0/0	0/0	1	999	999
chr5	73083449	73083451	HGSV_80085	N	<INS:ME:ALU>	<INS:ME:ALU>	INS	259	PASS	0.000156	INFO_AF	HG01192	HG01190	HG01191	0/1	0/0	0/0	1	999	999
chr5	74617050	74617101	HGSV_80188	N	<INS:ME:ALU>	<INS:ME:ALU>	INS	280	PASS	0.006088	INFO_AF	HG03035	HG03033	HG03034	0/1	0/0	0/0	1	999	999
chr5	75482966	75483017	HGSV_80247	N	<INS:ME:ALU>	<INS:ME:ALU>	INS	194	PASS	0.000625	INFO_AF	HG01084	HG01082	HG01083	0/1	0/0	0/0	1	999	999
chr5	76040900	76040951	HGSV_80298	N	<INS:ME:ALU>	<INS:ME:ALU>	INS	281	PASS	0.000156	INFO_AF	HG01898	HG01892	HG01893	0/1	0/0	0/0	1	999	999
chr5	82401119	82401170	HGSV_80873	N	<INS:ME:ALU>	<INS:ME:ALU>	INS	281	PASS	0.003122	INFO_AF	HG01881	HG01879	HG01880	0/1	0/0	0/0	1	999	999
chr5	83200572	83200623	HGSV_80943	N	<INS:ME:ALU>	<INS:ME:ALU>	INS	280	PASS	0.005151	INFO_AF	HG00664	HG00662	HG00663	0/1	0/0	0/0	1	999	999
chr5	87154090	87154141	HGSV_81321	N	<INS:ME:ALU>	<INS:ME:ALU>	INS	281	PASS	0.001873	INFO_AF	NA19123	NA19121	NA19122	0/1	0/0	0/0	1	999	999
chr5	89422262	89422313	HGSV_81480	N	<INS:ME:ALU>	<INS:ME:ALU>	INS	280	PASS	0.008586	INFO_AF	HG03230	HG03228	HG03229	0/1	0/0	0/0	1	999	999
chr5	89927337	89927388	HGSV_81516	N	<INS:ME:ALU>	<INS:ME:ALU>	INS	279	PASS	0.002815	INFO_AF	HG02806	HG02804	HG02805	0/1	0/0	0/0	1	999	999
chr5	89927337	89927388	HGSV_81516	N	<INS:ME:ALU>	<INS:ME:ALU>	INS	279	PASS	0.002815	INFO_AF	NA19191	NA19189	NA19190	0/1	0/0	0/0	1	999	999
chr5	91297183	91297234	HGSV_81602	N	<INS:ME:ALU>	<INS:ME:ALU>	INS	279	PASS	0.00219	INFO_AF	NA19202	NA19200	NA19201	0/1	0/0	0/0	1	999	999
chr5	93575472	93575523	HGSV_81772	N	<INS:ME:ALU>	<INS:ME:ALU>	INS	93	PASS	0.00125	INFO_AF	HG02978	HG02977	HG02976	0/1	0/0	0/0	1	999	999
chr5	95748140	95748191	HGSV_81917	N	<INS:ME:ALU>	<INS:ME:ALU>	INS	280	PASS	0.001249	INFO_AF	HG01109	HG01107	HG01108	0/1	0/0	0/0	1	999	999
chr5	95978035	95978062	HGSV_81937	N	<INS:ME:ALU>	<INS:ME:ALU>	INS	281	PASS	0.003906	INFO_AF	HG02704	HG02702	HG02703	0/1	0/0	0/0	1	999	999
chr5	95978035	95978062	HGSV_81937	N	<INS:ME:ALU>	<INS:ME:ALU>	INS	281	PASS	0.003906	INFO_AF	HG03371	HG03370	HG03369	0/1	0/0	0/0	1	999	999
chr5	95978035	95978062	HGSV_81937	N	<INS:ME:ALU>	<INS:ME:ALU>	INS	281	PASS	0.003906	INFO_AF	NA18872	NA18871	NA18870	0/1	0/0	0/0	1	999	999
chr5	101178138	101178189	HGSV_82447	N	<INS:ME:ALU>	<INS:ME:ALU>	INS	281	PASS	0.007181	INFO_AF	HG02800	HG02798	HG02799	0/1	0/0	0/0	1	999	999
chr5	102264656	102264707	HGSV_82530	N	<INS:ME:ALU>	<INS:ME:ALU>	INS	278	PASS	0.005013	INFO_AF	NA19224	NA19226	NA19225	0/1	0/0	0/0	1	999	999
chr5	104125498	104125549	HGSV_82693	N	<INS:ME:ALU>	<INS:ME:ALU>	INS	279	PASS	0.005776	INFO_AF	HG02605	HG02603	HG02604	0/1	0/0	0/0	1	999	999
chr5	104125498	104125549	HGSV_82693	N	<INS:ME:ALU>	<INS:ME:ALU>	INS	279	PASS	0.005776	INFO_AF	HG02686	HG02684	HG02685	0/1	0/0	0/0	1	999	999
chr5	105360244	105360295	HGSV_82823	N	<INS:ME:ALU>	<INS:ME:ALU>	INS	281	PASS	0.000156	INFO_AF	HG03710	HG03708	HG03709	0/1	0/0	0/0	1	999	999
chr5	106749258	106749309	HGSV_82927	N	<INS:ME:ALU>	<INS:ME:ALU>	INS	281	PASS	0.002817	INFO_AF	NA19094	NA19092	NA19093	0/1	0/0	0/0	1	999	999
chr5	108794682	108794733	HGSV_83092	N	<INS:ME:ALU>	<INS:ME:ALU>	INS	263	PASS	0.006244	INFO_AF	NA18935	NA18934	NA18933	0/1	0/0	0/0	365	999	999
chr5	109992014	109992065	HGSV_83197	N	<INS:ME:ALU>	<INS:ME:ALU>	INS	281	PASS	0.002342	INFO_AF	HG03137	HG03136	HG03135	0/1	0/0	0/0	1	999	999
chr5	110234337	110234353	HGSV_83227	N	<INS>	<INS>	INS	324	PASS	0.009054	INFO_AF	HG03161	HG03160	HG03159	0/1	0/0	0/0	297	999	999
chr5	110491181	110491232	HGSV_83257	N	<INS:ME:ALU>	<INS:ME:ALU>	INS	280	PASS	0.005464	INFO_AF	HG03134	HG03133	HG03132	0/1	0/0	0/0	1	999	999
chr5	110623217	110623242	HGSV_83270	N	<INS>	<INS>	INS	324	PASS	0.009991	INFO_AF	HG02800	HG02798	HG02799	0/1	0/0	0/0	1	999	999
chr5	113399685	113399736	HGSV_83465	N	<INS:ME:ALU>	<INS:ME:ALU>	INS	110	PASS	0.000156	INFO_AF	NA19139	NA19138	NA19137	0/1	0/0	0/0	1	999	999
chr5	114694726	114694777	HGSV_83560	N	<INS:ME:ALU>	<INS:ME:ALU>	INS	281	PASS	0.000156	INFO_AF	HG03795	HG03794	HG03793	0/1	0/0	0/0	1	999	999
chr5	116332634	116332668	HGSV_83716	N	<INS:ME:ALU>	<INS:ME:ALU>	INS	258	PASS	0.00562	INFO_AF	HG03056	HG03054	HG03055	0/1	0/0	0/0	1	999	999
chr5	116332634	116332668	HGSV_83716	N	<INS:ME:ALU>	<INS:ME:ALU>	INS	258	PASS	0.00562	INFO_AF	NA19142	NA19141	NA19140	0/1	0/0	0/0	1	999	999
chr5	118398335	118398386	HGSV_83914	N	<INS:ME:ALU>	<INS:ME:ALU>	INS	280	PASS	0.00235	INFO_AF	HG00447	HG00445	HG00446	0/1	0/0	0/0	1	999	999
chr5	118398335	118398386	HGSV_83914	N	<INS:ME:ALU>	<INS:ME:ALU>	INS	280	PASS	0.00235	INFO_AF	NA19730	NA19729	NA19728	0/1	0/0	0/0	1	999	999
chr5	119550263	119550314	HGSV_84047	N	<INS:ME:ALU>	<INS:ME:ALU>	INS	281	PASS	0.009366	INFO_AF	HG03302	HG03301	HG03300	0/1	0/0	0/0	1	999	999
chr5	119550263	119550314	HGSV_84047	N	<INS:ME:ALU>	<INS:ME:ALU>	INS	281	PASS	0.009366	INFO_AF	NA19154	NA19153	NA19152	0/1	0/0	0/0	1	999	999
chr5	119708263	119708314	HGSV_84065	N	<INS:ME:ALU>	<INS:ME:ALU>	INS	276	PASS	0.009991	INFO_AF	HG02975	HG02973	HG02974	0/1	0/0	0/0	1	999	999
chr5	119713128	119713179	HGSV_84067	N	<INS:ME:ALU>	<INS:ME:ALU>	INS	280	PASS	0.006731	INFO_AF	HG02883	HG02881	HG02882	0/1	0/0	0/0	1	999	999
chr5	122717160	122717211	HGSV_84338	N	<INS:ME:ALU>	<INS:ME:ALU>	INS	281	PASS	0.000468	INFO_AF	NA19787	NA19786	NA19785	0/1	0/0	0/0	1	999	999
chr5	124343823	124343874	HGSV_84463	N	<INS:ME:ALU>	<INS:ME:ALU>	INS	280	PASS	0.002966	INFO_AF	HG03035	HG03033	HG03034	0/1	0/0	0/0	1	999	999
chr5	125644642	125644693	HGSV_84586	N	<INS:ME:ALU>	<INS:ME:ALU>	INS	281	PASS	0.000156	INFO_AF	NA19778	NA19777	NA19776	0/1	0/0	0/0	1	999	999
chr5	128035635	128035686	HGSV_84785	N	<INS:ME:ALU>	<INS:ME:ALU>	INS	281	PASS	0.003916	INFO_AF	HG02258	HG02314	HG02315	0/1	0/0	0/0	1	999	999
chr5	129050178	129050178	HGSV_84860	N	<INS>	<INS>	INS	314	PASS	0.008943	INFO_AF	HG01391	HG01389	HG01390	0/1	0/0	0/0	.	.	.
chr5	130971410	130971436	HGSV_85008	N	<INS>	<INS>	INS	52	PASS	0.005343	INFO_AF	HG01252	HG01250	HG01251	0/1	0/0	0/0	266	999	999
chr5	134721397	134721432	HGSV_85303	N	<INS>	<INS>	INS	325	PASS	0.00547	INFO_AF	HG01895	HG01912	HG01894	0/1	0/0	0/0	1	999	999
chr5	135928231	135928282	HGSV_85383	N	<INS:ME:ALU>	<INS:ME:ALU>	INS	281	PASS	0.002034	INFO_AF	NA19161	NA19160	NA19159	0/1	0/0	0/0	1	999	999
chr5	139597077	139597080	HGSV_85666	N	<INS:ME:ALU>	<INS:ME:ALU>	INS	281	PASS	0.002502	INFO_AF	HG02622	HG02620	HG02621	0/1	0/0	0/0	52	999	999
chr5	139597077	139597080	HGSV_85666	N	<INS:ME:ALU>	<INS:ME:ALU>	INS	281	PASS	0.002502	INFO_AF	HG02809	HG02807	HG02808	0/1	0/0	0/0	1	999	999
chr5	139597077	139597080	HGSV_85666	N	<INS:ME:ALU>	<INS:ME:ALU>	INS	281	PASS	0.002502	INFO_AF	NA18875	NA18874	NA18873	0/1	0/0	0/0	1	999	999
chr5	140067372	140067423	HGSV_85700	N	<INS:ME:ALU>	<INS:ME:ALU>	INS	253	PASS	0.002498	INFO_AF	HG00627	HG00625	HG00626	0/1	0/0	0/0	1	999	999
chr5	142656235	142656286	HGSV_85908	N	<INS:ME:ALU>	<INS:ME:ALU>	INS	254	PASS	0.007659	INFO_AF	HG03579	HG03577	HG03578	0/1	0/0	0/0	1	999	999
chr5	142989961	142990012	HGSV_85920	N	<INS:ME:ALU>	<INS:ME:ALU>	INS	279	PASS	0.006142	INFO_AF	HG02126	HG02128	HG02127	0/1	0/0	0/0	13	999	999
chr5	142989961	142990012	HGSV_85920	N	<INS:ME:ALU>	<INS:ME:ALU>	INS	279	PASS	0.006142	INFO_AF	HG03654	HG03652	HG03653	0/1	0/0	0/0	104	999	999
chr5	145713601	145713605	HGSV_86148	N	<INS>	<INS>	INS	58	PASS	0.004059	INFO_AF	HG02011	HG02009	HG02010	0/1	0/0	0/0	1	999	999
chr5	148990279	148990330	HGSV_86415	N	<INS:ME:ALU>	<INS:ME:ALU>	INS	279	PASS	0.003441	INFO_AF	HG02853	HG02851	HG02852	0/1	0/0	0/0	1	999	999
chr5	151171342	151171369	HGSV_86561	N	<INS>	<INS>	INS	176	PASS	0.004075	INFO_AF	HG02258	HG02314	HG02315	0/1	0/0	0/0	63	999	999
chr5	152403752	152403768	HGSV_86661	N	<INS>	<INS>	INS	51	PASS	0.002342	INFO_AF	HG01895	HG01912	HG01894	0/1	0/0	0/0	1	999	999
chr5	156166214	156166265	HGSV_86982	N	<INS:ME:ALU>	<INS:ME:ALU>	INS	279	PASS	0.006869	INFO_AF	HG01674	HG01675	HG01673	0/1	0/0	0/0	1	999	999
chr5	156798284	156798335	HGSV_87045	N	<INS:ME:ALU>	<INS:ME:ALU>	INS	142	PASS	0.002658	INFO_AF	HG02800	HG02798	HG02799	0/1	0/0	0/0	1	999	999
chr5	160824708	160824749	HGSV_87363	N	<INS:ME:ALU>	<INS:ME:ALU>	INS	279	PASS	0.006244	INFO_AF	HG02978	HG02977	HG02976	0/1	0/0	0/0	1	999	999
chr5	160824708	160824749	HGSV_87363	N	<INS:ME:ALU>	<INS:ME:ALU>	INS	279	PASS	0.006244	INFO_AF	NA18863	NA18862	NA18861	0/1	0/0	0/0	1	999	999
chr5	160845366	160845417	HGSV_87367	N	<INS:ME:ALU>	<INS:ME:ALU>	INS	281	PASS	0.000156	INFO_AF	HG04151	HG04149	HG04150	0/1	0/0	0/0	1	999	999
chr5	161739399	161739454	HGSV_87437	N	<INS>	<INS>	INS	162	PASS	0.009398	INFO_AF	HG00591	HG00589	HG00590	0/1	0/0	0/0	1	999	999
chr5	163758088	163758139	HGSV_87601	N	<INS:ME:ALU>	<INS:ME:ALU>	INS	279	PASS	0.002502	INFO_AF	HG02055	HG02053	HG02054	0/1	0/0	0/0	1	999	999
chr5	163758088	163758139	HGSV_87601	N	<INS:ME:ALU>	<INS:ME:ALU>	INS	279	PASS	0.002502	INFO_AF	HG03197	HG03196	HG03195	0/1	0/0	0/0	1	999	999
chr5	166577575	166577614	HGSV_87830	N	<INS>	<INS>	INS	322	PASS	0.004059	INFO_AF	HG02924	HG02923	HG02922	0/1	0/0	0/0	1	999	999
chr5	166587370	166587410	HGSV_87832	N	<INS:ME:ALU>	<INS:ME:ALU>	INS	281	PASS	0.005151	INFO_AF	HG02818	HG02816	HG02817	0/1	0/0	0/0	1	999	999
chr5	166926010	166926061	HGSV_87862	N	<INS:ME:ALU>	<INS:ME:ALU>	INS	280	PASS	0.000156	INFO_AF	HG02924	HG02923	HG02922	0/1	0/0	0/0	1	999	999
chr5	167791457	167791474	HGSV_87943	N	<INS>	<INS>	INS	53	PASS	0.000156	INFO_AF	HG02135	HG02137	HG02136	0/1	0/0	0/0	1	999	999
chr5	174297446	174297497	HGSV_88453	N	<INS:ME:ALU>	<INS:ME:ALU>	INS	280	PASS	0.008042	INFO_AF	HG01243	HG01241	HG01242	0/1	0/0	0/0	1	999	999
chr5	174297446	174297497	HGSV_88453	N	<INS:ME:ALU>	<INS:ME:ALU>	INS	280	PASS	0.008042	INFO_AF	HG03047	HG03045	HG03046	0/1	0/0	0/0	1	999	999
chr5	174297446	174297497	HGSV_88453	N	<INS:ME:ALU>	<INS:ME:ALU>	INS	280	PASS	0.008042	INFO_AF	NA19215	NA19213	NA19214	0/1	0/0	0/0	1	999	999
chr5	175365144	175365195	HGSV_88541	N	<INS:ME:ALU>	<INS:ME:ALU>	INS	250	PASS	0.002344	INFO_AF	HG02647	HG02645	HG02646	0/1	0/0	0/0	1	999	999
chr6	344214	344214	HGSV_89330	N	<INS>	<INS>	INS	239	PASS	0.000886	INFO_AF	HG02630	HG02628	HG02629	0/1	0/0	0/0	.	.	.
chr6	1615453	1615473	HGSV_89467	N	<INS>	<INS>	INS	61	PASS	0.002498	INFO_AF	HG01884	HG01885	HG01956	0/1	0/0	0/0	1	999	999
chr6	3010231	3010282	HGSV_89595	N	<INS:ME:ALU>	<INS:ME:ALU>	INS	264	PASS	0.002342	INFO_AF	HG02972	HG02971	HG02970	0/1	0/0	0/0	1	999	999
chr6	3355949	3355980	HGSV_89633	N	<INS:ME:ALU>	<INS:ME:ALU>	INS	280	PASS	0.003287	INFO_AF	NA19919	NA19908	NA19909	0/1	0/0	0/0	1	999	999
chr6	3875810	3875861	HGSV_89666	N	<INS:ME:ALU>	<INS:ME:ALU>	INS	280	PASS	0.0025	INFO_AF	NA19258	NA19256	NA19257	0/1	0/0	0/0	1	999	999
chr6	4518361	4518395	HGSV_89711	N	<INS>	<INS>	INS	133	PASS	0.003289	INFO_AF	HG02812	HG02810	HG02811	0/1	0/0	0/0	1	999	999
chr6	4900832	4900837	HGSV_89754	N	<INS>	<INS>	INS	56	PASS	0.009108	INFO_AF	HG02572	HG02570	HG02571	0/1	0/0	0/0	203	999	999
chr6	4900832	4900837	HGSV_89754	N	<INS>	<INS>	INS	56	PASS	0.009108	INFO_AF	HG02612	HG02610	HG02611	0/1	0/0	0/0	1	999	999
chr6	4900832	4900837	HGSV_89754	N	<INS>	<INS>	INS	56	PASS	0.009108	INFO_AF	HG02625	HG02623	HG02624	0/1	0/0	0/0	565	999	999
chr6	4900832	4900837	HGSV_89754	N	<INS>	<INS>	INS	56	PASS	0.009108	INFO_AF	HG02871	HG02869	HG02870	0/1	0/0	0/0	41	999	999
chr6	5386377	5386428	HGSV_89800	N	<INS:ME:ALU>	<INS:ME:ALU>	INS	277	PASS	0.005009	INFO_AF	HG03041	HG03039	HG03040	0/1	0/0	0/0	1	999	999
chr6	5386377	5386428	HGSV_89800	N	<INS:ME:ALU>	<INS:ME:ALU>	INS	277	PASS	0.005009	INFO_AF	NA18875	NA18874	NA18873	0/1	0/0	0/0	314	999	999
chr6	8523946	8523997	HGSV_90073	N	<INS:ME:ALU>	<INS:ME:ALU>	INS	280	PASS	0.009099	INFO_AF	NA19918	NA19916	NA19917	0/1	0/0	0/0	156	999	999
chr6	10146132	10146137	HGSV_90214	N	<INS:ME:ALU>	<INS:ME:ALU>	INS	280	PASS	0.006556	INFO_AF	HG03816	HG03815	HG03814	0/1	0/0	0/0	1	999	999
chr6	12628604	12628613	HGSV_90448	N	<INS>	<INS>	INS	52	PASS	0.008383	INFO_AF	HG01567	HG01565	HG01566	0/1	0/0	0/0	1	999	999
chr6	13730467	13730468	HGSV_90545	N	<INS>	<INS>	INS	58	PASS	0.00377	INFO_AF	HG03272	HG03271	HG03270	0/1	0/0	0/0	1	999	999
chr6	15190198	15190198	HGSV_90689	N	<INS:ME:ALU>	<INS:ME:ALU>	INS	173	PASS	0.002051	INFO_AF	HG02726	HG02724	HG02725	0/1	0/0	0/0	.	.	.
chr6	15693175	15693222	HGSV_90748	N	<INS>	<INS>	INS	249	PASS	0.005952	INFO_AF	NA18875	NA18874	NA18873	0/1	0/0	0/0	1	999	999
chr6	15693175	15693222	HGSV_90748	N	<INS>	<INS>	INS	249	PASS	0.005952	INFO_AF	NA19828	NA19818	NA19819	0/1	0/0	0/0	1	999	999
chr6	16862123	16862200	HGSV_90836	N	<INS>	<INS>	INS	115	PASS	0.007602	INFO_AF	HG00453	HG00451	HG00452	0/1	0/0	0/0	1	999	999
chr6	16862123	16862200	HGSV_90836	N	<INS>	<INS>	INS	115	PASS	0.007602	INFO_AF	HG00642	HG00640	HG00641	0/1	0/0	0/0	1	999	999
chr6	16862123	16862200	HGSV_90836	N	<INS>	<INS>	INS	115	PASS	0.007602	INFO_AF	HG01184	HG01182	HG01183	0/1	0/0	0/0	1	999	999
chr6	16862123	16862200	HGSV_90836	N	<INS>	<INS>	INS	115	PASS	0.007602	INFO_AF	HG01367	HG01365	HG01366	0/1	0/0	0/0	1	999	999
chr6	16862123	16862200	HGSV_90836	N	<INS>	<INS>	INS	115	PASS	0.007602	INFO_AF	HG01897	HG02013	HG01896	0/1	0/0	0/0	1	999	999
chr6	16862123	16862200	HGSV_90836	N	<INS>	<INS>	INS	115	PASS	0.007602	INFO_AF	HG02273	HG02271	HG02272	0/1	0/0	0/0	1	999	999
chr6	16862123	16862200	HGSV_90836	N	<INS>	<INS>	INS	115	PASS	0.007602	INFO_AF	HG03374	HG03373	HG03372	0/1	0/0	0/0	1	999	999
chr6	16862123	16862200	HGSV_90836	N	<INS>	<INS>	INS	115	PASS	0.007602	INFO_AF	NA19721	NA19720	NA19719	0/1	0/0	0/0	1	999	999
chr6	16862123	16862200	HGSV_90836	N	<INS>	<INS>	INS	115	PASS	0.007602	INFO_AF	NA19757	NA19756	NA19755	0/1	0/0	0/0	1	999	999
chr6	22417749	22417800	HGSV_91383	N	<INS:ME:ALU>	<INS:ME:ALU>	INS	67	PASS	0.006712	INFO_AF	NA19787	NA19786	NA19785	0/1	0/0	0/0	1	999	999
chr6	22438164	22438215	HGSV_91385	N	<INS:ME:ALU>	<INS:ME:ALU>	INS	281	PASS	0.002031	INFO_AF	NA19154	NA19153	NA19152	0/1	0/0	0/0	1	999	999
chr6	24000892	24000898	HGSV_91510	N	<INS>	<INS>	INS	54	PASS	0.009576	INFO_AF	NA10864	NA11893	NA11894	0/1	0/0	0/0	1	999	999
chr6	24778650	24778701	HGSV_91584	N	<INS:ME:ALU>	<INS:ME:ALU>	INS	281	PASS	0.009054	INFO_AF	NA19237	NA19236	NA19235	0/1	0/0	0/0	1	999	999
chr6	25494154	25494205	HGSV_91663	N	<INS:ME:ALU>	<INS:ME:ALU>	INS	280	PASS	0.001093	INFO_AF	HG03579	HG03577	HG03578	0/1	0/0	0/0	1	999	999
chr6	28971762	28971776	HGSV_91984	N	<INS>	<INS>	INS	50	PASS	0.009117	INFO_AF	HG01096	HG01094	HG01095	0/1	0/0	0/0	1	999	999
chr6	28971762	28971776	HGSV_91984	N	<INS>	<INS>	INS	50	PASS	0.009117	INFO_AF	HG01667	HG01669	HG01668	0/1	0/0	0/0	1	999	999
chr6	28971762	28971776	HGSV_91984	N	<INS>	<INS>	INS	50	PASS	0.009117	INFO_AF	HG01888	HG01882	HG01883	0/1	0/0	0/0	1	999	999
chr6	28971762	28971776	HGSV_91984	N	<INS>	<INS>	INS	50	PASS	0.009117	INFO_AF	NA10857	NA12043	NA12044	0/1	0/0	0/0	1	999	999
chr6	28971762	28971776	HGSV_91984	N	<INS>	<INS>	INS	50	PASS	0.009117	INFO_AF	NA19237	NA19236	NA19235	0/1	0/0	0/0	1	999	999
chr6	29460815	29460866	HGSV_92021	N	<INS:ME:ALU>	<INS:ME:ALU>	INS	281	PASS	0.007805	INFO_AF	HG03915	HG03914	HG03913	0/1	0/0	0/0	1	999	999
chr6	33388338	33388379	HGSV_92611	N	<INS>	<INS>	INS	62	PASS	0.005673	INFO_AF	HG01276	HG01274	HG01275	0/1	0/0	0/0	1	999	999
chr6	33388338	33388379	HGSV_92611	N	<INS>	<INS>	INS	62	PASS	0.005673	INFO_AF	HG03930	HG03929	HG03928	0/1	0/0	0/0	1	999	999
chr6	33388338	33388379	HGSV_92611	N	<INS>	<INS>	INS	62	PASS	0.005673	INFO_AF	NA19174	NA19117	NA19118	0/1	0/0	0/0	667	999	999
chr6	35594701	35594745	HGSV_92863	N	<INS>	<INS>	INS	52	PASS	0.001565	INFO_AF	HG02630	HG02628	HG02629	0/1	0/0	0/0	1	999	999
chr6	35959401	35959409	HGSV_92903	N	<INS:ME:ALU>	<INS:ME:ALU>	INS	281	PASS	0.003441	INFO_AF	NA19208	NA19207	NA19206	0/1	0/0	0/0	1	999	999
chr6	36129750	36129801	HGSV_92912	N	<INS:ME:ALU>	<INS:ME:ALU>	INS	280	PASS	0.000156	INFO_AF	HG03248	HG03246	HG03247	0/1	0/0	0/0	1	999	999
chr6	38019449	38019458	HGSV_93089	N	<INS:ME:ALU>	<INS:ME:ALU>	INS	60	PASS	0.000156	INFO_AF	HG01189	HG01187	HG01188	0/1	0/0	0/0	1	999	999
chr6	42742559	42742610	HGSV_93460	N	<INS:ME:ALU>	<INS:ME:ALU>	INS	279	PASS	0.000468	INFO_AF	HG03116	HG03115	HG03114	0/1	0/0	0/0	1	999	999
chr6	46972918	46972969	HGSV_93816	N	<INS:ME:ALU>	<INS:ME:ALU>	INS	281	PASS	0.000625	INFO_AF	HG03576	HG03574	HG03575	0/1	0/0	0/0	1	999	999
chr6	47918528	47918579	HGSV_93892	N	<INS:ME:ALU>	<INS:ME:ALU>	INS	244	PASS	0.00359	INFO_AF	HG03251	HG03249	HG03250	0/1	0/0	0/0	1	999	999
chr6	48395006	48395057	HGSV_93939	N	<INS:ME:ALU>	<INS:ME:ALU>	INS	279	PASS	0.000625	INFO_AF	NA18875	NA18874	NA18873	0/1	0/0	0/0	1	999	999
chr6	54301279	54301330	HGSV_94495	N	<INS:ME:ALU>	<INS:ME:ALU>	INS	281	PASS	0.000156	INFO_AF	HG02723	HG02721	HG02722	0/1	0/0	0/0	1	999	999
chr6	65553717	65553731	HGSV_95186	N	<INS:ME:ALU>	<INS:ME:ALU>	INS	280	PASS	0.000937	INFO_AF	NA19258	NA19256	NA19257	0/1	0/0	0/0	1	999	999
chr6	67907262	67907304	HGSV_95428	N	<INS:ME:ALU>	<INS:ME:ALU>	INS	280	PASS	0.002185	INFO_AF	HG00703	HG00701	HG00702	0/1	0/0	0/0	1	999	999
chr6	71594940	71594977	HGSV_95761	N	<INS:ME:ALU>	<INS:ME:ALU>	INS	281	PASS	0.007181	INFO_AF	HG03269	HG03268	HG03267	0/1	0/0	0/0	1	999	999
chr6	74048968	74049009	HGSV_95973	N	<INS>	<INS>	INS	325	PASS	0.009225	INFO_AF	NA19100	NA19098	NA19099	0/1	0/0	0/0	113	999	999
chr6	75069784	75069835	HGSV_96090	N	<INS:ME:ALU>	<INS:ME:ALU>	INS	280	PASS	0.002031	INFO_AF	NA07349	NA07347	NA07346	0/1	0/0	0/0	1	999	999
chr6	75069784	75069835	HGSV_96090	N	<INS:ME:ALU>	<INS:ME:ALU>	INS	280	PASS	0.002031	INFO_AF	NA19659	NA19658	NA19657	0/1	0/0	0/0	1	999	999
chr6	75296680	75296686	HGSV_96101	N	<INS>	<INS>	INS	235	PASS	0.002971	INFO_AF	HG03134	HG03133	HG03132	0/1	0/0	0/0	1	999	999
chr6	75296680	75296686	HGSV_96101	N	<INS>	<INS>	INS	235	PASS	0.002971	INFO_AF	NA19836	NA19834	NA19835	0/1	0/0	0/0	1	999	999
chr6	75396062	75396113	HGSV_96109	N	<INS:ME:ALU>	<INS:ME:ALU>	INS	280	PASS	0.008586	INFO_AF	HG02584	HG02582	HG02583	0/1	0/0	0/0	1	999	999
chr6	80056954	80057005	HGSV_96513	N	<INS:ME:ALU>	<INS:ME:ALU>	INS	92	PASS	0.004864	INFO_AF	HG02821	HG02819	HG02820	0/1	0/0	0/0	1	999	999
chr6	80432009	80432060	HGSV_96535	N	<INS:ME:ALU>	<INS:ME:ALU>	INS	196	PASS	0.009366	INFO_AF	HG02287	HG02285	HG02286	0/1	0/0	0/0	1	999	999
chr6	80746261	80746262	HGSV_96569	N	<INS>	<INS>	INS	51	PASS	0.008128	INFO_AF	HG02897	HG02895	HG02896	0/1	0/0	0/0	41	999	999
chr6	81098404	81098455	HGSV_96605	N	<INS:ME:ALU>	<INS:ME:ALU>	INS	280	PASS	0.009522	INFO_AF	NA18875	NA18874	NA18873	0/1	0/0	0/0	1	999	999
chr6	81323231	81323282	HGSV_96631	N	<INS>	<INS>	INS	79	PASS	0.003914	INFO_AF	NA18935	NA18934	NA18933	0/1	0/0	0/0	52	999	999
chr6	82545380	82545431	HGSV_96719	N	<INS:ME:ALU>	<INS:ME:ALU>	INS	279	PASS	0.004545	INFO_AF	HG02856	HG02854	HG02855	0/1	0/0	0/0	1	999	999
chr6	82545380	82545431	HGSV_96719	N	<INS:ME:ALU>	<INS:ME:ALU>	INS	279	PASS	0.004545	INFO_AF	HG03344	HG03343	HG03342	0/1	0/0	0/0	163	999	999
chr6	84846573	84846624	HGSV_96903	N	<INS:ME:ALU>	<INS:ME:ALU>	INS	261	PASS	0.001406	INFO_AF	HG03272	HG03271	HG03270	0/1	0/0	0/0	1	999	999
chr6	85676927	85676978	HGSV_96977	N	<INS:ME:ALU>	<INS:ME:ALU>	INS	279	PASS	0.000469	INFO_AF	HG03453	HG03451	HG03452	0/1	0/0	0/0	1	999	999
chr6	90296344	90296344	HGSV_97350	N	<INS>	<INS>	INS	282	PASS	0.000156	INFO_AF	HG02030	HG02032	HG02031	0/1	0/0	0/0	.	.	.
chr6	91170831	91170882	HGSV_97421	N	<INS:ME:ALU>	<INS:ME:ALU>	INS	258	PASS	0.002187	INFO_AF	HG04228	HG04229	HG04227	0/1	0/0	0/0	1	999	999
chr6	91769894	91769945	HGSV_97472	N	<INS:ME:ALU>	<INS:ME:ALU>	INS	280	PASS	0.004215	INFO_AF	HG02686	HG02684	HG02685	0/1	0/0	0/0	1	999	999
chr6	91769894	91769945	HGSV_97472	N	<INS:ME:ALU>	<INS:ME:ALU>	INS	280	PASS	0.004215	INFO_AF	HG02735	HG02733	HG02734	0/1	0/0	0/0	1	999	999
chr6	93926804	93926840	HGSV_97651	N	<INS>	<INS>	INS	341	PASS	0.008292	INFO_AF	HG03047	HG03045	HG03046	0/1	0/0	0/0	1	999	999
chr6	94230252	94230301	HGSV_97689	N	<INS:ME:ALU>	<INS:ME:ALU>	INS	103	PASS	0.00843	INFO_AF	HG03098	HG03096	HG03097	0/1	0/0	0/0	515	999	999
chr6	94230252	94230301	HGSV_97689	N	<INS:ME:ALU>	<INS:ME:ALU>	INS	103	PASS	0.00843	INFO_AF	NA18914	NA18913	NA18912	0/1	0/0	0/0	1	999	999
chr6	94230252	94230301	HGSV_97689	N	<INS:ME:ALU>	<INS:ME:ALU>	INS	103	PASS	0.00843	INFO_AF	NA19100	NA19098	NA19099	0/1	0/0	0/0	1	999	999
chr6	94534929	94534966	HGSV_97717	N	<INS>	<INS>	INS	317	PASS	0.008742	INFO_AF	HG03050	HG03048	HG03049	0/1	0/0	0/0	1	999	999
chr6	96219109	96219160	HGSV_97885	N	<INS:ME:ALU>	<INS:ME:ALU>	INS	278	PASS	0.004702	INFO_AF	HG03131	HG03130	HG03129	0/1	0/0	0/0	263	999	999
chr6	97264388	97264409	HGSV_97964	N	<INS>	<INS>	INS	331	PASS	0.003279	INFO_AF	HG03110	HG03109	HG03108	0/1	0/0	0/0	1	999	999
chr6	97264388	97264409	HGSV_97964	N	<INS>	<INS>	INS	331	PASS	0.003279	INFO_AF	NA19151	NA19150	NA19149	0/1	0/0	0/0	1	999	999
chr6	98163509	98163560	HGSV_98029	N	<INS:ME:ALU>	<INS:ME:ALU>	INS	280	PASS	0.004527	INFO_AF	HG01895	HG01912	HG01894	0/1	0/0	0/0	1	999	999
chr6	98466932	98466936	HGSV_98060	N	<INS:ME:LINE1>	<INS:ME:LINE1>	INS	60	PASS	0.00453	INFO_AF	HG03041	HG03039	HG03040	0/1	0/0	0/0	475	999	999
chr6	100643838	100643876	HGSV_98197	N	<INS>	<INS>	INS	93	PASS	0.006244	INFO_AF	NA19221	NA19223	NA19222	0/1	0/0	0/0	1	999	999
chr6	102281627	102281665	HGSV_98352	N	<INS:ME:ALU>	<INS:ME:ALU>	INS	280	PASS	0.007116	INFO_AF	HG03041	HG03039	HG03040	0/1	0/0	0/0	1	999	999
chr6	104357441	104357492	HGSV_98553	N	<INS:ME:ALU>	<INS:ME:ALU>	INS	281	PASS	0.000312	INFO_AF	NA19775	NA19774	NA19773	0/1	0/0	0/0	1	999	999
chr6	111828587	111828603	HGSV_99175	N	<INS>	<INS>	INS	281	PASS	0.007181	INFO_AF	HG01514	HG01512	HG01513	0/1	0/0	0/0	1	999	999
chr6	111828587	111828638	HGSV_99176	N	<INS>	<INS>	INS	281	PASS	0.006565	INFO_AF	HG01514	HG01512	HG01513	0/1	0/0	0/0	1	999	999
chr6	113038245	113038296	HGSV_99275	N	<INS:ME:ALU>	<INS:ME:ALU>	INS	281	PASS	0.005977	INFO_AF	HG03170	HG03169	HG03168	0/1	0/0	0/0	1	999	999
chr6	113038245	113038296	HGSV_99275	N	<INS:ME:ALU>	<INS:ME:ALU>	INS	281	PASS	0.005977	INFO_AF	NA18503	NA18504	NA18505	0/1	0/0	0/0	418	999	999
chr6	113623252	113623303	HGSV_99318	N	<INS:ME:ALU>	<INS:ME:ALU>	INS	189	PASS	0.000312	INFO_AF	HG03041	HG03039	HG03040	0/1	0/0	0/0	1	999	999
chr6	114856450	114856501	HGSV_99404	N	<INS:ME:ALU>	<INS:ME:ALU>	INS	281	PASS	0.001093	INFO_AF	HG02812	HG02810	HG02811	0/1	0/0	0/0	1	999	999
chr6	115906053	115906104	HGSV_99503	N	<INS:ME:ALU>	<INS:ME:ALU>	INS	279	PASS	0.005179	INFO_AF	HG01493	HG01491	HG01492	0/1	0/0	0/0	1	999	999
chr6	115906053	115906104	HGSV_99503	N	<INS:ME:ALU>	<INS:ME:ALU>	INS	279	PASS	0.005179	INFO_AF	HG03368	HG03367	HG03366	0/1	0/0	0/0	1	999	999
chr6	116135866	116135898	HGSV_99521	N	<INS>	<INS>	INS	62	PASS	0.003136	INFO_AF	NA19139	NA19138	NA19137	0/1	0/0	0/0	1	999	999
chr6	116566230	116566243	HGSV_99551	N	<INS:ME:ALU>	<INS:ME:ALU>	INS	281	PASS	0.002185	INFO_AF	HG03239	HG03237	HG03238	0/1	0/0	0/0	1	999	999
chr6	121003376	121003424	HGSV_99929	N	<INS>	<INS>	INS	318	PASS	0.003903	INFO_AF	HG02717	HG02715	HG02716	0/1	0/0	0/0	1	999	999
chr6	124028733	124028758	HGSV_100195	N	<INS>	<INS>	INS	54	PASS	0.008238	INFO_AF	HG02466	HG02464	HG02465	0/1	0/0	0/0	1	999	999
chr6	124028733	124028758	HGSV_100195	N	<INS>	<INS>	INS	54	PASS	0.008238	INFO_AF	HG03035	HG03033	HG03034	0/1	0/0	0/0	99	999	999
chr6	124028733	124028758	HGSV_100195	N	<INS>	<INS>	INS	54	PASS	0.008238	INFO_AF	HG03272	HG03271	HG03270	0/1	0/0	0/0	1	999	999
chr6	124028733	124028758	HGSV_100195	N	<INS>	<INS>	INS	54	PASS	0.008238	INFO_AF	NA19215	NA19213	NA19214	0/1	0/0	0/0	1	999	999
chr6	124028733	124028758	HGSV_100195	N	<INS>	<INS>	INS	54	PASS	0.008238	INFO_AF	NA19249	NA19248	NA19247	0/1	0/0	0/0	1	999	999
chr6	126361719	126361756	HGSV_100390	N	<INS>	<INS>	INS	320	PASS	0.004527	INFO_AF	HG03456	HG03454	HG03455	0/1	0/0	0/0	1	999	999
chr6	128012980	128013031	HGSV_100506	N	<INS:ME:ALU>	<INS:ME:ALU>	INS	279	PASS	0.007961	INFO_AF	HG01103	HG01101	HG01102	0/1	0/0	0/0	1	999	999
chr6	128464818	128464868	HGSV_100539	N	<INS>	<INS>	INS	299	PASS	0.005939	INFO_AF	NA07348	NA07357	NA07345	0/1	0/0	0/0	1	999	999
chr6	128464818	128464868	HGSV_100539	N	<INS>	<INS>	INS	299	PASS	0.005939	INFO_AF	NA10865	NA11891	NA11892	0/1	0/0	0/0	1	999	999
chr6	129411704	129411755	HGSV_100604	N	<INS:ME:ALU>	<INS:ME:ALU>	INS	280	PASS	0.006712	INFO_AF	HG03050	HG03048	HG03049	0/1	0/0	0/0	1	999	999
chr6	131103607	131103658	HGSV_100746	N	<INS:ME:ALU>	<INS:ME:ALU>	INS	280	PASS	0.006281	INFO_AF	HG02853	HG02851	HG02852	0/1	0/0	0/0	1	999	999
chr6	132095329	132095380	HGSV_100853	N	<INS:ME:ALU>	<INS:ME:ALU>	INS	281	PASS	0.000937	INFO_AF	NA18925	NA18923	NA18924	0/1	0/0	0/0	1	999	999
chr6	132514128	132514179	HGSV_100886	N	<INS:ME:ALU>	<INS:ME:ALU>	INS	279	PASS	0.005464	INFO_AF	HG03113	HG03112	HG03111	0/1	0/0	0/0	1	999	999
chr6	133876978	133877029	HGSV_100992	N	<INS:ME:ALU>	<INS:ME:ALU>	INS	280	PASS	0.007538	INFO_AF	HG02975	HG02973	HG02974	0/1	0/0	0/0	163	999	999
chr6	134222727	134222778	HGSV_101020	N	<INS:ME:ALU>	<INS:ME:ALU>	INS	277	PASS	0.000468	INFO_AF	HG01376	HG01374	HG01375	0/1	0/0	0/0	1	999	999
chr6	134316216	134316267	HGSV_101028	N	<INS:ME:ALU>	<INS:ME:ALU>	INS	280	PASS	0.000156	INFO_AF	HG00429	HG00427	HG00428	0/1	0/0	0/0	1	999	999
chr6	136528896	136528947	HGSV_101164	N	<INS:ME:ALU>	<INS:ME:ALU>	INS	280	PASS	0.006556	INFO_AF	HG03453	HG03451	HG03452	0/1	0/0	0/0	1	999	999
chr6	136704079	136704130	HGSV_101184	N	<INS:ME:ALU>	<INS:ME:ALU>	INS	281	PASS	0.003592	INFO_AF	HG02800	HG02798	HG02799	0/1	0/0	0/0	1	999	999
chr6	137263567	137263593	HGSV_101235	N	<INS>	<INS>	INS	56	PASS	0.003122	INFO_AF	HG02316	HG02317	HG02318	0/1	0/0	0/0	475	999	999
chr6	138376390	138376441	HGSV_101303	N	<INS:ME:ALU>	<INS:ME:ALU>	INS	279	PASS	0.005331	INFO_AF	HG03310	HG03311	HG03309	0/1	0/0	0/0	1	999	999
chr6	138376390	138376441	HGSV_101303	N	<INS:ME:ALU>	<INS:ME:ALU>	INS	279	PASS	0.005331	INFO_AF	NA19120	NA19119	NA19116	0/1	0/0	0/0	1	999	999
chr6	138652755	138652772	HGSV_101318	N	<INS:ME:SVA>	<INS:ME:SVA>	INS	1240	PASS	0.002654	INFO_AF	HG01984	HG01982	HG01983	0/1	0/0	0/0	1	999	999
chr6	138827574	138827611	HGSV_101331	N	<INS>	<INS>	INS	322	PASS	0.003903	INFO_AF	HG02495	HG02493	HG02494	0/1	0/0	0/0	1	999	999
chr6	138827574	138827611	HGSV_101331	N	<INS>	<INS>	INS	322	PASS	0.003903	INFO_AF	NA06995	NA07435	NA07037	0/1	0/0	0/0	156	999	999
chr6	139318500	139318551	HGSV_101371	N	<INS:ME:ALU>	<INS:ME:ALU>	INS	280	PASS	0.00562	INFO_AF	NA19202	NA19200	NA19201	0/1	0/0	0/0	1	999	999
chr6	139351986	139352037	HGSV_101375	N	<INS:ME:ALU>	<INS:ME:ALU>	INS	280	PASS	0.000156	INFO_AF	NA19215	NA19213	NA19214	0/1	0/0	0/0	1	999	999
chr6	143372361	143372369	HGSV_101713	N	<INS>	<INS>	INS	97	PASS	0.002813	INFO_AF	HG00652	HG00650	HG00651	0/1	0/0	0/0	1	999	999
chr6	143372361	143372369	HGSV_101713	N	<INS>	<INS>	INS	97	PASS	0.002813	INFO_AF	HG00664	HG00662	HG00663	0/1	0/0	0/0	1	999	999
chr6	147057284	147057335	HGSV_101978	N	<INS:ME:ALU>	<INS:ME:ALU>	INS	113	PASS	0.002822	INFO_AF	HG03310	HG03311	HG03309	0/1	0/0	0/0	1	999	999
chr6	147837970	147838021	HGSV_102035	N	<INS:ME:ALU>	<INS:ME:ALU>	INS	281	PASS	0.001563	INFO_AF	HG03029	HG03027	HG03028	0/1	0/0	0/0	1	999	999
chr6	152731235	152731286	HGSV_102468	N	<INS:ME:ALU>	<INS:ME:ALU>	INS	280	PASS	0.006088	INFO_AF	NA19132	NA19130	NA19131	0/1	0/0	0/0	1	999	999
chr6	152731235	152731286	HGSV_102468	N	<INS:ME:ALU>	<INS:ME:ALU>	INS	280	PASS	0.006088	INFO_AF	NA19145	NA19144	NA19143	0/1	0/0	0/0	1	999	999
chr6	157180292	157180343	HGSV_102843	N	<INS:ME:ALU>	<INS:ME:ALU>	INS	281	PASS	0.002034	INFO_AF	HG03576	HG03574	HG03575	0/1	0/0	0/0	1	999	999
chr6	157774238	157774286	HGSV_102900	N	<INS>	<INS>	INS	56	PASS	0.007181	INFO_AF	HG00477	HG00475	HG00476	0/1	0/0	0/0	1	999	999
chr6	157774238	157774286	HGSV_102900	N	<INS>	<INS>	INS	56	PASS	0.007181	INFO_AF	HG02590	HG02588	HG02589	0/1	0/0	0/0	1	999	999
chr6	157774238	157774286	HGSV_102900	N	<INS>	<INS>	INS	56	PASS	0.007181	INFO_AF	HG04160	HG04158	HG04159	0/1	0/0	0/0	1	999	999
chr6	157774238	157774286	HGSV_102900	N	<INS>	<INS>	INS	56	PASS	0.007181	INFO_AF	NA19145	NA19144	NA19143	0/1	0/0	0/0	1	999	999
chr6	159529625	159529675	HGSV_103083	N	<INS>	<INS>	INS	325	PASS	0.00359	INFO_AF	HG01367	HG01365	HG01366	0/1	0/0	0/0	1	999	999
chr6	159529625	159529675	HGSV_103083	N	<INS>	<INS>	INS	325	PASS	0.00359	INFO_AF	HG02883	HG02881	HG02882	0/1	0/0	0/0	208	999	999
chr6	160012759	160012775	HGSV_103131	N	<INS>	<INS>	INS	56	PASS	0.008001	INFO_AF	HG02584	HG02582	HG02583	0/1	0/0	0/0	1	999	999
chr6	160012759	160012775	HGSV_103131	N	<INS>	<INS>	INS	56	PASS	0.008001	INFO_AF	HG02590	HG02588	HG02589	0/1	0/0	0/0	1	999	999
chr6	162450414	162450446	HGSV_103412	N	<INS>	<INS>	INS	88	PASS	0.004247	INFO_AF	HG02636	HG02634	HG02635	0/1	0/0	0/0	1	999	999
chr6	162450414	162450446	HGSV_103412	N	<INS>	<INS>	INS	88	PASS	0.004247	INFO_AF	NA18484	NA18486	NA18488	0/1	0/0	0/0	1	999	999
chr6	162457576	162457627	HGSV_103414	N	<INS:ME:ALU>	<INS:ME:ALU>	INS	281	PASS	0.006244	INFO_AF	HG02975	HG02973	HG02974	0/1	0/0	0/0	1	999	999
chr6	165157480	165157484	HGSV_103643	N	<INS:ME:ALU>	<INS:ME:ALU>	INS	280	PASS	0.001094	INFO_AF	HG02880	HG02878	HG02879	0/1	0/0	0/0	1	999	999
chr6	166930620	166930642	HGSV_103786	N	<INS>	<INS>	INS	54	PASS	0.000938	INFO_AF	HG02630	HG02628	HG02629	0/1	0/0	0/0	52	999	999
chr6	167131012	167131023	HGSV_103800	N	<INS>	<INS>	INS	86	PASS	0.008202	INFO_AF	HG01755	HG01756	HG01757	0/1	0/0	0/0	1	999	999
chr6	167131012	167131023	HGSV_103800	N	<INS>	<INS>	INS	86	PASS	0.008202	INFO_AF	HG02680	HG02678	HG02679	0/1	0/0	0/0	1	999	999
chr6	167131012	167131023	HGSV_103800	N	<INS>	<INS>	INS	86	PASS	0.008202	INFO_AF	HG02841	HG02839	HG02840	0/1	0/0	0/0	1	999	999
chr6	167131012	167131023	HGSV_103800	N	<INS>	<INS>	INS	86	PASS	0.008202	INFO_AF	HG02856	HG02854	HG02855	0/1	0/0	0/0	1	999	999
chr6	167131012	167131023	HGSV_103800	N	<INS>	<INS>	INS	86	PASS	0.008202	INFO_AF	HG02954	HG02953	HG02952	0/1	0/0	0/0	41	999	999
chr6	167131012	167131023	HGSV_103800	N	<INS>	<INS>	INS	86	PASS	0.008202	INFO_AF	HG03170	HG03169	HG03168	0/1	0/0	0/0	1	999	999
chr6	167131012	167131023	HGSV_103800	N	<INS>	<INS>	INS	86	PASS	0.008202	INFO_AF	HG03299	HG03298	HG03297	0/1	0/0	0/0	1	999	999
chr6	167131012	167131023	HGSV_103800	N	<INS>	<INS>	INS	86	PASS	0.008202	INFO_AF	NA18515	NA18516	NA18517	0/1	0/0	0/0	1	999	999
chr6	167131012	167131023	HGSV_103800	N	<INS>	<INS>	INS	86	PASS	0.008202	INFO_AF	NA19173	NA19171	NA19172	0/1	0/0	0/0	1	999	999
chr7	401734	401785	HGSV_104403	N	<INS:ME:ALU>	<INS:ME:ALU>	INS	281	PASS	0.000937	INFO_AF	HG02316	HG02317	HG02318	0/1	0/0	0/0	1	999	999
chr7	566395	566423	HGSV_104459	N	<INS>	<INS>	INS	81	PASS	0.002498	INFO_AF	HG02237	HG02236	HG02235	0/1	0/0	0/0	1	999	999
chr7	566395	566423	HGSV_104459	N	<INS>	<INS>	INS	81	PASS	0.002498	INFO_AF	HG03056	HG03054	HG03055	0/1	0/0	0/0	1	999	999
chr7	566395	566423	HGSV_104459	N	<INS>	<INS>	INS	81	PASS	0.002498	INFO_AF	HG03492	HG03490	HG03491	0/1	0/0	0/0	1	999	999
chr7	1089951	1089971	HGSV_104546	N	<INS>	<INS>	INS	207	PASS	0.00125	INFO_AF	HG02897	HG02895	HG02896	0/1	0/0	0/0	1	999	999
chr7	1089951	1089971	HGSV_104546	N	<INS>	<INS>	INS	207	PASS	0.00125	INFO_AF	NA19120	NA19119	NA19116	0/1	0/0	0/0	1	999	999
chr7	6241602	6241653	HGSV_105323	N	<INS:ME:ALU>	<INS:ME:ALU>	INS	280	PASS	0.003282	INFO_AF	HG01087	HG01085	HG01086	0/1	0/0	0/0	1	999	999
chr7	7474082	7474121	HGSV_105501	N	<INS>	<INS>	INS	61	PASS	0.003434	INFO_AF	HG00502	HG00500	HG00501	0/1	0/0	0/0	1	999	999
chr7	7575916	7575967	HGSV_105515	N	<INS:ME:ALU>	<INS:ME:ALU>	INS	280	PASS	0.004692	INFO_AF	HG02015	HG02017	HG02016	0/1	0/0	0/0	1	999	999
chr7	10548690	10548741	HGSV_105845	N	<INS:ME:ALU>	<INS:ME:ALU>	INS	278	PASS	0.003285	INFO_AF	HG01189	HG01187	HG01188	0/1	0/0	0/0	1	999	999
chr7	11109433	11109450	HGSV_105890	N	<INS:ME:ALU>	<INS:ME:ALU>	INS	281	PASS	0.008273	INFO_AF	HG01084	HG01082	HG01083	0/1	0/0	0/0	1	999	999
chr7	11839588	11839639	HGSV_105961	N	<INS:ME:ALU>	<INS:ME:ALU>	INS	280	PASS	0.00407	INFO_AF	HG02523	HG02521	HG02522	0/1	0/0	0/0	1	999	999
chr7	12685535	12685586	HGSV_106058	N	<INS:ME:LINE1>	<INS:ME:LINE1>	INS	984	PASS	0.009937	INFO_AF	HG01273	HG01271	HG01272	0/1	0/0	0/0	973	999	999
chr7	14206955	14207006	HGSV_106211	N	<INS:ME:ALU>	<INS:ME:ALU>	INS	281	PASS	0.002656	INFO_AF	HG02897	HG02895	HG02896	0/1	0/0	0/0	1	999	999
chr7	14461334	14461375	HGSV_106240	N	<INS>	<INS>	INS	52	PASS	0.007805	INFO_AF	NA18911	NA18910	NA18909	0/1	0/0	0/0	1	999	999
chr7	14878902	14878951	HGSV_106281	N	<INS>	<INS>	INS	71	PASS	0.004864	INFO_AF	NA19132	NA19130	NA19131	0/1	0/0	0/0	1	999	999
chr7	14954288	14954339	HGSV_106286	N	<INS:ME:ALU>	<INS:ME:ALU>	INS	281	PASS	0.000156	INFO_AF	HG02575	HG02573	HG02574	0/1	0/0	0/0	1	999	999
chr7	15166195	15166246	HGSV_106315	N	<INS:ME:ALU>	<INS:ME:ALU>	INS	279	PASS	0.008742	INFO_AF	HG03131	HG03130	HG03129	0/1	0/0	0/0	1	999	999
chr7	15166195	15166246	HGSV_106315	N	<INS:ME:ALU>	<INS:ME:ALU>	INS	279	PASS	0.008742	INFO_AF	NA18863	NA18862	NA18861	0/1	0/0	0/0	1	999	999
chr7	15166195	15166209	HGSV_106317	N	<INS>	<INS>	INS	316	PASS	0.008588	INFO_AF	HG03131	HG03130	HG03129	0/1	0/0	0/0	1	999	999
chr7	15166195	15166209	HGSV_106317	N	<INS>	<INS>	INS	316	PASS	0.008588	INFO_AF	NA18863	NA18862	NA18861	0/1	0/0	0/0	1	999	999
chr7	17813121	17813172	HGSV_106578	N	<INS:ME:ALU>	<INS:ME:ALU>	INS	281	PASS	0.000468	INFO_AF	NA18935	NA18934	NA18933	0/1	0/0	0/0	1	999	999
chr7	19281021	19281072	HGSV_106689	N	<INS:ME:ALU>	<INS:ME:ALU>	INS	251	PASS	0.000312	INFO_AF	HG02015	HG02017	HG02016	0/1	0/0	0/0	1	999	999
chr7	21789505	21789556	HGSV_106889	N	<INS:ME:ALU>	<INS:ME:ALU>	INS	277	PASS	0.001717	INFO_AF	HG02129	HG02131	HG02130	0/1	0/0	0/0	1	999	999
chr7	22653244	22653280	HGSV_106963	N	<INS>	<INS>	INS	118	PASS	0.003123	INFO_AF	HG03116	HG03115	HG03114	0/1	0/0	0/0	1	999	999
chr7	24379672	24379705	HGSV_107142	N	<INS:ME:ALU>	<INS:ME:ALU>	INS	280	PASS	0.007025	INFO_AF	NA19097	NA19096	NA19095	0/1	0/0	0/0	1	999	999
chr7	25191656	25191707	HGSV_107219	N	<INS:ME:ALU>	<INS:ME:ALU>	INS	279	PASS	0.002032	INFO_AF	HG03816	HG03815	HG03814	0/1	0/0	0/0	1	999	999
chr7	28343540	28343542	HGSV_107489	N	<INS:ME:ALU>	<INS:ME:ALU>	INS	280	PASS	0.007337	INFO_AF	HG03047	HG03045	HG03046	0/1	0/0	0/0	1	999	999
chr7	28910945	28910996	HGSV_107525	N	<INS:ME:ALU>	<INS:ME:ALU>	INS	281	PASS	0.009684	INFO_AF	NA19249	NA19248	NA19247	0/1	0/0	0/0	1	999	999
chr7	33243936	33243952	HGSV_107879	N	<INS:ME:ALU>	<INS:ME:ALU>	INS	254	PASS	0.000468	INFO_AF	HG02466	HG02464	HG02465	0/1	0/0	0/0	1	999	999
chr7	33243936	33243952	HGSV_107879	N	<INS:ME:ALU>	<INS:ME:ALU>	INS	254	PASS	0.000468	INFO_AF	HG02821	HG02819	HG02820	0/1	0/0	0/0	1	999	999
chr7	40890330	40890379	HGSV_108497	N	<INS>	<INS>	INS	69	PASS	0.009573	INFO_AF	HG01952	HG01950	HG01951	0/1	0/0	0/0	1	999	999
chr7	40890330	40890379	HGSV_108497	N	<INS>	<INS>	INS	69	PASS	0.009573	INFO_AF	HG01975	HG01974	HG01973	0/1	0/0	0/0	1	999	999
chr7	42275822	42275873	HGSV_108595	N	<INS:ME:ALU>	<INS:ME:ALU>	INS	204	PASS	0.002509	INFO_AF	HG02821	HG02819	HG02820	0/1	0/0	0/0	1	999	999
chr7	44776678	44776694	HGSV_108813	N	<INS>	<INS>	INS	326	PASS	0.000156	INFO_AF	NA18518	NA18519	NA18520	0/1	0/0	0/0	1	999	999
chr7	46563562	46563613	HGSV_108976	N	<INS:ME:ALU>	<INS:ME:ALU>	INS	281	PASS	0.000312	INFO_AF	HG02889	HG02887	HG02888	0/1	0/0	0/0	1	999	999
chr7	46788096	46788103	HGSV_109001	N	<INS>	<INS>	INS	303	PASS	0.005621	INFO_AF	HG02590	HG02588	HG02589	0/1	0/0	0/0	1	999	999
chr7	48960415	48960466	HGSV_109186	N	<INS:ME:ALU>	<INS:ME:ALU>	INS	281	PASS	0.008742	INFO_AF	NA18925	NA18923	NA18924	0/1	0/0	0/0	1	999	999
chr7	50060234	50060285	HGSV_109288	N	<INS:ME:ALU>	<INS:ME:ALU>	INS	280	PASS	0.005155	INFO_AF	HG02316	HG02317	HG02318	0/1	0/0	0/0	1	999	999
chr7	51873289	51873340	HGSV_109425	N	<INS:ME:ALU>	<INS:ME:ALU>	INS	280	PASS	0.002656	INFO_AF	NA19145	NA19144	NA19143	0/1	0/0	0/0	1	999	999
chr7	51911177	51911228	HGSV_109430	N	<INS:ME:LINE1>	<INS:ME:LINE1>	INS	6007	PASS	0.002972	INFO_AF	HG02647	HG02645	HG02646	0/1	0/0	0/0	1	999	999
chr7	51911177	51911228	HGSV_109430	N	<INS:ME:LINE1>	<INS:ME:LINE1>	INS	6007	PASS	0.002972	INFO_AF	HG03047	HG03045	HG03046	0/1	0/0	0/0	1	999	999
chr7	53371698	53371749	HGSV_109600	N	<INS:ME:ALU>	<INS:ME:ALU>	INS	281	PASS	0.000156	INFO_AF	NA19115	NA19113	NA19114	0/1	0/0	0/0	1	999	999
chr7	56084773	56084824	HGSV_109849	N	<INS:ME:ALU>	<INS:ME:ALU>	INS	261	PASS	0.00125	INFO_AF	HG02815	HG02813	HG02814	0/1	0/0	0/0	1	999	999
chr7	56211164	56211203	HGSV_109871	N	<INS>	<INS>	INS	296	PASS	0.000156	INFO_AF	HG04115	HG03896	HG03894	0/1	0/0	0/0	95	999	999
chr7	56811884	56811884	HGSV_109965	N	<INS>	<INS>	INS	149	PASS	0.000636	INFO_AF	NA19249	NA19248	NA19247	0/1	0/0	0/0	.	.	.
chr7	58207616	58207616	HGSV_110284	N	<INS>	<INS>	INS	340	PASS	0.005965	INFO_AF	HG02451	HG02449	HG02450	0/1	0/0	0/0	.	.	.
chr7	58207616	58207616	HGSV_110284	N	<INS>	<INS>	INS	340	PASS	0.005965	INFO_AF	NA18518	NA18519	NA18520	0/1	0/0	0/0	.	.	.
chr7	59146091	59146091	HGSV_110285	N	<INS>	<INS>	INS	339	PASS	0.002402	INFO_AF	NA18875	NA18874	NA18873	0/1	0/0	0/0	.	.	.
chr7	62359645	62359689	HGSV_110403	N	<INS>	<INS>	INS	575	PASS	0.002498	INFO_AF	HG03134	HG03133	HG03132	0/1	0/0	0/0	646	999	999
chr7	64068207	64068258	HGSV_110827	N	<INS:ME:ALU>	<INS:ME:ALU>	INS	281	PASS	0.006556	INFO_AF	HG01141	HG01139	HG01140	0/1	0/0	0/0	1	999	999
chr7	64577894	64577931	HGSV_110883	N	<INS:ME:ALU>	<INS:ME:ALU>	INS	273	PASS	0.008117	INFO_AF	HG03251	HG03249	HG03250	0/1	0/0	0/0	1	999	999
chr7	64596944	64596995	HGSV_110886	N	<INS:ME:ALU>	<INS:ME:ALU>	INS	280	PASS	0.000156	INFO_AF	HG01604	HG01606	HG01605	0/1	0/0	0/0	1	999	999
chr7	65123258	65123288	HGSV_110968	N	<INS>	<INS>	INS	63	PASS	0.000312	INFO_AF	HG01763	HG01761	HG01762	0/1	0/0	0/0	1	999	999
chr7	65158710	65158747	HGSV_110979	N	<INS>	<INS>	INS	322	PASS	0.00768	INFO_AF	HG03305	HG03304	HG03303	0/1	0/0	0/0	1	999	999
chr7	65158710	65158747	HGSV_110979	N	<INS>	<INS>	INS	322	PASS	0.00768	INFO_AF	NA19145	NA19144	NA19143	0/1	0/0	0/0	365	999	999
chr7	65572794	65572804	HGSV_111031	N	<INS>	<INS>	INS	64	PASS	0.001251	INFO_AF	NA12878	NA12891	NA12892	0/1	0/0	0/0	1	999	999
chr7	65777718	65777733	HGSV_111069	N	<INS>	<INS>	INS	312	PASS	0.003135	INFO_AF	HG02615	HG02613	HG02614	0/1	0/0	0/0	1	999	999
chr7	65777718	65777733	HGSV_111069	N	<INS>	<INS>	INS	312	PASS	0.003135	INFO_AF	HG03305	HG03304	HG03303	0/1	0/0	0/0	1	999	999
chr7	65777718	65777733	HGSV_111069	N	<INS>	<INS>	INS	312	PASS	0.003135	INFO_AF	NA19123	NA19121	NA19122	0/1	0/0	0/0	1	999	999
chr7	68452057	68452103	HGSV_111410	N	<INS>	<INS>	INS	174	PASS	0.003608	INFO_AF	HG02704	HG02702	HG02703	0/1	0/0	0/0	1	999	999
chr7	68452057	68452103	HGSV_111410	N	<INS>	<INS>	INS	174	PASS	0.003608	INFO_AF	NA19191	NA19189	NA19190	0/1	0/0	0/0	1	999	999
chr7	69004963	69004970	HGSV_111463	N	<INS:ME:ALU>	<INS:ME:ALU>	INS	231	PASS	0.007224	INFO_AF	HG02563	HG02561	HG02562	0/1	0/0	0/0	1	999	999
chr7	69004963	69004970	HGSV_111463	N	<INS:ME:ALU>	<INS:ME:ALU>	INS	231	PASS	0.007224	INFO_AF	HG03047	HG03045	HG03046	0/1	0/0	0/0	1	999	999
chr7	69004963	69004970	HGSV_111463	N	<INS:ME:ALU>	<INS:ME:ALU>	INS	231	PASS	0.007224	INFO_AF	HG03260	HG03258	HG03259	0/1	0/0	0/0	1	999	999
chr7	69004963	69004970	HGSV_111463	N	<INS:ME:ALU>	<INS:ME:ALU>	INS	231	PASS	0.007224	INFO_AF	HG03456	HG03454	HG03455	0/1	0/0	0/0	1	999	999
chr7	70255816	70255867	HGSV_111558	N	<INS:ME:ALU>	<INS:ME:ALU>	INS	281	PASS	0.000156	INFO_AF	HG01538	HG01536	HG01537	0/1	0/0	0/0	1	999	999
chr7	70608773	70608824	HGSV_111586	N	<INS:ME:ALU>	<INS:ME:ALU>	INS	257	PASS	0.001719	INFO_AF	HG02625	HG02623	HG02624	0/1	0/0	0/0	1	999	999
chr7	71992061	71992112	HGSV_111730	N	<INS:ME:ALU>	<INS:ME:ALU>	INS	281	PASS	0.002966	INFO_AF	HG01433	HG01431	HG01432	0/1	0/0	0/0	1	999	999
chr7	72884591	72884616	HGSV_111833	N	<INS>	<INS>	INS	87	PASS	0.000625	INFO_AF	HG01258	HG01256	HG01257	0/1	0/0	0/0	1	999	999
chr7	79099158	79099161	HGSV_112503	N	<INS:ME:ALU>	<INS:ME:ALU>	INS	281	PASS	0.000624	INFO_AF	HG03134	HG03133	HG03132	0/1	0/0	0/0	1	999	999
chr7	79099158	79099161	HGSV_112503	N	<INS:ME:ALU>	<INS:ME:ALU>	INS	281	PASS	0.000624	INFO_AF	NA19983	NA19982	NA19713	0/1	0/0	0/0	1	999	999
chr7	82051435	82051450	HGSV_112769	N	<INS:ME:LINE1>	<INS:ME:LINE1>	INS	2997	PASS	0.002812	INFO_AF	HG02954	HG02953	HG02952	0/1	0/0	0/0	1	999	999
chr7	82982619	82982670	HGSV_112854	N	<INS:ME:ALU>	<INS:ME:ALU>	INS	281	PASS	0.005776	INFO_AF	NA18906	NA18877	NA18876	0/1	0/0	0/0	1	999	999
chr7	83903293	83903344	HGSV_112947	N	<INS:ME:ALU>	<INS:ME:ALU>	INS	280	PASS	0.005351	INFO_AF	HG00639	HG00637	HG00638	0/1	0/0	0/0	1	999	999
chr7	83903293	83903344	HGSV_112947	N	<INS:ME:ALU>	<INS:ME:ALU>	INS	280	PASS	0.005351	INFO_AF	HG03041	HG03039	HG03040	0/1	0/0	0/0	366	999	999
chr7	83903293	83903344	HGSV_112947	N	<INS:ME:ALU>	<INS:ME:ALU>	INS	280	PASS	0.005351	INFO_AF	NA19828	NA19818	NA19819	0/1	0/0	0/0	1	999	999
chr7	85598338	85598389	HGSV_113113	N	<INS:ME:ALU>	<INS:ME:ALU>	INS	281	PASS	0.003434	INFO_AF	HG02463	HG02461	HG02462	0/1	0/0	0/0	1	999	999
chr7	85984978	85985029	HGSV_113150	N	<INS:ME:ALU>	<INS:ME:ALU>	INS	281	PASS	0.0055	INFO_AF	HG01084	HG01082	HG01083	0/1	0/0	0/0	1	999	999
chr7	87223100	87223151	HGSV_113244	N	<INS:ME:ALU>	<INS:ME:ALU>	INS	281	PASS	0.003903	INFO_AF	HG01919	HG01917	HG01918	0/1	0/0	0/0	1	999	999
chr7	90188146	90188191	HGSV_113467	N	<INS:ME:ALU>	<INS:ME:ALU>	INS	298	PASS	0.000156	INFO_AF	HG01898	HG01892	HG01893	0/1	0/0	0/0	1	999	999
chr7	91579572	91579623	HGSV_113570	N	<INS:ME:ALU>	<INS:ME:ALU>	INS	279	PASS	0.008813	INFO_AF	HG01677	HG01678	HG01676	0/1	0/0	0/0	1	999	999
chr7	91579572	91579623	HGSV_113570	N	<INS:ME:ALU>	<INS:ME:ALU>	INS	279	PASS	0.008813	INFO_AF	HG02237	HG02236	HG02235	0/1	0/0	0/0	1	999	999
chr7	92724880	92724931	HGSV_113648	N	<INS:ME:ALU>	<INS:ME:ALU>	INS	139	PASS	0.000625	INFO_AF	NA12335	NA12340	NA12341	0/1	0/0	0/0	1	999	999
chr7	94037004	94037055	HGSV_113744	N	<INS:ME:ALU>	<INS:ME:ALU>	INS	279	PASS	0.005158	INFO_AF	HG02761	HG02759	HG02760	0/1	0/0	0/0	1	999	999
chr7	96673422	96673458	HGSV_113925	N	<INS>	<INS>	INS	327	PASS	0.001874	INFO_AF	NA19115	NA19113	NA19114	0/1	0/0	0/0	1	999	999
chr7	96711773	96711824	HGSV_113928	N	<INS:ME:ALU>	<INS:ME:ALU>	INS	280	PASS	0.005009	INFO_AF	HG02723	HG02721	HG02722	0/1	0/0	0/0	1	999	999
chr7	96711773	96711824	HGSV_113928	N	<INS:ME:ALU>	<INS:ME:ALU>	INS	280	PASS	0.005009	INFO_AF	HG03197	HG03196	HG03195	0/1	0/0	0/0	1	999	999
chr7	96916231	96916282	HGSV_113943	N	<INS:ME:ALU>	<INS:ME:ALU>	INS	280	PASS	0.003903	INFO_AF	HG03453	HG03451	HG03452	0/1	0/0	0/0	1	999	999
chr7	100076147	100076198	HGSV_114246	N	<INS:ME:ALU>	<INS:ME:ALU>	INS	270	PASS	0.009991	INFO_AF	HG01703	HG01705	HG01704	0/1	0/0	0/0	1	999	999
chr7	100117686	100117686	HGSV_114248	N	<INS>	<INS>	INS	235	PASS	0.000156	INFO_AF	NA10855	NA11831	NA11832	0/1	0/0	0/0	.	.	.
chr7	102674286	102674334	HGSV_114541	N	<INS>	<INS>	INS	78	PASS	0.004867	INFO_AF	HG02590	HG02588	HG02589	0/1	0/0	0/0	1	999	999
chr7	102674286	102674334	HGSV_114541	N	<INS>	<INS>	INS	78	PASS	0.004867	INFO_AF	NA19120	NA19119	NA19116	0/1	0/0	0/0	1	999	999
chr7	102674286	102674334	HGSV_114541	N	<INS>	<INS>	INS	78	PASS	0.004867	INFO_AF	NA19186	NA19184	NA19185	0/1	0/0	0/0	1	999	999
chr7	103747884	103747894	HGSV_114648	N	<INS:ME:ALU>	<INS:ME:ALU>	INS	281	PASS	0.001407	INFO_AF	NA18872	NA18871	NA18870	0/1	0/0	0/0	1	999	999
chr7	103747884	103747894	HGSV_114648	N	<INS:ME:ALU>	<INS:ME:ALU>	INS	281	PASS	0.001407	INFO_AF	NA19211	NA19210	NA19209	0/1	0/0	0/0	1	999	999
chr7	105039878	105039929	HGSV_114767	N	<INS:ME:ALU>	<INS:ME:ALU>	INS	280	PASS	0.000156	INFO_AF	HG02287	HG02285	HG02286	0/1	0/0	0/0	1	999	999
chr7	105159470	105159504	HGSV_114782	N	<INS>	<INS>	INS	52	PASS	0.00219	INFO_AF	HG01888	HG01882	HG01883	0/1	0/0	0/0	1	999	999
chr7	108594982	108595032	HGSV_115052	N	<INS>	<INS>	INS	58	PASS	0.006791	INFO_AF	HG02889	HG02887	HG02888	0/1	0/0	0/0	1	999	999
chr7	108877431	108877482	HGSV_115084	N	<INS:ME:ALU>	<INS:ME:ALU>	INS	277	PASS	0.001095	INFO_AF	HG02625	HG02623	HG02624	0/1	0/0	0/0	1	999	999
chr7	108877431	108877482	HGSV_115084	N	<INS:ME:ALU>	<INS:ME:ALU>	INS	277	PASS	0.001095	INFO_AF	HG02838	HG02836	HG02837	0/1	0/0	0/0	1	999	999
chr7	109595886	109595886	HGSV_115151	N	<INS>	<INS>	INS	184	PASS	0.007896	INFO_AF	HG01062	HG01060	HG01061	0/1	0/0	0/0	.	.	.
chr7	109707155	109707206	HGSV_115162	N	<INS:ME:ALU>	<INS:ME:ALU>	INS	281	PASS	0.006414	INFO_AF	HG02818	HG02816	HG02817	0/1	0/0	0/0	121	999	999
chr7	111113648	111113695	HGSV_115281	N	<INS:ME:ALU>	<INS:ME:ALU>	INS	281	PASS	0.002814	INFO_AF	HG02809	HG02807	HG02808	0/1	0/0	0/0	1	999	999
chr7	113368552	113368567	HGSV_115495	N	<INS>	<INS>	INS	50	PASS	0.008653	INFO_AF	HG00552	HG01075	HG00551	0/1	0/0	0/0	1	999	999
chr7	114062159	114062197	HGSV_115559	N	<INS>	<INS>	INS	315	PASS	0.008273	INFO_AF	HG01376	HG01374	HG01375	0/1	0/0	0/0	218	999	999
chr7	115728312	115728312	HGSV_115656	N	<INS>	<INS>	INS	197	PASS	0.001308	INFO_AF	NA19205	NA19203	NA19204	0/1	0/0	0/0	.	.	.
chr7	115728312	115728312	HGSV_115656	N	<INS>	<INS>	INS	197	PASS	0.001308	INFO_AF	NA19686	NA19685	NA19684	0/1	0/0	0/0	.	.	.
chr7	116965776	116965827	HGSV_115728	N	<INS:ME:ALU>	<INS:ME:ALU>	INS	281	PASS	0.004859	INFO_AF	HG03041	HG03039	HG03040	0/1	0/0	0/0	1	999	999
chr7	117326104	117326155	HGSV_115749	N	<INS:ME:ALU>	<INS:ME:ALU>	INS	281	PASS	0.002972	INFO_AF	NA18860	NA18859	NA18858	0/1	0/0	0/0	1	999	999
chr7	119551632	119551682	HGSV_115941	N	<INS>	<INS>	INS	483	PASS	0.006869	INFO_AF	NA19097	NA19096	NA19095	0/1	0/0	0/0	1	999	999
chr7	120679512	120679563	HGSV_116044	N	<INS:ME:ALU>	<INS:ME:ALU>	INS	240	PASS	0.000312	INFO_AF	NA19675	NA19679	NA19678	0/1	0/0	0/0	1	999	999
chr7	124451634	124451685	HGSV_116345	N	<INS:ME:ALU>	<INS:ME:ALU>	INS	280	PASS	0.004079	INFO_AF	HG01952	HG01950	HG01951	0/1	0/0	0/0	1	999	999
chr7	129944909	129944928	HGSV_116864	N	<INS:ME:ALU>	<INS:ME:ALU>	INS	280	PASS	0.004683	INFO_AF	NA19174	NA19117	NA19118	0/1	0/0	0/0	1	999	999
chr7	134947190	134947241	HGSV_117237	N	<INS:ME:ALU>	<INS:ME:ALU>	INS	280	PASS	0.000312	INFO_AF	HG03804	HG03803	HG03802	0/1	0/0	0/0	1	999	999
chr7	135452298	135452322	HGSV_117272	N	<INS>	<INS>	INS	321	PASS	0.007808	INFO_AF	HG04122	HG04127	HG04075	0/1	0/0	0/0	1	999	999
chr7	138683889	138683927	HGSV_117605	N	<INS>	<INS>	INS	292	PASS	0.003599	INFO_AF	HG02575	HG02573	HG02574	0/1	0/0	0/0	1	999	999
chr7	138683889	138683927	HGSV_117605	N	<INS>	<INS>	INS	292	PASS	0.003599	INFO_AF	NA19211	NA19210	NA19209	0/1	0/0	0/0	1	999	999
chr7	140476695	140476711	HGSV_117761	N	<INS>	<INS>	INS	58	PASS	0.003135	INFO_AF	NA19173	NA19171	NA19172	0/1	0/0	0/0	1	999	999
chr7	142549682	142549733	HGSV_117943	N	<INS:ME:ALU>	<INS:ME:ALU>	INS	248	PASS	0.008742	INFO_AF	HG02625	HG02623	HG02624	0/1	0/0	0/0	1	999	999
chr7	143950767	143950769	HGSV_118068	N	<INS>	<INS>	INS	54	PASS	0.005171	INFO_AF	HG02587	HG02585	HG02586	0/1	0/0	0/0	640	999	999
chr7	143950767	143950769	HGSV_118068	N	<INS>	<INS>	INS	54	PASS	0.005171	INFO_AF	HG02871	HG02869	HG02870	0/1	0/0	0/0	41	999	999
chr7	144123122	144123173	HGSV_118087	N	<INS:ME:ALU>	<INS:ME:ALU>	INS	281	PASS	0.003283	INFO_AF	HG02806	HG02804	HG02805	0/1	0/0	0/0	1	999	999
chr7	144123122	144123173	HGSV_118087	N	<INS:ME:ALU>	<INS:ME:ALU>	INS	281	PASS	0.003283	INFO_AF	HG03371	HG03370	HG03369	0/1	0/0	0/0	1	999	999
chr7	145691146	145691197	HGSV_118230	N	<INS:ME:ALU>	<INS:ME:ALU>	INS	281	PASS	0.000156	INFO_AF	HG03314	HG03313	HG03312	0/1	0/0	0/0	1	999	999
chr7	145754988	145755039	HGSV_118241	N	<INS:ME:ALU>	<INS:ME:ALU>	INS	281	PASS	0.007493	INFO_AF	HG03026	HG03024	HG03025	0/1	0/0	0/0	1	999	999
chr7	150305009	150305033	HGSV_118720	N	<INS>	<INS>	INS	57	PASS	0.00692	INFO_AF	HG02841	HG02839	HG02840	0/1	0/0	0/0	1	999	999
chr7	150305009	150305033	HGSV_118720	N	<INS>	<INS>	INS	57	PASS	0.00692	INFO_AF	HG02886	HG02884	HG02885	0/1	0/0	0/0	1	999	999
chr7	150305009	150305033	HGSV_118720	N	<INS>	<INS>	INS	57	PASS	0.00692	INFO_AF	NA18914	NA18913	NA18912	0/1	0/0	0/0	113	999	999
chr7	153131251	153131302	HGSV_119056	N	<INS:ME:ALU>	<INS:ME:ALU>	INS	280	PASS	0.006088	INFO_AF	HG00552	HG01075	HG00551	0/1	0/0	0/0	1	999	999
chr7	154493531	154493582	HGSV_119217	N	<INS:ME:SVA>	<INS:ME:SVA>	INS	380	PASS	0.006925	INFO_AF	HG04122	HG04127	HG04075	0/1	0/0	0/0	113	999	999
chr7	155091480	155091531	HGSV_119283	N	<INS:ME:ALU>	<INS:ME:ALU>	INS	280	PASS	0.008305	INFO_AF	HG04133	HG04131	HG04132	0/1	0/0	0/0	1	999	999
chr7	156374566	156374617	HGSV_119437	N	<INS:ME:ALU>	<INS:ME:ALU>	INS	280	PASS	0.000156	INFO_AF	HG01782	HG01783	HG01784	0/1	0/0	0/0	1	999	999
chr7	157299969	157299991	HGSV_119543	N	<INS>	<INS>	INS	64	PASS	0.009028	INFO_AF	HG02605	HG02603	HG02604	0/1	0/0	0/0	1	999	999
chr7	157299969	157299991	HGSV_119543	N	<INS>	<INS>	INS	64	PASS	0.009028	INFO_AF	HG03942	HG03941	HG03940	0/1	0/0	0/0	263	999	999
chr7	157299969	157299991	HGSV_119543	N	<INS>	<INS>	INS	64	PASS	0.009028	INFO_AF	NA19103	NA19101	NA19102	0/1	0/0	0/0	1	999	999
chr7	157299969	157299991	HGSV_119543	N	<INS>	<INS>	INS	64	PASS	0.009028	INFO_AF	NA19151	NA19150	NA19149	0/1	0/0	0/0	365	999	999
chr7	157299969	157299991	HGSV_119543	N	<INS>	<INS>	INS	64	PASS	0.009028	INFO_AF	NA19258	NA19256	NA19257	0/1	0/0	0/0	208	999	999
chr7	157808198	157808228	HGSV_119660	N	<INS>	<INS>	INS	61	PASS	0.006873	INFO_AF	HG02984	HG02982	HG02983	0/1	0/0	0/0	13	999	999
chr7	158924628	158924679	HGSV_119902	N	<INS:ME:ALU>	<INS:ME:ALU>	INS	280	PASS	0.004371	INFO_AF	HG02055	HG02053	HG02054	0/1	0/0	0/0	1	999	999
chr7	158930183	158930234	HGSV_119906	N	<INS:ME:ALU>	<INS:ME:ALU>	INS	280	PASS	0.005308	INFO_AF	HG02972	HG02971	HG02970	0/1	0/0	0/0	37	999	999
chr8	305624	305669	HGSV_120018	N	<INS:ME:ALU>	<INS:ME:ALU>	INS	281	PASS	0.004239	INFO_AF	NA12739	NA12748	NA12749	0/1	0/0	0/0	1	999	999
chr8	802137	802149	HGSV_120090	N	<INS>	<INS>	INS	56	PASS	0.006144	INFO_AF	HG01532	HG01530	HG01531	0/1	0/0	0/0	1	999	999
chr8	802137	802149	HGSV_120090	N	<INS>	<INS>	INS	56	PASS	0.006144	INFO_AF	HG02644	HG02642	HG02643	0/1	0/0	0/0	1	999	999
chr8	802137	802149	HGSV_120090	N	<INS>	<INS>	INS	56	PASS	0.006144	INFO_AF	HG03540	HG03538	HG03539	0/1	0/0	0/0	1	999	999
chr8	802137	802149	HGSV_120090	N	<INS>	<INS>	INS	56	PASS	0.006144	INFO_AF	HG03688	HG03885	HG03886	0/1	0/0	0/0	1	999	999
chr8	802137	802149	HGSV_120090	N	<INS>	<INS>	INS	56	PASS	0.006144	INFO_AF	NA18506	NA18507	NA18508	0/1	0/0	0/0	1	999	999
chr8	802137	802149	HGSV_120090	N	<INS>	<INS>	INS	56	PASS	0.006144	INFO_AF	NA19191	NA19189	NA19190	0/1	0/0	0/0	1	999	999
chr8	1227168	1227204	HGSV_120162	N	<INS>	<INS>	INS	75	PASS	0.00989	INFO_AF	NA19240	NA19239	NA19238	0/1	0/0	0/0	1	999	999
chr8	1553501	1553514	HGSV_120251	N	<INS>	<INS>	INS	101	PASS	0.000937	INFO_AF	HG02027	HG02029	HG02028	0/1	0/0	0/0	1	999	999
chr8	3655257	3655308	HGSV_120594	N	<INS:ME:ALU>	<INS:ME:ALU>	INS	243	PASS	0.000156	INFO_AF	NA19775	NA19774	NA19773	0/1	0/0	0/0	1	999	999
chr8	6150874	6150879	HGSV_120910	N	<INS>	<INS>	INS	64	PASS	0.001249	INFO_AF	NA18500	NA18501	NA18502	0/1	0/0	0/0	1	999	999
chr8	8482633	8482683	HGSV_121134	N	<INS>	<INS>	INS	182	PASS	0.001561	INFO_AF	HG03191	HG03190	HG03189	0/1	0/0	0/0	1	999	999
chr8	8695853	8695904	HGSV_121157	N	<INS:ME:ALU>	<INS:ME:ALU>	INS	280	PASS	0.000937	INFO_AF	NA18914	NA18913	NA18912	0/1	0/0	0/0	1	999	999
chr8	11169220	11169271	HGSV_121423	N	<INS:ME:ALU>	<INS:ME:ALU>	INS	280	PASS	0.00721	INFO_AF	HG00558	HG00556	HG00557	0/1	0/0	0/0	1	999	999
chr8	17246923	17246947	HGSV_122085	N	<INS>	<INS>	INS	57	PASS	0.000156	INFO_AF	HG01532	HG01530	HG01531	0/1	0/0	0/0	1	999	999
chr8	18875446	18875448	HGSV_122262	N	<INS:ME:ALU>	<INS:ME:ALU>	INS	280	PASS	0.003916	INFO_AF	NA19924	NA19922	NA19923	0/1	0/0	0/0	1	999	999
chr8	18915047	18915084	HGSV_122268	N	<INS>	<INS>	INS	72	PASS	0.006105	INFO_AF	HG03654	HG03652	HG03653	0/1	0/0	0/0	522	999	999
chr8	20333832	20333883	HGSV_122391	N	<INS:ME:ALU>	<INS:ME:ALU>	INS	281	PASS	0.000156	INFO_AF	HG01978	HG01977	HG01976	0/1	0/0	0/0	1	999	999
chr8	22078089	22078126	HGSV_122536	N	<INS>	<INS>	INS	322	PASS	0.003903	INFO_AF	HG01106	HG01104	HG01105	0/1	0/0	0/0	1	999	999
chr8	22078089	22078126	HGSV_122536	N	<INS>	<INS>	INS	322	PASS	0.003903	INFO_AF	HG01701	HG01700	HG01702	0/1	0/0	0/0	1	999	999
chr8	22078089	22078126	HGSV_122536	N	<INS>	<INS>	INS	322	PASS	0.003903	INFO_AF	HG02225	HG02224	HG02223	0/1	0/0	0/0	1	999	999
chr8	24306354	24306393	HGSV_122745	N	<INS>	<INS>	INS	73	PASS	0.006587	INFO_AF	HG03248	HG03246	HG03247	0/1	0/0	0/0	768	999	999
chr8	25330806	25330827	HGSV_122852	N	<INS>	<INS>	INS	340	PASS	0.001094	INFO_AF	HG01891	HG01890	HG01889	0/1	0/0	0/0	1	999	999
chr8	27512799	27512850	HGSV_123012	N	<INS:ME:ALU>	<INS:ME:ALU>	INS	280	PASS	0.00281	INFO_AF	HG02055	HG02053	HG02054	0/1	0/0	0/0	1	999	999
chr8	28258542	28258570	HGSV_123071	N	<INS>	<INS>	INS	55	PASS	0.007981	INFO_AF	HG01141	HG01139	HG01140	0/1	0/0	0/0	1	999	999
chr8	28258542	28258570	HGSV_123071	N	<INS>	<INS>	INS	55	PASS	0.007981	INFO_AF	HG02761	HG02759	HG02760	0/1	0/0	0/0	1	999	999
chr8	30309882	30309895	HGSV_123268	N	<INS>	<INS>	INS	72	PASS	0.004221	INFO_AF	HG02677	HG02675	HG02676	0/1	0/0	0/0	1	999	999
chr8	33755694	33755733	HGSV_123542	N	<INS>	<INS>	INS	323	PASS	0.003123	INFO_AF	NA19148	NA19146	NA19147	0/1	0/0	0/0	1	999	999
chr8	33993945	33993980	HGSV_123573	N	<INS>	<INS>	INS	326	PASS	0.002185	INFO_AF	NA19174	NA19117	NA19118	0/1	0/0	0/0	1	999	999
chr8	36287091	36287162	HGSV_123754	N	<INS:ME:SVA>	<INS:ME:SVA>	INS	1197	PASS	0.005014	INFO_AF	HG03641	HG03639	HG03640	0/1	0/0	0/0	796	999	999
chr8	42111093	42111124	HGSV_124211	N	<INS>	<INS>	INS	50	PASS	0.009497	INFO_AF	NA19161	NA19160	NA19159	0/1	0/0	0/0	1	999	999
chr8	42597091	42597142	HGSV_124252	N	<INS:ME:ALU>	<INS:ME:ALU>	INS	279	PASS	0.00486	INFO_AF	HG02856	HG02854	HG02855	0/1	0/0	0/0	1	999	999
chr8	48216273	48216324	HGSV_124403	N	<INS:ME:ALU>	<INS:ME:ALU>	INS	253	PASS	0.005651	INFO_AF	NA19109	NA19107	NA19108	0/1	0/0	0/0	1	999	999
chr8	48216273	48216324	HGSV_124403	N	<INS:ME:ALU>	<INS:ME:ALU>	INS	253	PASS	0.005651	INFO_AF	NA19191	NA19189	NA19190	0/1	0/0	0/0	1	999	999
chr8	55667765	55667799	HGSV_124995	N	<INS>	<INS>	INS	95	PASS	0.001405	INFO_AF	HG03519	HG03518	HG03517	0/1	0/0	0/0	1	999	999
chr8	60424556	60424607	HGSV_125337	N	<INS:ME:ALU>	<INS:ME:ALU>	INS	280	PASS	0.000156	INFO_AF	HG02853	HG02851	HG02852	0/1	0/0	0/0	1	999	999
chr8	62544612	62544663	HGSV_125502	N	<INS:ME:ALU>	<INS:ME:ALU>	INS	280	PASS	0.003444	INFO_AF	HG02853	HG02851	HG02852	0/1	0/0	0/0	1	999	999
chr8	62544612	62544663	HGSV_125502	N	<INS:ME:ALU>	<INS:ME:ALU>	INS	280	PASS	0.003444	INFO_AF	HG03191	HG03190	HG03189	0/1	0/0	0/0	1	999	999
chr8	62544612	62544663	HGSV_125502	N	<INS:ME:ALU>	<INS:ME:ALU>	INS	280	PASS	0.003444	INFO_AF	NA19103	NA19101	NA19102	0/1	0/0	0/0	1	999	999
chr8	63213967	63214018	HGSV_125562	N	<INS:ME:ALU>	<INS:ME:ALU>	INS	278	PASS	0.006244	INFO_AF	NA19721	NA19720	NA19719	0/1	0/0	0/0	1	999	999
chr8	63213967	63214018	HGSV_125562	N	<INS:ME:ALU>	<INS:ME:ALU>	INS	278	PASS	0.006244	INFO_AF	NA19781	NA19780	NA19779	0/1	0/0	0/0	1	999	999
chr8	63988550	63988588	HGSV_125609	N	<INS>	<INS>	INS	64	PASS	0.001561	INFO_AF	HG02785	HG02783	HG02784	0/1	0/0	0/0	1	999	999
chr8	63988687	63988715	HGSV_125611	N	<INS>	<INS>	INS	66	PASS	0.007805	INFO_AF	HG02791	HG02789	HG02790	0/1	0/0	0/0	1	999	999
chr8	64894928	64894979	HGSV_125675	N	<INS:ME:ALU>	<INS:ME:ALU>	INS	280	PASS	0.008016	INFO_AF	HG02622	HG02620	HG02621	0/1	0/0	0/0	1	999	999
chr8	64894928	64894979	HGSV_125675	N	<INS:ME:ALU>	<INS:ME:ALU>	INS	280	PASS	0.008016	INFO_AF	HG03251	HG03249	HG03250	0/1	0/0	0/0	1	999	999
chr8	64938869	64938880	HGSV_125679	N	<INS>	<INS>	INS	54	PASS	0.004069	INFO_AF	HG01960	HG01988	HG01989	0/1	0/0	0/0	1	999	999
chr8	66693740	66693791	HGSV_125812	N	<INS:ME:ALU>	<INS:ME:ALU>	INS	280	PASS	0.003746	INFO_AF	HG03137	HG03136	HG03135	0/1	0/0	0/0	1	999	999
chr8	66720620	66720642	HGSV_125816	N	<INS>	<INS>	INS	181	PASS	0.008957	INFO_AF	HG02812	HG02810	HG02811	0/1	0/0	0/0	1	999	999
chr8	66720620	66720642	HGSV_125816	N	<INS>	<INS>	INS	181	PASS	0.008957	INFO_AF	HG03101	HG03100	HG03099	0/1	0/0	0/0	1	999	999
chr8	66720620	66720642	HGSV_125816	N	<INS>	<INS>	INS	181	PASS	0.008957	INFO_AF	HG03131	HG03130	HG03129	0/1	0/0	0/0	1	999	999
chr8	66720620	66720642	HGSV_125816	N	<INS>	<INS>	INS	181	PASS	0.008957	INFO_AF	HG03308	HG03307	HG03306	0/1	0/0	0/0	1	999	999
chr8	66720620	66720642	HGSV_125816	N	<INS>	<INS>	INS	181	PASS	0.008957	INFO_AF	HG03516	HG03515	HG03514	0/1	0/0	0/0	1	999	999
chr8	66720620	66720642	HGSV_125816	N	<INS>	<INS>	INS	181	PASS	0.008957	INFO_AF	HG03579	HG03577	HG03578	0/1	0/0	0/0	1	999	999
chr8	66720620	66720642	HGSV_125816	N	<INS>	<INS>	INS	181	PASS	0.008957	INFO_AF	NA19208	NA19207	NA19206	0/1	0/0	0/0	1	999	999
chr8	66720620	66720642	HGSV_125816	N	<INS>	<INS>	INS	181	PASS	0.008957	INFO_AF	NA19211	NA19210	NA19209	0/1	0/0	0/0	1	999	999
chr8	66720620	66720642	HGSV_125816	N	<INS>	<INS>	INS	181	PASS	0.008957	INFO_AF	NA19249	NA19248	NA19247	0/1	0/0	0/0	1	999	999
chr8	66720620	66720642	HGSV_125816	N	<INS>	<INS>	INS	181	PASS	0.008957	INFO_AF	NA19757	NA19756	NA19755	0/1	0/0	0/0	1	999	999
chr8	67625560	67625611	HGSV_125899	N	<INS:ME:ALU>	<INS:ME:ALU>	INS	279	PASS	0.000781	INFO_AF	HG03831	HG03830	HG03829	0/1	0/0	0/0	1	999	999
chr8	67669805	67669819	HGSV_125902	N	<INS>	<INS>	INS	314	PASS	0.004528	INFO_AF	HG02883	HG02881	HG02882	0/1	0/0	0/0	1	999	999
chr8	67669805	67669819	HGSV_125902	N	<INS>	<INS>	INS	314	PASS	0.004528	INFO_AF	HG03296	HG03295	HG03294	0/1	0/0	0/0	1	999	999
chr8	69045832	69045883	HGSV_125997	N	<INS:ME:ALU>	<INS:ME:ALU>	INS	263	PASS	0.004379	INFO_AF	NA19902	NA19900	NA19901	0/1	0/0	0/0	1	999	999
chr8	70159238	70159246	HGSV_126088	N	<INS>	<INS>	INS	74	PASS	0.008783	INFO_AF	HG00741	HG00739	HG00740	0/1	0/0	0/0	1	999	999
chr8	70159238	70159246	HGSV_126088	N	<INS>	<INS>	INS	74	PASS	0.008783	INFO_AF	HG01567	HG01565	HG01566	0/1	0/0	0/0	1	999	999
chr8	70159238	70159246	HGSV_126088	N	<INS>	<INS>	INS	74	PASS	0.008783	INFO_AF	HG02237	HG02236	HG02235	0/1	0/0	0/0	1	999	999
chr8	70159238	70159246	HGSV_126088	N	<INS>	<INS>	INS	74	PASS	0.008783	INFO_AF	HG03626	HG03624	HG03625	0/1	0/0	0/0	1	999	999
chr8	70159238	70159246	HGSV_126088	N	<INS>	<INS>	INS	74	PASS	0.008783	INFO_AF	NA10859	NA11881	NA11882	0/1	0/0	0/0	1	999	999
chr8	70159238	70159246	HGSV_126088	N	<INS>	<INS>	INS	74	PASS	0.008783	INFO_AF	NA19787	NA19786	NA19785	0/1	0/0	0/0	1	999	999
chr8	70159242	70159248	HGSV_126089	N	<INS>	<INS>	INS	73	PASS	0.006113	INFO_AF	HG01343	HG01341	HG01342	0/1	0/0	0/0	1	999	999
chr8	70159242	70159248	HGSV_126089	N	<INS>	<INS>	INS	73	PASS	0.006113	INFO_AF	HG02853	HG02851	HG02852	0/1	0/0	0/0	382	999	999
chr8	70159242	70159248	HGSV_126089	N	<INS>	<INS>	INS	73	PASS	0.006113	INFO_AF	NA19665	NA19664	NA19663	0/1	0/0	0/0	1	999	999
chr8	70159242	70159248	HGSV_126089	N	<INS>	<INS>	INS	73	PASS	0.006113	INFO_AF	NA19775	NA19774	NA19773	0/1	0/0	0/0	1	999	999
chr8	70159242	70159268	HGSV_126090	N	<INS>	<INS>	INS	78	PASS	0.00219	INFO_AF	HG02853	HG02851	HG02852	0/1	0/0	0/0	1	999	999
chr8	71659106	71659157	HGSV_126225	N	<INS:ME:ALU>	<INS:ME:ALU>	INS	280	PASS	0.005308	INFO_AF	HG02563	HG02561	HG02562	0/1	0/0	0/0	1	999	999
chr8	72153155	72153169	HGSV_126268	N	<INS>	<INS>	INS	311	PASS	0.008443	INFO_AF	HG00591	HG00589	HG00590	0/1	0/0	0/0	1	999	999
chr8	72153155	72153169	HGSV_126268	N	<INS>	<INS>	INS	311	PASS	0.008443	INFO_AF	HG01573	HG01571	HG01572	0/1	0/0	0/0	1	999	999
chr8	72153155	72153169	HGSV_126268	N	<INS>	<INS>	INS	311	PASS	0.008443	INFO_AF	HG01891	HG01890	HG01889	0/1	0/0	0/0	1	999	999
chr8	72153155	72153169	HGSV_126268	N	<INS>	<INS>	INS	311	PASS	0.008443	INFO_AF	HG01952	HG01950	HG01951	0/1	0/0	0/0	1	999	999
chr8	72153155	72153169	HGSV_126268	N	<INS>	<INS>	INS	311	PASS	0.008443	INFO_AF	HG01959	HG01986	HG01958	0/1	0/0	0/0	1	999	999
chr8	72153155	72153169	HGSV_126268	N	<INS>	<INS>	INS	311	PASS	0.008443	INFO_AF	HG02812	HG02810	HG02811	0/1	0/0	0/0	1	999	999
chr8	72153155	72153169	HGSV_126268	N	<INS>	<INS>	INS	311	PASS	0.008443	INFO_AF	HG02871	HG02869	HG02870	0/1	0/0	0/0	1	999	999
chr8	72153155	72153169	HGSV_126268	N	<INS>	<INS>	INS	311	PASS	0.008443	INFO_AF	HG03374	HG03373	HG03372	0/1	0/0	0/0	1	999	999
chr8	72153155	72153169	HGSV_126268	N	<INS>	<INS>	INS	311	PASS	0.008443	INFO_AF	HG03804	HG03803	HG03802	0/1	0/0	0/0	1	999	999
chr8	72153155	72153169	HGSV_126268	N	<INS>	<INS>	INS	311	PASS	0.008443	INFO_AF	NA10836	NA12274	NA12275	0/1	0/0	0/0	1	999	999
chr8	72153155	72153169	HGSV_126268	N	<INS>	<INS>	INS	311	PASS	0.008443	INFO_AF	NA18875	NA18874	NA18873	0/1	0/0	0/0	1	999	999
chr8	72153155	72153169	HGSV_126268	N	<INS>	<INS>	INS	311	PASS	0.008443	INFO_AF	NA19730	NA19729	NA19728	0/1	0/0	0/0	1	999	999
chr8	72153155	72153169	HGSV_126268	N	<INS>	<INS>	INS	311	PASS	0.008443	INFO_AF	NA19763	NA19762	NA19761	0/1	0/0	0/0	1	999	999
chr8	73742250	73742301	HGSV_126396	N	<INS:ME:ALU>	<INS:ME:ALU>	INS	279	PASS	0.000468	INFO_AF	NA18500	NA18501	NA18502	0/1	0/0	0/0	1	999	999
chr8	73742250	73742301	HGSV_126396	N	<INS:ME:ALU>	<INS:ME:ALU>	INS	279	PASS	0.000468	INFO_AF	NA19208	NA19207	NA19206	0/1	0/0	0/0	1	999	999
chr8	74221283	74221334	HGSV_126455	N	<INS:ME:ALU>	<INS:ME:ALU>	INS	281	PASS	0.001874	INFO_AF	HG03831	HG03830	HG03829	0/1	0/0	0/0	1	999	999
chr8	75646436	75646487	HGSV_126558	N	<INS:ME:ALU>	<INS:ME:ALU>	INS	280	PASS	0.001405	INFO_AF	HG01490	HG01488	HG01489	0/1	0/0	0/0	1	999	999
chr8	78203431	78203482	HGSV_126761	N	<INS:ME:ALU>	<INS:ME:ALU>	INS	281	PASS	0.003909	INFO_AF	HG02463	HG02461	HG02462	0/1	0/0	0/0	1	999	999
chr8	78203431	78203482	HGSV_126761	N	<INS:ME:ALU>	<INS:ME:ALU>	INS	281	PASS	0.003909	INFO_AF	HG02815	HG02813	HG02814	0/1	0/0	0/0	1	999	999
chr8	78970402	78970453	HGSV_126817	N	<INS:ME:ALU>	<INS:ME:ALU>	INS	280	PASS	0.002504	INFO_AF	NA18857	NA18856	NA18855	0/1	0/0	0/0	1	999	999
chr8	80170637	80170688	HGSV_126906	N	<INS:ME:ALU>	<INS:ME:ALU>	INS	279	PASS	0.006244	INFO_AF	HG01376	HG01374	HG01375	0/1	0/0	0/0	1	999	999
chr8	81924142	81924180	HGSV_127057	N	<INS>	<INS>	INS	318	PASS	0.005776	INFO_AF	HG01538	HG01536	HG01537	0/1	0/0	0/0	1	999	999
chr8	84612550	84612601	HGSV_127300	N	<INS:ME:LINE1>	<INS:ME:LINE1>	INS	4276	PASS	0.007741	INFO_AF	HG02704	HG02702	HG02703	0/1	0/0	0/0	1	999	999
chr8	86350469	86350520	HGSV_127441	N	<INS:ME:ALU>	<INS:ME:ALU>	INS	281	PASS	0.000937	INFO_AF	HG03098	HG03096	HG03097	0/1	0/0	0/0	1	999	999
chr8	86838912	86838963	HGSV_127494	N	<INS:ME:ALU>	<INS:ME:ALU>	INS	281	PASS	0.002029	INFO_AF	NA19757	NA19756	NA19755	0/1	0/0	0/0	1	999	999
chr8	88148234	88148269	HGSV_127618	N	<INS>	<INS>	INS	333	PASS	0.000781	INFO_AF	HG02704	HG02702	HG02703	0/1	0/0	0/0	1	999	999
chr8	88709445	88709496	HGSV_127656	N	<INS:ME:ALU>	<INS:ME:ALU>	INS	281	PASS	0.005776	INFO_AF	HG02680	HG02678	HG02679	0/1	0/0	0/0	1	999	999
chr8	88709445	88709496	HGSV_127656	N	<INS:ME:ALU>	<INS:ME:ALU>	INS	281	PASS	0.005776	INFO_AF	NA19177	NA19175	NA19176	0/1	0/0	0/0	208	999	999
chr8	90573040	90573091	HGSV_127808	N	<INS:ME:ALU>	<INS:ME:ALU>	INS	279	PASS	0.002499	INFO_AF	HG02770	HG02768	HG02769	0/1	0/0	0/0	1	999	999
chr8	92813097	92813118	HGSV_127976	N	<INS:ME:ALU>	<INS:ME:ALU>	INS	280	PASS	0.005496	INFO_AF	NA19211	NA19210	NA19209	0/1	0/0	0/0	1	999	999
chr8	92813097	92813118	HGSV_127976	N	<INS:ME:ALU>	<INS:ME:ALU>	INS	280	PASS	0.005496	INFO_AF	NA19924	NA19922	NA19923	0/1	0/0	0/0	1	999	999
chr8	94049359	94049359	HGSV_128064	N	<INS>	<INS>	INS	158	PASS	0.003717	INFO_AF	HG01937	HG01935	HG01936	1/1	0/0	0/0	.	.	.
chr8	94049359	94049359	HGSV_128064	N	<INS>	<INS>	INS	158	PASS	0.003717	INFO_AF	HG02027	HG02029	HG02028	0/1	0/0	0/0	.	.	.
chr8	94049359	94049359	HGSV_128064	N	<INS>	<INS>	INS	158	PASS	0.003717	INFO_AF	HG02800	HG02798	HG02799	0/1	0/0	0/0	.	.	.
chr8	94049359	94049359	HGSV_128064	N	<INS>	<INS>	INS	158	PASS	0.003717	INFO_AF	NA12865	NA12874	NA12875	0/1	0/0	0/0	.	.	.
chr8	95684457	95684464	HGSV_128220	N	<INS>	<INS>	INS	320	PASS	0.008909	INFO_AF	HG02853	HG02851	HG02852	0/1	0/0	0/0	1	999	999
chr8	95684457	95684464	HGSV_128220	N	<INS>	<INS>	INS	320	PASS	0.008909	INFO_AF	HG03029	HG03027	HG03028	0/1	0/0	0/0	1	999	999
chr8	95684457	95684464	HGSV_128220	N	<INS>	<INS>	INS	320	PASS	0.008909	INFO_AF	NA19983	NA19982	NA19713	0/1	0/0	0/0	1	999	999
chr8	96062267	96062318	HGSV_128244	N	<INS:ME:ALU>	<INS:ME:ALU>	INS	281	PASS	0.005169	INFO_AF	HG02838	HG02836	HG02837	0/1	0/0	0/0	945	999	999
chr8	96428737	96428788	HGSV_128269	N	<INS:ME:ALU>	<INS:ME:ALU>	INS	281	PASS	0.007542	INFO_AF	HG02668	HG02666	HG02667	0/1	0/0	0/0	178	999	999
chr8	96428737	96428788	HGSV_128269	N	<INS:ME:ALU>	<INS:ME:ALU>	INS	281	PASS	0.007542	INFO_AF	NA19154	NA19153	NA19152	0/1	0/0	0/0	1	999	999
chr8	96428737	96428788	HGSV_128269	N	<INS:ME:ALU>	<INS:ME:ALU>	INS	281	PASS	0.007542	INFO_AF	NA19778	NA19777	NA19776	0/1	0/0	0/0	1	999	999
chr8	96709439	96709490	HGSV_128295	N	<INS:ME:ALU>	<INS:ME:ALU>	INS	280	PASS	0.005151	INFO_AF	NA10846	NA12144	NA12145	0/1	0/0	0/0	1	999	999
chr8	97012875	97012926	HGSV_128318	N	<INS:ME:ALU>	<INS:ME:ALU>	INS	280	PASS	0.006098	INFO_AF	NA19983	NA19982	NA19713	0/1	0/0	0/0	1	999	999
chr8	100573918	100573969	HGSV_128609	N	<INS:ME:ALU>	<INS:ME:ALU>	INS	86	PASS	0.009366	INFO_AF	HG01391	HG01389	HG01390	0/1	0/0	0/0	1	999	999
chr8	101379165	101379216	HGSV_128685	N	<INS:ME:ALU>	<INS:ME:ALU>	INS	272	PASS	0.001406	INFO_AF	HG02761	HG02759	HG02760	0/1	0/0	0/0	1	999	999
chr8	103517517	103517568	HGSV_128862	N	<INS:ME:ALU>	<INS:ME:ALU>	INS	279	PASS	0.007337	INFO_AF	HG02615	HG02613	HG02614	0/1	0/0	0/0	1	999	999
chr8	103822215	103822266	HGSV_128886	N	<INS:ME:LINE1>	<INS:ME:LINE1>	INS	637	PASS	0.001562	INFO_AF	HG04204	HG03679	HG03642	0/1	0/0	0/0	1	999	999
chr8	104028158	104028209	HGSV_128905	N	<INS:ME:ALU>	<INS:ME:ALU>	INS	281	PASS	0.003611	INFO_AF	HG03305	HG03304	HG03303	0/1	0/0	0/0	104	999	999
chr8	105534140	105534174	HGSV_129014	N	<INS>	<INS>	INS	72	PASS	0.002347	INFO_AF	HG04215	HG03679	HG03642	0/1	0/0	0/0	1	999	999
chr8	106551814	106551814	HGSV_129101	N	<INS>	<INS>	INS	125	PASS	0.003439	INFO_AF	HG01987	HG01990	HG02012	0/1	0/0	0/0	.	.	.
chr8	106551814	106551814	HGSV_129101	N	<INS>	<INS>	INS	125	PASS	0.003439	INFO_AF	NA19240	NA19239	NA19238	0/1	0/0	0/0	.	.	.
chr8	106703721	106703772	HGSV_129115	N	<INS:ME:ALU>	<INS:ME:ALU>	INS	279	PASS	0.001719	INFO_AF	HG03308	HG03307	HG03306	0/1	0/0	0/0	1	999	999
chr8	107823251	107823302	HGSV_129207	N	<INS:ME:ALU>	<INS:ME:ALU>	INS	272	PASS	0.002031	INFO_AF	HG03248	HG03246	HG03247	0/1	0/0	0/0	1	999	999
chr8	108215213	108215231	HGSV_129245	N	<INS:ME:ALU>	<INS:ME:ALU>	INS	281	PASS	0.007697	INFO_AF	HG02812	HG02810	HG02811	0/1	0/0	0/0	1	999	999
chr8	108215213	108215231	HGSV_129245	N	<INS:ME:ALU>	<INS:ME:ALU>	INS	281	PASS	0.007697	INFO_AF	HG03584	HG03582	HG03583	0/1	0/0	0/0	460	999	999
chr8	108342179	108342230	HGSV_129261	N	<INS:ME:ALU>	<INS:ME:ALU>	INS	280	PASS	0.000624	INFO_AF	HG01960	HG01988	HG01989	0/1	0/0	0/0	1	999	999
chr8	108800808	108800859	HGSV_129295	N	<INS:ME:ALU>	<INS:ME:ALU>	INS	278	PASS	0.003448	INFO_AF	HG01508	HG01506	HG01507	0/1	0/0	0/0	1	999	999
chr8	108800808	108800859	HGSV_129295	N	<INS:ME:ALU>	<INS:ME:ALU>	INS	278	PASS	0.003448	INFO_AF	NA12485	NA12413	NA12414	0/1	0/0	0/0	266	999	999
chr8	108800808	108800859	HGSV_129295	N	<INS:ME:ALU>	<INS:ME:ALU>	INS	278	PASS	0.003448	INFO_AF	NA12832	NA12842	NA12843	0/1	0/0	0/0	1	999	999
chr8	109936159	109936209	HGSV_129394	N	<INS>	<INS>	INS	56	PASS	0.007278	INFO_AF	HG02924	HG02923	HG02922	0/1	0/0	0/0	1	999	999
chr8	111619631	111619682	HGSV_129528	N	<INS:ME:ALU>	<INS:ME:ALU>	INS	280	PASS	0.007961	INFO_AF	HG02975	HG02973	HG02974	0/1	0/0	0/0	1	999	999
chr8	111901363	111901414	HGSV_129550	N	<INS:ME:ALU>	<INS:ME:ALU>	INS	279	PASS	0.001564	INFO_AF	NA07048	NA07034	NA07055	0/1	0/0	0/0	1	999	999
chr8	114013519	114013554	HGSV_129745	N	<INS>	<INS>	INS	74	PASS	0.001093	INFO_AF	HG03050	HG03048	HG03049	0/1	0/0	0/0	1	999	999
chr8	114013519	114013554	HGSV_129745	N	<INS>	<INS>	INS	74	PASS	0.001093	INFO_AF	HG04215	HG03679	HG03642	0/1	0/0	0/0	1	999	999
chr8	114242195	114242246	HGSV_129765	N	<INS:ME:ALU>	<INS:ME:ALU>	INS	280	PASS	0.006869	INFO_AF	HG02806	HG02804	HG02805	0/1	0/0	0/0	1	999	999
chr8	114242195	114242246	HGSV_129765	N	<INS:ME:ALU>	<INS:ME:ALU>	INS	280	PASS	0.006869	INFO_AF	NA18518	NA18519	NA18520	0/1	0/0	0/0	1	999	999
chr8	114274613	114274664	HGSV_129776	N	<INS:ME:ALU>	<INS:ME:ALU>	INS	280	PASS	0.003125	INFO_AF	HG03579	HG03577	HG03578	0/1	0/0	0/0	1	999	999
chr8	116911706	116911757	HGSV_130005	N	<INS:ME:ALU>	<INS:ME:ALU>	INS	280	PASS	0.000156	INFO_AF	HG03620	HG03618	HG03619	0/1	0/0	0/0	1	999	999
chr8	117920283	117920330	HGSV_130100	N	<INS>	<INS>	INS	184	PASS	0.00203	INFO_AF	NA12329	NA06984	NA06989	0/1	0/0	0/0	1	999	999
chr8	120276202	120276253	HGSV_130272	N	<INS:ME:ALU>	<INS:ME:ALU>	INS	281	PASS	0.001249	INFO_AF	HG02812	HG02810	HG02811	0/1	0/0	0/0	566	999	999
chr8	125860694	125860745	HGSV_130785	N	<INS:ME:ALU>	<INS:ME:ALU>	INS	279	PASS	0.007056	INFO_AF	HG03579	HG03577	HG03578	0/1	0/0	0/0	1	999	999
chr8	125860694	125860745	HGSV_130785	N	<INS:ME:ALU>	<INS:ME:ALU>	INS	279	PASS	0.007056	INFO_AF	NA19094	NA19092	NA19093	0/1	0/0	0/0	1	999	999
chr8	129605771	129605775	HGSV_131064	N	<INS:ME:ALU>	<INS:ME:ALU>	INS	280	PASS	0.000156	INFO_AF	HG03191	HG03190	HG03189	0/1	0/0	0/0	1	999	999
chr8	129769695	129769746	HGSV_131077	N	<INS:ME:ALU>	<INS:ME:ALU>	INS	280	PASS	0.005324	INFO_AF	HG03170	HG03169	HG03168	0/1	0/0	0/0	1	999	999
chr8	132520230	132520230	HGSV_131304	N	<INS>	<INS>	INS	321	PASS	0.006569	INFO_AF	NA19177	NA19175	NA19176	0/1	0/0	0/0	.	.	.
chr8	135914816	135914867	HGSV_131538	N	<INS:ME:ALU>	<INS:ME:ALU>	INS	280	PASS	0.004237	INFO_AF	HG02853	HG02851	HG02852	0/1	0/0	0/0	1	999	999
chr8	137737080	137737086	HGSV_131721	N	<INS>	<INS>	INS	69	PASS	0.002966	INFO_AF	HG02761	HG02759	HG02760	0/1	0/0	0/0	1	999	999
chr8	137844766	137844817	HGSV_131734	N	<INS:ME:ALU>	<INS:ME:ALU>	INS	279	PASS	0.000624	INFO_AF	HG02886	HG02884	HG02885	0/1	0/0	0/0	1	999	999
chr8	140272151	140272155	HGSV_131957	N	<INS>	<INS>	INS	54	PASS	0.006925	INFO_AF	HG02773	HG02771	HG02772	0/1	0/0	0/0	1	999	999
chr8	140272151	140272155	HGSV_131957	N	<INS>	<INS>	INS	54	PASS	0.006925	INFO_AF	HG02818	HG02816	HG02817	0/1	0/0	0/0	1	999	999
chr8	140272151	140272155	HGSV_131957	N	<INS>	<INS>	INS	54	PASS	0.006925	INFO_AF	HG03344	HG03343	HG03342	0/1	0/0	0/0	1	999	999
chr8	140272151	140272155	HGSV_131957	N	<INS>	<INS>	INS	54	PASS	0.006925	INFO_AF	HG03368	HG03367	HG03366	0/1	0/0	0/0	1	999	999
chr8	140272151	140272155	HGSV_131957	N	<INS>	<INS>	INS	54	PASS	0.006925	INFO_AF	NA19109	NA19107	NA19108	0/1	0/0	0/0	1	999	999
chr8	140272151	140272155	HGSV_131957	N	<INS>	<INS>	INS	54	PASS	0.006925	INFO_AF	NA19199	NA19198	NA19197	0/1	0/0	0/0	113	999	999
chr8	140349295	140349322	HGSV_131970	N	<INS>	<INS>	INS	74	PASS	0.002667	INFO_AF	HG02924	HG02923	HG02922	0/1	0/0	0/0	1	999	999
chr8	140427450	140427501	HGSV_131979	N	<INS:ME:ALU>	<INS:ME:ALU>	INS	281	PASS	0.000156	INFO_AF	NA19103	NA19101	NA19102	0/1	0/0	0/0	1	999	999
chr8	142603612	142603646	HGSV_132275	N	<INS>	<INS>	INS	337	PASS	0.003278	INFO_AF	HG02698	HG02696	HG02697	0/1	0/0	0/0	1	999	999
chr8	144021310	144021323	HGSV_132485	N	<INS>	<INS>	INS	96	PASS	0.005994	INFO_AF	HG00465	HG00463	HG00464	0/1	0/0	0/0	1	999	999
chr8	144021310	144021323	HGSV_132485	N	<INS>	<INS>	INS	96	PASS	0.005994	INFO_AF	HG00582	HG00580	HG00581	0/1	0/0	0/0	1	999	999
chr8	144021310	144021323	HGSV_132485	N	<INS>	<INS>	INS	96	PASS	0.005994	INFO_AF	HG00627	HG00625	HG00626	0/1	0/0	0/0	1	999	999
chr8	144021310	144021323	HGSV_132485	N	<INS>	<INS>	INS	96	PASS	0.005994	INFO_AF	HG02584	HG02582	HG02583	0/1	0/0	0/0	1	999	999
chr8	144021310	144021323	HGSV_132485	N	<INS>	<INS>	INS	96	PASS	0.005994	INFO_AF	HG03942	HG03941	HG03940	0/1	0/0	0/0	1	999	999
chr8	144021310	144021323	HGSV_132485	N	<INS>	<INS>	INS	96	PASS	0.005994	INFO_AF	NA10863	NA12264	NA12234	0/1	0/0	0/0	1	999	999
chr8	144021310	144021323	HGSV_132485	N	<INS>	<INS>	INS	96	PASS	0.005994	INFO_AF	NA19757	NA19756	NA19755	0/1	0/0	0/0	1	999	999
chr9	400976	400982	HGSV_132729	N	<INS>	<INS>	INS	61	PASS	0.002348	INFO_AF	HG02240	HG02238	HG02239	0/1	0/0	0/0	1	999	999
chr9	400976	400982	HGSV_132729	N	<INS>	<INS>	INS	61	PASS	0.002348	INFO_AF	HG02886	HG02884	HG02885	0/1	0/0	0/0	1	999	999
chr9	400976	400982	HGSV_132729	N	<INS>	<INS>	INS	61	PASS	0.002348	INFO_AF	NA19109	NA19107	NA19108	0/1	0/0	0/0	1	999	999
chr9	1277778	1277829	HGSV_132865	N	<INS:ME:ALU>	<INS:ME:ALU>	INS	281	PASS	0.007649	INFO_AF	HG01601	HG01603	HG01602	0/1	0/0	0/0	1	999	999
chr9	5103316	5103360	HGSV_133222	N	<INS>	<INS>	INS	319	PASS	0.004375	INFO_AF	HG02596	HG02594	HG02595	0/1	0/0	0/0	1	999	999
chr9	5103316	5103360	HGSV_133222	N	<INS>	<INS>	INS	319	PASS	0.004375	INFO_AF	HG02806	HG02804	HG02805	0/1	0/0	0/0	1	999	999
chr9	5103316	5103360	HGSV_133222	N	<INS>	<INS>	INS	319	PASS	0.004375	INFO_AF	HG02818	HG02816	HG02817	0/1	0/0	0/0	1	999	999
chr9	5103316	5103360	HGSV_133222	N	<INS>	<INS>	INS	319	PASS	0.004375	INFO_AF	HG03041	HG03039	HG03040	0/1	0/0	0/0	1	999	999
chr9	5103316	5103360	HGSV_133222	N	<INS>	<INS>	INS	319	PASS	0.004375	INFO_AF	HG03248	HG03246	HG03247	0/1	0/0	0/0	1	999	999
chr9	5103316	5103360	HGSV_133222	N	<INS>	<INS>	INS	319	PASS	0.004375	INFO_AF	HG03540	HG03538	HG03539	0/1	0/0	0/0	1	999	999
chr9	5103316	5103360	HGSV_133222	N	<INS>	<INS>	INS	319	PASS	0.004375	INFO_AF	NA19097	NA19096	NA19095	0/1	0/0	0/0	1	999	999
chr9	5103316	5103360	HGSV_133222	N	<INS>	<INS>	INS	319	PASS	0.004375	INFO_AF	NA19123	NA19121	NA19122	0/1	0/0	0/0	1	999	999
chr9	5103316	5103360	HGSV_133222	N	<INS>	<INS>	INS	319	PASS	0.004375	INFO_AF	NA19177	NA19175	NA19176	0/1	0/0	0/0	1	999	999
chr9	6120572	6120576	HGSV_133312	N	<INS>	<INS>	INS	59	PASS	0.000937	INFO_AF	HG01614	HG01615	HG01613	0/1	0/0	0/0	1	999	999
chr9	8991870	8991920	HGSV_133622	N	<INS:ME:ALU>	<INS:ME:ALU>	INS	280	PASS	0.002185	INFO_AF	HG02587	HG02585	HG02586	0/1	0/0	0/0	1	999	999
chr9	9131842	9131893	HGSV_133632	N	<INS:ME:ALU>	<INS:ME:ALU>	INS	88	PASS	0.003746	INFO_AF	HG02701	HG02699	HG02700	0/1	0/0	0/0	1	27	999
chr9	10449087	10449104	HGSV_133782	N	<INS>	<INS>	INS	53	PASS	0.005662	INFO_AF	HG02862	HG02860	HG02861	0/1	0/0	0/0	1	999	999
chr9	10449087	10449104	HGSV_133782	N	<INS>	<INS>	INS	53	PASS	0.005662	INFO_AF	HG03116	HG03115	HG03114	0/1	0/0	0/0	1	999	999
chr9	11431372	11431423	HGSV_133899	N	<INS:ME:ALU>	<INS:ME:ALU>	INS	281	PASS	0.009366	INFO_AF	HG03098	HG03096	HG03097	0/1	0/0	0/0	1	999	999
chr9	12686485	12686536	HGSV_134121	N	<INS:ME:ALU>	<INS:ME:ALU>	INS	280	PASS	0.004403	INFO_AF	NA19208	NA19207	NA19206	0/1	0/0	0/0	1	999	999
chr9	15767817	15767833	HGSV_134390	N	<INS>	<INS>	INS	125	PASS	0.009555	INFO_AF	HG01952	HG01950	HG01951	0/1	0/0	0/0	1	999	999
chr9	15767817	15767833	HGSV_134390	N	<INS>	<INS>	INS	125	PASS	0.009555	INFO_AF	HG03047	HG03045	HG03046	0/1	0/0	0/0	1	999	999
chr9	15767817	15767833	HGSV_134390	N	<INS>	<INS>	INS	125	PASS	0.009555	INFO_AF	HG03456	HG03454	HG03455	0/1	0/0	0/0	1	999	999
chr9	15767817	15767833	HGSV_134390	N	<INS>	<INS>	INS	125	PASS	0.009555	INFO_AF	NA18935	NA18934	NA18933	0/1	0/0	0/0	1	999	999
chr9	15767817	15767833	HGSV_134390	N	<INS>	<INS>	INS	125	PASS	0.009555	INFO_AF	NA19757	NA19756	NA19755	0/1	0/0	0/0	1	999	999
chr9	17392883	17392934	HGSV_134534	N	<INS:ME:ALU>	<INS:ME:ALU>	INS	280	PASS	0.002812	INFO_AF	HG03519	HG03518	HG03517	0/1	0/0	0/0	1	999	999
chr9	23366689	23366740	HGSV_135092	N	<INS:ME:ALU>	<INS:ME:ALU>	INS	279	PASS	0.000156	INFO_AF	HG01496	HG01494	HG01495	0/1	0/0	0/0	1	999	999
chr9	23802895	23802946	HGSV_135130	N	<INS:ME:ALU>	<INS:ME:ALU>	INS	76	PASS	0.002193	INFO_AF	HG03579	HG03577	HG03578	0/1	0/0	0/0	1	999	999
chr9	27483024	27483075	HGSV_135465	N	<INS:ME:ALU>	<INS:ME:ALU>	INS	281	PASS	0.007805	INFO_AF	HG02761	HG02759	HG02760	0/1	0/0	0/0	1	999	999
chr9	27483024	27483075	HGSV_135465	N	<INS:ME:ALU>	<INS:ME:ALU>	INS	281	PASS	0.007805	INFO_AF	HG02856	HG02854	HG02855	0/1	0/0	0/0	1	999	999
chr9	27823533	27823584	HGSV_135500	N	<INS:ME:ALU>	<INS:ME:ALU>	INS	281	PASS	0.007538	INFO_AF	HG02809	HG02807	HG02808	0/1	0/0	0/0	1	999	999
chr9	28073893	28073937	HGSV_135525	N	<INS:ME:ALU>	<INS:ME:ALU>	INS	294	PASS	0.000468	INFO_AF	NA12864	NA12872	NA12873	0/1	0/0	0/0	1	999	999
chr9	29555671	29555722	HGSV_135713	N	<INS:ME:ALU>	<INS:ME:ALU>	INS	281	PASS	0.006869	INFO_AF	HG03164	HG03163	HG03162	0/1	0/0	0/0	208	999	999
chr9	29865508	29865559	HGSV_135738	N	<INS:ME:ALU>	<INS:ME:ALU>	INS	280	PASS	0.005464	INFO_AF	HG01523	HG01521	HG01522	0/1	0/0	0/0	1	999	999
chr9	31978717	31978731	HGSV_135946	N	<INS:ME:ALU>	<INS:ME:ALU>	INS	281	PASS	0.000156	INFO_AF	NA19775	NA19774	NA19773	0/1	0/0	0/0	1	999	999
chr9	66054112	66054114	HGSV_137116	N	<INS>	<INS>	INS	82	PASS	0.008841	INFO_AF	NA19154	NA19153	NA19152	0/1	0/0	0/0	364	999	999
chr9	66054112	66054114	HGSV_137116	N	<INS>	<INS>	INS	82	PASS	0.008841	INFO_AF	NA19671	NA19670	NA19669	0/1	0/0	0/0	1	999	999
chr9	69379038	69379089	HGSV_137301	N	<INS:ME:ALU>	<INS:ME:ALU>	INS	279	PASS	0.008273	INFO_AF	HG02622	HG02620	HG02621	0/1	0/0	0/0	1	999	999
chr9	69956663	69956714	HGSV_137348	N	<INS:ME:ALU>	<INS:ME:ALU>	INS	280	PASS	0.000156	INFO_AF	HG02622	HG02620	HG02621	0/1	0/0	0/0	1	999	999
chr9	70358719	70358770	HGSV_137376	N	<INS:ME:ALU>	<INS:ME:ALU>	INS	280	PASS	0.008273	INFO_AF	NA18497	NA18498	NA18499	0/1	0/0	0/0	1	999	999
chr9	70358719	70358770	HGSV_137376	N	<INS:ME:ALU>	<INS:ME:ALU>	INS	280	PASS	0.008273	INFO_AF	NA18500	NA18501	NA18502	0/1	0/0	0/0	1	999	999
chr9	71240635	71240670	HGSV_137436	N	<INS>	<INS>	INS	323	PASS	0.004995	INFO_AF	NA19177	NA19175	NA19176	0/1	0/0	0/0	627	999	999
chr9	72227509	72227560	HGSV_137521	N	<INS:ME:ALU>	<INS:ME:ALU>	INS	267	PASS	0.008143	INFO_AF	HG02871	HG02869	HG02870	0/1	0/0	0/0	1	999	999
chr9	73375759	73375810	HGSV_137623	N	<INS:ME:ALU>	<INS:ME:ALU>	INS	280	PASS	0.00172	INFO_AF	NA18506	NA18507	NA18508	0/1	0/0	0/0	1	999	999
chr9	75454877	75454928	HGSV_137776	N	<INS:ME:ALU>	<INS:ME:ALU>	INS	244	PASS	0.000625	INFO_AF	HG02622	HG02620	HG02621	0/1	0/0	0/0	1	999	999
chr9	75511827	75511878	HGSV_137788	N	<INS:ME:ALU>	<INS:ME:ALU>	INS	280	PASS	0.000937	INFO_AF	HG01391	HG01389	HG01390	0/1	0/0	0/0	1	999	999
chr9	76926625	76926676	HGSV_137904	N	<INS:ME:ALU>	<INS:ME:ALU>	INS	280	PASS	0.006869	INFO_AF	HG02980	HG02981	HG02979	0/1	0/0	0/0	1	999	999
chr9	76996794	76996845	HGSV_137915	N	<INS:ME:ALU>	<INS:ME:ALU>	INS	281	PASS	0.002659	INFO_AF	HG03122	HG03120	HG03121	0/1	0/0	0/0	1	999	999
chr9	77277760	77277811	HGSV_137954	N	<INS:ME:ALU>	<INS:ME:ALU>	INS	280	PASS	0.000312	INFO_AF	NA19249	NA19248	NA19247	0/1	0/0	0/0	1	999	999
chr9	77331938	77331989	HGSV_137961	N	<INS:ME:ALU>	<INS:ME:ALU>	INS	270	PASS	0.000156	INFO_AF	HG01919	HG01917	HG01918	0/1	0/0	0/0	1	999	999
chr9	77836536	77836587	HGSV_137995	N	<INS:ME:ALU>	<INS:ME:ALU>	INS	280	PASS	0.000468	INFO_AF	NA18863	NA18862	NA18861	0/1	0/0	0/0	1	999	999
chr9	78451749	78451800	HGSV_138041	N	<INS:ME:ALU>	<INS:ME:ALU>	INS	280	PASS	0.006583	INFO_AF	HG01169	HG01167	HG01168	0/1	0/0	0/0	1	999	999
chr9	78451749	78451800	HGSV_138041	N	<INS:ME:ALU>	<INS:ME:ALU>	INS	280	PASS	0.006583	INFO_AF	HG02764	HG02762	HG02763	0/1	0/0	0/0	1	999	999
chr9	79054544	79054594	HGSV_138088	N	<INS>	<INS>	INS	58	PASS	0.002663	INFO_AF	HG00474	HG00472	HG00473	0/1	0/0	0/0	1	999	999
chr9	79805849	79805900	HGSV_138142	N	<INS:ME:ALU>	<INS:ME:ALU>	INS	281	PASS	0.008819	INFO_AF	HG02883	HG02881	HG02882	0/1	0/0	0/0	1	999	999
chr9	79880208	79880242	HGSV_138155	N	<INS:ME:ALU>	<INS:ME:ALU>	INS	277	PASS	0.000781	INFO_AF	HG02612	HG02610	HG02611	0/1	0/0	0/0	1	999	999
chr9	80036690	80036741	HGSV_138165	N	<INS:ME:ALU>	<INS:ME:ALU>	INS	281	PASS	0.009054	INFO_AF	HG02975	HG02973	HG02974	0/1	0/0	0/0	1	999	999
chr9	80036690	80036741	HGSV_138165	N	<INS:ME:ALU>	<INS:ME:ALU>	INS	281	PASS	0.009054	INFO_AF	NA19103	NA19101	NA19102	0/1	0/0	0/0	1	999	999
chr9	80973685	80973736	HGSV_138256	N	<INS:ME:ALU>	<INS:ME:ALU>	INS	281	PASS	0.006088	INFO_AF	HG03035	HG03033	HG03034	0/1	0/0	0/0	1	999	999
chr9	82576717	82576768	HGSV_138385	N	<INS:ME:ALU>	<INS:ME:ALU>	INS	281	PASS	0.000156	INFO_AF	HG00685	HG00683	HG00684	0/1	0/0	0/0	1	999	999
chr9	85754873	85754924	HGSV_138606	N	<INS:ME:ALU>	<INS:ME:ALU>	INS	281	PASS	0.009366	INFO_AF	NA18860	NA18859	NA18858	0/1	0/0	0/0	127	999	999
chr9	85754873	85754924	HGSV_138606	N	<INS:ME:ALU>	<INS:ME:ALU>	INS	281	PASS	0.009366	INFO_AF	NA19148	NA19146	NA19147	0/1	0/0	0/0	1	999	999
chr9	85969284	85969335	HGSV_138630	N	<INS:ME:ALU>	<INS:ME:ALU>	INS	279	PASS	0.004844	INFO_AF	HG01916	HG01914	HG01915	0/1	0/0	0/0	198	999	999
chr9	86149039	86149090	HGSV_138651	N	<INS:ME:ALU>	<INS:ME:ALU>	INS	280	PASS	0.002032	INFO_AF	HG02055	HG02053	HG02054	0/1	0/0	0/0	1	999	999
chr9	86775214	86775265	HGSV_138696	N	<INS:ME:ALU>	<INS:ME:ALU>	INS	280	PASS	0.002812	INFO_AF	HG01884	HG01885	HG01956	0/1	0/0	0/0	1	999	999
chr9	86775214	86775265	HGSV_138696	N	<INS:ME:ALU>	<INS:ME:ALU>	INS	280	PASS	0.002812	INFO_AF	NA20279	NA20278	NA20282	0/1	0/0	0/0	1	999	999
chr9	88458332	88458383	HGSV_138841	N	<INS:ME:ALU>	<INS:ME:ALU>	INS	281	PASS	0.001093	INFO_AF	NA18914	NA18913	NA18912	0/1	0/0	0/0	667	999	999
chr9	96792506	96792558	HGSV_139565	N	<INS:ME:ALU>	<INS:ME:ALU>	INS	281	PASS	0.000781	INFO_AF	NA19656	NA19655	NA19654	0/1	0/0	0/0	999	999	999
chr9	98662054	98662105	HGSV_139720	N	<INS:ME:ALU>	<INS:ME:ALU>	INS	280	PASS	0.000156	INFO_AF	HG00735	HG01047	HG00734	0/1	0/0	0/0	1	999	999
chr9	100502029	100502048	HGSV_139862	N	<INS:ME:ALU>	<INS:ME:ALU>	INS	281	PASS	0.000156	INFO_AF	NA19983	NA19982	NA19713	0/1	0/0	0/0	1	999	999
chr9	101238295	101238295	HGSV_139915	N	<INS>	<INS>	INS	107	PASS	0.003288	INFO_AF	HG02717	HG02715	HG02716	0/1	0/0	0/0	.	.	.
chr9	101238295	101238295	HGSV_139915	N	<INS>	<INS>	INS	107	PASS	0.003288	INFO_AF	NA12865	NA12874	NA12875	0/1	0/0	0/0	.	.	.
chr9	101285302	101285353	HGSV_139922	N	<INS:ME:ALU>	<INS:ME:ALU>	INS	256	PASS	0.006712	INFO_AF	NA19173	NA19171	NA19172	0/1	0/0	0/0	1	999	999
chr9	102418403	102418454	HGSV_140018	N	<INS:ME:ALU>	<INS:ME:ALU>	INS	280	PASS	0.00297	INFO_AF	NA18484	NA18486	NA18488	0/1	0/0	0/0	999	999	999
chr9	102418403	102418454	HGSV_140018	N	<INS:ME:ALU>	<INS:ME:ALU>	INS	280	PASS	0.00297	INFO_AF	NA19177	NA19175	NA19176	0/1	0/0	0/0	1	999	999
chr9	106210544	106210594	HGSV_140360	N	<INS>	<INS>	INS	64	PASS	0.00503	INFO_AF	NA19139	NA19138	NA19137	0/1	0/0	0/0	1	999	999
chr9	109036155	109036206	HGSV_140569	N	<INS:ME:ALU>	<INS:ME:ALU>	INS	281	PASS	0.00125	INFO_AF	HG02924	HG02923	HG02922	0/1	0/0	0/0	1	999	999
chr9	110244351	110244376	HGSV_140690	N	<INS>	<INS>	INS	52	PASS	0.002822	INFO_AF	HG02463	HG02461	HG02462	0/1	0/0	0/0	1	999	999
chr9	110837904	110837955	HGSV_140762	N	<INS:ME:ALU>	<INS:ME:ALU>	INS	281	PASS	0.008307	INFO_AF	HG03576	HG03574	HG03575	0/1	0/0	0/0	1	999	999
chr9	111887582	111887604	HGSV_140860	N	<INS>	<INS>	INS	57	PASS	0.005659	INFO_AF	NA10857	NA12043	NA12044	0/1	0/0	0/0	263	999	999
chr9	115150071	115150122	HGSV_141144	N	<INS:ME:ALU>	<INS:ME:ALU>	INS	280	PASS	0.00125	INFO_AF	HG02612	HG02610	HG02611	0/1	0/0	0/0	1	999	999
chr9	115732808	115732859	HGSV_141181	N	<INS:ME:ALU>	<INS:ME:ALU>	INS	281	PASS	0.000312	INFO_AF	HG02770	HG02768	HG02769	0/1	0/0	0/0	1	999	999
chr9	117215483	117215523	HGSV_141329	N	<INS>	<INS>	INS	103	PASS	0.005994	INFO_AF	HG02258	HG02314	HG02315	0/1	0/0	0/0	1	999	999
chr9	117215483	117215523	HGSV_141329	N	<INS>	<INS>	INS	103	PASS	0.005994	INFO_AF	HG02321	HG02281	HG02282	0/1	0/0	0/0	1	999	999
chr9	117215483	117215523	HGSV_141329	N	<INS>	<INS>	INS	103	PASS	0.005994	INFO_AF	NA18506	NA18507	NA18508	0/1	0/0	0/0	1	999	999
chr9	117215483	117215523	HGSV_141329	N	<INS>	<INS>	INS	103	PASS	0.005994	INFO_AF	NA18935	NA18934	NA18933	0/1	0/0	0/0	1	999	999
chr9	117453819	117453870	HGSV_141340	N	<INS:ME:ALU>	<INS:ME:ALU>	INS	274	PASS	0.002966	INFO_AF	HG02622	HG02620	HG02621	0/1	0/0	0/0	156	999	999
chr9	125113623	125113626	HGSV_141924	N	<INS>	<INS>	INS	320	PASS	0.003123	INFO_AF	NA19139	NA19138	NA19137	0/1	0/0	0/0	1	999	999
chr9	125113623	125113661	HGSV_141925	N	<INS>	<INS>	INS	319	PASS	0.003123	INFO_AF	NA19139	NA19138	NA19137	0/1	0/0	0/0	1	999	999
chr9	126943079	126943130	HGSV_142098	N	<INS:ME:ALU>	<INS:ME:ALU>	INS	279	PASS	0.000156	INFO_AF	HG01955	HG01953	HG01954	0/1	0/0	0/0	1	999	999
chr9	128763135	128763186	HGSV_142270	N	<INS:ME:ALU>	<INS:ME:ALU>	INS	259	PASS	0.000156	INFO_AF	NA19787	NA19786	NA19785	0/1	0/0	0/0	1	999	999
chr9	133077317	133077368	HGSV_142704	N	<INS:ME:ALU>	<INS:ME:ALU>	INS	281	PASS	0.005	INFO_AF	HG03035	HG03033	HG03034	0/1	0/0	0/0	1	999	999
chr9	133218150	133218188	HGSV_142715	N	<INS:ME:SVA>	<INS:ME:SVA>	INS	599	PASS	0.001093	INFO_AF	HG04122	HG04127	HG04075	0/1	0/0	0/0	1	999	999
chr9	133337740	133337791	HGSV_142746	N	<INS:ME:ALU>	<INS:ME:ALU>	INS	100	PASS	0.009678	INFO_AF	HG02677	HG02675	HG02676	0/1	0/0	0/0	1	999	999
chr9	133337740	133337791	HGSV_142746	N	<INS:ME:ALU>	<INS:ME:ALU>	INS	100	PASS	0.009678	INFO_AF	HG02680	HG02678	HG02679	0/1	0/0	0/0	1	999	999
chr9	133337740	133337791	HGSV_142746	N	<INS:ME:ALU>	<INS:ME:ALU>	INS	100	PASS	0.009678	INFO_AF	NA19103	NA19101	NA19102	0/1	0/0	0/0	1	999	999
chr9	134492897	134492948	HGSV_142885	N	<INS:ME:LINE1>	<INS:ME:LINE1>	INS	338	PASS	0.001406	INFO_AF	NA19177	NA19175	NA19176	0/1	0/0	0/0	1	999	999
chr9	137382068	137382130	HGSV_143268	N	<INS>	<INS>	INS	82	PASS	0.006132	INFO_AF	HG02838	HG02836	HG02837	0/1	0/0	0/0	1	999	999
chr9	137382068	137382130	HGSV_143268	N	<INS>	<INS>	INS	82	PASS	0.006132	INFO_AF	NA19145	NA19144	NA19143	0/1	0/0	0/0	1	999	999
chr9	137382068	137382130	HGSV_143268	N	<INS>	<INS>	INS	82	PASS	0.006132	INFO_AF	NA19148	NA19146	NA19147	0/1	0/0	0/0	1	999	999
chr9	137382068	137382130	HGSV_143268	N	<INS>	<INS>	INS	82	PASS	0.006132	INFO_AF	NA19215	NA19213	NA19214	0/1	0/0	0/0	1	999	999
chr9	137698087	137698090	HGSV_143317	N	<INS>	<INS>	INS	55	PASS	0.004403	INFO_AF	HG03453	HG03451	HG03452	0/1	0/0	0/0	1	999	999
chrX	563464	563515	HGSV_248668	N	<INS:ME:ALU>	<INS:ME:ALU>	INS	281	PASS	0.000156	INFO_AF	NA10854	NA11839	NA11840	0/1	0/0	0/0	1	999	999
chrX	1634067	1634080	HGSV_249188	N	<INS>	<INS>	INS	135	PASS	0.004565	INFO_AF	HG02966	HG02965	HG02964	0/1	0/0	0/0	1	999	999
chrX	1634067	1634080	HGSV_249188	N	<INS>	<INS>	INS	135	PASS	0.004565	INFO_AF	NA18484	NA18486	NA18488	0/1	0/0	0/0	1	999	999
chrX	1634067	1634080	HGSV_249188	N	<INS>	<INS>	INS	135	PASS	0.004565	INFO_AF	NA18906	NA18877	NA18876	0/1	0/0	0/0	1	999	999
chrX	1894521	1894527	HGSV_249278	N	<INS>	<INS>	INS	67	PASS	0.008125	INFO_AF	HG01897	HG02013	HG01896	0/1	0/0	0/0	1	999	999
chrX	1894521	1894527	HGSV_249278	N	<INS>	<INS>	INS	67	PASS	0.008125	INFO_AF	HG03992	HG03943	HG03944	0/1	0/0	0/0	1	999	999
chrX	2385479	2385530	HGSV_249363	N	<INS:ME:ALU>	<INS:ME:ALU>	INS	280	PASS	0.003125	INFO_AF	HG02526	HG02524	HG02525	0/1	0/0	0/0	1	999	999
chrX	2610835	2610886	HGSV_249413	N	<INS:ME:ALU>	<INS:ME:ALU>	INS	280	PASS	0.002654	INFO_AF	HG01276	HG01274	HG01275	0/1	0/0	0/0	1	999	999
chrX	13149531	13149582	HGSV_250073	N	<INS:ME:ALU>	<INS:ME:ALU>	INS	279	PASS	0.001876	INFO_AF	HG03310	HG03311	HG03309	0/1	0/0	0/0	1	999	999
chrX	14401328	14401334	HGSV_250154	N	<INS>	<INS>	INS	66	PASS	0.004686	INFO_AF	HG01881	HG01879	HG01880	0/1	0/0	0/0	1	999	999
chrX	16923804	16923804	HGSV_250290	N	<INS:ME:ALU>	<INS:ME:ALU>	INS	319	PASS	0.0012525	INFO_AF	HG01361	HG01359	HG01360	0/1	0	0/0	.	.	.
chrX	17537301	17537352	HGSV_250317	N	<INS:ME:ALU>	<INS:ME:ALU>	INS	281	PASS	0.001093	INFO_AF	NA18911	NA18910	NA18909	0/1	0/0	0/0	1	999	999
chrX	22942134	22942185	HGSV_250594	N	<INS:ME:ALU>	<INS:ME:ALU>	INS	281	PASS	0.002194	INFO_AF	HG02622	HG02620	HG02621	0/1	0/0	0/0	1	999	999
chrX	26397668	26397719	HGSV_250818	N	<INS:ME:ALU>	<INS:ME:ALU>	INS	271	PASS	0.004385	INFO_AF	NA19730	NA19729	NA19728	0/1	0/0	0/0	1	999	999
chrX	26621932	26621993	HGSV_250833	N	<INS>	<INS>	INS	56	PASS	0.004404	INFO_AF	HG00444	HG00442	HG00443	0/1	0/0	0/0	1	999	999
chrX	26621932	26621993	HGSV_250833	N	<INS>	<INS>	INS	56	PASS	0.004404	INFO_AF	HG01677	HG01678	HG01676	0/1	0/0	0/0	1	999	999
chrX	26621932	26621993	HGSV_250833	N	<INS>	<INS>	INS	56	PASS	0.004404	INFO_AF	NA18860	NA18859	NA18858	0/1	0/0	0/0	1	999	999
chrX	26621932	26621993	HGSV_250833	N	<INS>	<INS>	INS	56	PASS	0.004404	INFO_AF	NA18935	NA18934	NA18933	0/1	0/0	0/0	1	999	999
chrX	27635847	27635868	HGSV_250906	N	<INS>	<INS>	INS	332	PASS	0.005308	INFO_AF	HG02735	HG02733	HG02734	0/1	0/0	0/0	1	999	999
chrX	28428392	28428443	HGSV_250953	N	<INS:ME:ALU>	<INS:ME:ALU>	INS	280	PASS	0.006869	INFO_AF	NA12878	NA12891	NA12892	0/1	0/0	0/0	1	999	999
chrX	29044760	29044811	HGSV_250985	N	<INS:ME:ALU>	<INS:ME:ALU>	INS	280	PASS	0.002654	INFO_AF	HG02723	HG02721	HG02722	0/1	0/0	0/0	1	999	999
chrX	29252032	29252072	HGSV_250999	N	<INS:ME:ALU>	<INS:ME:ALU>	INS	279	PASS	0.002977	INFO_AF	HG03296	HG03295	HG03294	0/1	0/0	0/0	1	999	999
chrX	29606959	29607010	HGSV_251025	N	<INS:ME:ALU>	<INS:ME:ALU>	INS	280	PASS	0.000624	INFO_AF	NA18925	NA18923	NA18924	0/1	0/0	0/0	1	999	999
chrX	35248843	35248894	HGSV_251442	N	<INS:ME:ALU>	<INS:ME:ALU>	INS	281	PASS	0.009835	INFO_AF	HG03041	HG03039	HG03040	0/1	0/0	0/0	749	999	999
chrX	35502002	35502053	HGSV_251455	N	<INS:ME:ALU>	<INS:ME:ALU>	INS	280	PASS	0.004713	INFO_AF	NA18484	NA18486	NA18488	0/1	0/0	0/0	1	999	999
chrX	38561277	38561299	HGSV_251606	N	<INS>	<INS>	INS	50	PASS	0.003914	INFO_AF	HG02776	HG02774	HG02775	0/1	0/0	0/0	1	999	999
chrX	40610843	40610859	HGSV_251711	N	<INS>	<INS>	INS	52	PASS	0.004059	INFO_AF	NA19145	NA19144	NA19143	0/1	0/0	0/0	1	999	999
chrX	44702257	44702308	HGSV_251945	N	<INS:ME:ALU>	<INS:ME:ALU>	INS	235	PASS	0.00266	INFO_AF	NA19775	NA19774	NA19773	0/1	0/0	0/0	1	999	999
chrX	45896683	45896734	HGSV_252027	N	<INS:ME:ALU>	<INS:ME:ALU>	INS	102	PASS	0.003122	INFO_AF	HG01184	HG01182	HG01183	0/1	0/0	0/0	1	999	999
chrX	45896683	45896734	HGSV_252027	N	<INS:ME:ALU>	<INS:ME:ALU>	INS	102	PASS	0.003122	INFO_AF	HG03137	HG03136	HG03135	0/1	0/0	0/0	1	999	999
chrX	47326677	47326677	HGSV_252102	N	<INS>	<INS>	INS	195	PASS	0.00581395	INFO_AF	HG01532	HG01530	HG01531	1	0	0/0	.	.	.
chrX	47326677	47326677	HGSV_252102	N	<INS>	<INS>	INS	195	PASS	0.00581395	INFO_AF	HG01609	HG01608	HG01607	1	0	0/0	.	.	.
chrX	47326677	47326677	HGSV_252102	N	<INS>	<INS>	INS	195	PASS	0.00581395	INFO_AF	HG01884	HG01885	HG01956	0/1	0	0/0	.	.	.
chrX	47326677	47326677	HGSV_252102	N	<INS>	<INS>	INS	195	PASS	0.00581395	INFO_AF	HG03239	HG03237	HG03238	0/1	0	0/0	.	.	.
chrX	47326677	47326677	HGSV_252102	N	<INS>	<INS>	INS	195	PASS	0.00581395	INFO_AF	HG03579	HG03577	HG03578	1	0	0/0	.	.	.
chrX	47335225	47335262	HGSV_252103	N	<INS>	<INS>	INS	304	PASS	0.009838	INFO_AF	NA18935	NA18934	NA18933	0/1	0/0	0/0	946	999	999
chrX	51253026	51253076	HGSV_252326	N	<INS>	<INS>	INS	61	PASS	0.008852	INFO_AF	NA19097	NA19096	NA19095	0/1	0/0	0/0	156	999	999
chrX	52990779	52990780	HGSV_252412	N	<INS>	<INS>	INS	85	PASS	0.00125	INFO_AF	HG02841	HG02839	HG02840	0/1	0/0	0/0	1	999	999
chrX	67167622	67167673	HGSV_252976	N	<INS:ME:ALU>	<INS:ME:ALU>	INS	247	PASS	0.000156	INFO_AF	HG00453	HG00451	HG00452	0/1	0/0	0/0	1	999	999
chrX	72531747	72531798	HGSV_253291	N	<INS:ME:ALU>	<INS:ME:ALU>	INS	280	PASS	0.000938	INFO_AF	NA19115	NA19113	NA19114	0/1	0/0	0/0	1	999	999
chrX	76172137	76172141	HGSV_253489	N	<INS>	<INS>	INS	84	PASS	0.006717	INFO_AF	HG02024	HG02026	HG02025	0/1	0/0	0/0	1	999	999
chrX	78792146	78792197	HGSV_253621	N	<INS:ME:ALU>	<INS:ME:ALU>	INS	281	PASS	0.005938	INFO_AF	NA19237	NA19236	NA19235	0/1	0/0	0/0	1	999	999
chrX	80315762	80315813	HGSV_253720	N	<INS:ME:ALU>	<INS:ME:ALU>	INS	280	PASS	0.004551	INFO_AF	HG02055	HG02053	HG02054	0/1	0/0	0/0	1	999	999
chrX	81489363	81489413	HGSV_253787	N	<INS>	<INS>	INS	93	PASS	0.002974	INFO_AF	HG01881	HG01879	HG01880	0/1	0/0	0/0	1	999	999
chrX	94125989	94126018	HGSV_254588	N	<INS:ME:ALU>	<INS:ME:ALU>	INS	281	PASS	0.009054	INFO_AF	NA10837	NA12272	NA12273	0/1	0/0	0/0	1	999	999
chrX	94351608	94351655	HGSV_254609	N	<INS:ME:SVA>	<INS:ME:SVA>	INS	427	PASS	0.008312	INFO_AF	HG02590	HG02588	HG02589	0/1	0/0	0/0	218	999	999
chrX	95784248	95784299	HGSV_254712	N	<INS:ME:ALU>	<INS:ME:ALU>	INS	280	PASS	0.007181	INFO_AF	NA19177	NA19175	NA19176	0/1	0/0	0/0	1	999	999
chrX	106643401	106643452	HGSV_255256	N	<INS:ME:ALU>	<INS:ME:ALU>	INS	281	PASS	0.003128	INFO_AF	HG02055	HG02053	HG02054	0/1	0/0	0/0	1	999	999
chrX	110882561	110882612	HGSV_255455	N	<INS:ME:ALU>	<INS:ME:ALU>	INS	264	PASS	0.001718	INFO_AF	HG02321	HG02281	HG02282	0/1	0/0	0/0	1	999	999
chrX	111028039	111028078	HGSV_255460	N	<INS>	<INS>	INS	78	PASS	0.009068	INFO_AF	HG01087	HG01085	HG01086	0/1	0/0	0/0	1	999	999
chrX	111028039	111028078	HGSV_255460	N	<INS>	<INS>	INS	78	PASS	0.009068	INFO_AF	NA07048	NA07034	NA07055	0/1	0/0	0/0	1	999	999
chrX	116557711	116557754	HGSV_255784	N	<INS>	<INS>	INS	190	PASS	0.000312	INFO_AF	HG00558	HG00556	HG00557	0/1	0/0	0/0	1	999	999
chrX	116655095	116655136	HGSV_255788	N	<INS>	<INS>	INS	55	PASS	0.007251	INFO_AF	HG03119	HG03118	HG03117	0/1	0/0	0/0	24	999	999
chrX	119069434	119069485	HGSV_255965	N	<INS:ME:ALU>	<INS:ME:ALU>	INS	281	PASS	0.0064	INFO_AF	HG03296	HG03295	HG03294	0/1	0/0	0/0	1	999	999
chrX	119332589	119332609	HGSV_255987	N	<INS>	<INS>	INS	50	PASS	0.000938	INFO_AF	HG03116	HG03115	HG03114	0/1	0/0	0/0	1	999	999
chrX	121394370	121394401	HGSV_256111	N	<INS>	<INS>	INS	99	PASS	0.002193	INFO_AF	HG00444	HG00442	HG00443	0/1	0/0	0/0	1	999	999
chrX	121394370	121394401	HGSV_256111	N	<INS>	<INS>	INS	99	PASS	0.002193	INFO_AF	HG00526	HG00524	HG00525	0/1	0/0	0/0	41	999	999
chrX	121394370	121394401	HGSV_256111	N	<INS>	<INS>	INS	99	PASS	0.002193	INFO_AF	HG00567	HG00565	HG00566	0/1	0/0	0/0	1	999	999
chrX	121394370	121394401	HGSV_256111	N	<INS>	<INS>	INS	99	PASS	0.002193	INFO_AF	HG02523	HG02521	HG02522	0/1	0/0	0/0	1	999	999
chrX	122626258	122626309	HGSV_256175	N	<INS:ME:LINE1>	<INS:ME:LINE1>	INS	452	PASS	0.009396	INFO_AF	HG01463	HG01461	HG01462	0/1	0/0	0/0	1	999	999
chrX	123738878	123738913	HGSV_256244	N	<INS>	<INS>	INS	316	PASS	0.007519	INFO_AF	HG02717	HG02715	HG02716	0/1	0/0	0/0	1	999	999
chrX	123738878	123738913	HGSV_256244	N	<INS>	<INS>	INS	316	PASS	0.007519	INFO_AF	HG03584	HG03582	HG03583	0/1	0/0	0/0	1	999	999
chrX	123738878	123738913	HGSV_256244	N	<INS>	<INS>	INS	316	PASS	0.007519	INFO_AF	NA18503	NA18504	NA18505	0/1	0/0	0/0	1	999	999
chrX	123738878	123738913	HGSV_256244	N	<INS>	<INS>	INS	316	PASS	0.007519	INFO_AF	NA18518	NA18519	NA18520	0/1	0/0	0/0	1	999	999
chrX	123738878	123738913	HGSV_256244	N	<INS>	<INS>	INS	316	PASS	0.007519	INFO_AF	NA19103	NA19101	NA19102	0/1	0/0	0/0	1	999	999
chrX	123738878	123738913	HGSV_256244	N	<INS>	<INS>	INS	316	PASS	0.007519	INFO_AF	NA19221	NA19223	NA19222	0/1	0/0	0/0	1	999	999
chrX	123738878	123738913	HGSV_256244	N	<INS>	<INS>	INS	316	PASS	0.007519	INFO_AF	NA19224	NA19226	NA19225	0/1	0/0	0/0	1	999	999
chrX	123747336	123747386	HGSV_256247	N	<INS:ME:ALU>	<INS:ME:ALU>	INS	281	PASS	0.005156	INFO_AF	NA18911	NA18910	NA18909	0/1	0/0	0/0	1	999	999
chrX	124226573	124226616	HGSV_256294	N	<INS>	<INS>	INS	55	PASS	0.004383	INFO_AF	HG02889	HG02887	HG02888	0/1	0/0	0/0	1	999	999
chrX	128222161	128222212	HGSV_256501	N	<INS:ME:ALU>	<INS:ME:ALU>	INS	281	PASS	0.006244	INFO_AF	HG02662	HG02660	HG02661	0/1	0/0	0/0	1	999	999
chrX	129429948	129429999	HGSV_256569	N	<INS:ME:ALU>	<INS:ME:ALU>	INS	279	PASS	0.000937	INFO_AF	HG02897	HG02895	HG02896	0/1	0/0	0/0	1	999	999
chrX	133870624	133870675	HGSV_256787	N	<INS:ME:ALU>	<INS:ME:ALU>	INS	280	PASS	0.008472	INFO_AF	HG03540	HG03538	HG03539	0/1	0/0	0/0	156	999	999
chrX	133870624	133870675	HGSV_256787	N	<INS:ME:ALU>	<INS:ME:ALU>	INS	280	PASS	0.008472	INFO_AF	HG03576	HG03574	HG03575	0/1	0/0	0/0	1	999	999
chrX	138984708	138984769	HGSV_257083	N	<INS>	<INS>	INS	57	PASS	0.003137	INFO_AF	HG00558	HG00556	HG00557	0/1	0/0	0/0	1	999	999
chrX	138984708	138984769	HGSV_257083	N	<INS>	<INS>	INS	57	PASS	0.003137	INFO_AF	HG01511	HG01509	HG01510	0/1	0/0	0/0	1	999	999
chrX	138984708	138984769	HGSV_257083	N	<INS>	<INS>	INS	57	PASS	0.003137	INFO_AF	HG01755	HG01756	HG01757	0/1	0/0	0/0	1	999	999
chrX	138984708	138984769	HGSV_257083	N	<INS>	<INS>	INS	57	PASS	0.003137	INFO_AF	HG01972	HG01970	HG01971	0/1	0/0	0/0	1	999	999
chrX	138984708	138984769	HGSV_257083	N	<INS>	<INS>	INS	57	PASS	0.003137	INFO_AF	HG02841	HG02839	HG02840	0/1	0/0	0/0	1	999	999
chrX	138984708	138984769	HGSV_257083	N	<INS>	<INS>	INS	57	PASS	0.003137	INFO_AF	NA19686	NA19685	NA19684	0/1	0/0	0/0	1	999	999
chrX	138984708	138984769	HGSV_257083	N	<INS>	<INS>	INS	57	PASS	0.003137	INFO_AF	NA19748	NA19747	NA19746	0/1	0/0	0/0	1	999	999
chrX	139689654	139689699	HGSV_257139	N	<INS:ME:ALU>	<INS:ME:ALU>	INS	96	PASS	0.006244	INFO_AF	HG02862	HG02860	HG02861	0/1	0/0	0/0	1	999	999
chrX	143411351	143411402	HGSV_257369	N	<INS:ME:ALU>	<INS:ME:ALU>	INS	281	PASS	0.00894	INFO_AF	NA19221	NA19223	NA19222	0/1	0/0	0/0	1	999	999
chrX	143411351	143411402	HGSV_257369	N	<INS:ME:ALU>	<INS:ME:ALU>	INS	281	PASS	0.00894	INFO_AF	NA19240	NA19239	NA19238	0/1	0/0	0/0	1	999	999
chrX	145048643	145048694	HGSV_257468	N	<INS:ME:ALU>	<INS:ME:ALU>	INS	281	PASS	0.001406	INFO_AF	NA19177	NA19175	NA19176	0/1	0/0	0/0	1	999	999
chrX	146677131	146677182	HGSV_257585	N	<INS:ME:ALU>	<INS:ME:ALU>	INS	281	PASS	0.002185	INFO_AF	HG02280	HG02307	HG02308	0/1	0/0	0/0	1	999	999
chrX	146677131	146677182	HGSV_257585	N	<INS:ME:ALU>	<INS:ME:ALU>	INS	281	PASS	0.002185	INFO_AF	NA18869	NA18868	NA18867	0/1	0/0	0/0	1	999	999
chrX	152050297	152050348	HGSV_257886	N	<INS:ME:ALU>	<INS:ME:ALU>	INS	281	PASS	0.004527	INFO_AF	HG03251	HG03249	HG03250	0/1	0/0	0/0	1	999	999
chrX	153584592	153584597	HGSV_257986	N	<INS>	<INS>	INS	52	PASS	0.007253	INFO_AF	HG00555	HG00553	HG00554	0/1	0/0	0/0	1	999	31
chrX	153584592	153584597	HGSV_257986	N	<INS>	<INS>	INS	52	PASS	0.007253	INFO_AF	HG02126	HG02128	HG02127	0/1	0/0	0/0	1	999	999
